Processing sticky (board: esp32-s3-devkitc1-n16r8; platform: https://github.com/pioarduino/platform-espressif32/releases/download/55.03.37/platform-espressif32.zip; framework: arduino)
--------------------------------------------------------------------------------
Platform Manager: Installing https://github.com/pioarduino/platform-espressif32/releases/download/55.03.37/platform-espressif32.zip
Downloading 0% 10% 20% 30% 40% 50% 60% 70% 80% 90% 100%
Unpacking 0% 10% 20% 30% 40% 50% 60% 70% 80% 90% 100%
Platform Manager: espressif32@55.3.37 has been installed!
Tool Manager: Installing https://github.com/pioarduino/esp_install/releases/download/v5.3.4/esp_install-v5.3.4.zip
Downloading 0% 10%
Unpacking 0% 10% 20% 30% 40% 50% 60% 70% 80% 90% 100%
Tool Manager: tool-esp_install@5.3.4 has been installed!
Created pioarduino Python virtual environment using uv: /home/runner/.platformio/penv
Tool Manager: Installing https://github.com/espressif/arduino-esp32/releases/download/3.3.7/esp32-core-3.3.7.tar.xz
Downloading 0% 10% 20% 30% 40% 50% 60% 70% 80% 90% 100%
Unpacking 0% 10% 20% 30% 40% 50% 60% 70% 80% 90% 100%
Tool Manager: framework-arduinoespressif32@3.3.7 has been installed!
Tool Manager: Installing https://github.com/espressif/arduino-esp32/releases/download/3.3.7/esp32-core-3.3.7-libs.tar.xz
Downloading 0% 10% 20% 30% 40% 50% 60% 70% 80% 90% 100%
Unpacking 0% 10% 20% 30% 40% 50% 60% 70% 80% 90% 100%
Tool Manager: framework-arduinoespressif32-libs@5.5.0+sha.87912cd291 has been installed!
Tool Manager: Installing https://github.com/pioarduino/esp-idf/releases/download/v5.5.2.260206/esp-idf-v5.5.2.tar.xz
Downloading 0% 10% 20% 30% 40% 50% 60% 70% 80% 90% 100%
Unpacking 0% 10% 20% 30% 40% 50% 60% 70% 80% 90% 100%
Tool Manager: framework-espidf@3.50502.0 has been installed!
Tool Manager: Installing https://github.com/pioarduino/registry/releases/download/0.0.1/xtensa-esp-elf-14.2.0_20251107.zip
Downloading 0% 10%
Unpacking 0% 10% 20%
Tool Manager: toolchain-xtensa-esp-elf@14.2.0+20251107 has been installed!
Tool Manager: Installing https://github.com/pioarduino/registry/releases/download/0.0.1/esptoolpy-v5.1.2.zip
Downloading 0% 10%
Unpacking 0% 10% 20%
Tool Manager: tool-esptoolpy@5.1.2 has been installed!
Tool Manager: Installing https://github.com/pioarduino/registry/releases/download/0.0.1/contrib-piohome-3.4.4.tar.gz
Downloading 0% 10% 20% 30% 40% 50% 60% 70% 80%
Unpacking 0% 10% 20% 30% 40% 50% 60% 70% 80% 90% 100%
Tool Manager: contrib-piohome@3.4.4 has been installed!
Tool Manager: Installing https://github.com/pioarduino/registry/releases/download/0.0.1/cppcheck-v2.11.0-230717.zip
Downloading 0% 10%
Unpacking 0% 10% 20%
Tool Manager: tool-cppcheck@2.11.0+230717 has been installed!
Tool Manager: Installing https://github.com/pioarduino/registry/releases/download/0.0.1/cmake-4.0.3.zip
Downloading 0% 10%
Unpacking 0% 10% 20%
Tool Manager: tool-cmake@4.0.3 has been installed!
Tool Manager: Installing https://github.com/pioarduino/registry/releases/download/0.0.1/esp-rom-elfs-20241011.zip
Downloading 0% 10% 20% 30% 40% 50% 60% 70% 80% 90% 100%
Unpacking 0% 10% 20% 30% 40% 50% 60% 70% 80% 90% 100%
Tool Manager: tool-esp-rom-elfs@2024.10.11 has been installed!
Tool Manager: Installing https://github.com/pioarduino/registry/releases/download/0.0.1/ninja-1.13.1.zip
Downloading 0% 10%
Unpacking 0% 10% 20%
Tool Manager: tool-ninja@1.13.1 has been installed!
Tool Manager: Installing https://github.com/pioarduino/registry/releases/download/0.0.1/scons-4.8.1.zip
Downloading 0% 10%
Unpacking 0% 10% 20%
Tool Manager: tool-scons@4.40801.0 has been installed!
Tool Manager: Installing https://github.com/pioarduino/scons/releases/download/4.8.1/scons-local-4.8.1.tar.gz
Downloading 0% 10% 20% 30% 40%
Unpacking 0% 10% 20% 30% 40% 50% 60% 70% 80% 90% 100%
Tool Manager: tool-scons@4.40801.0 has been installed!
Library Manager: Installing symlink://freeink-sdk/libs/hardware/BatteryMonitor
Library Manager: BatteryMonitor@2.0.0 has been installed!
Library Manager: Installing symlink://freeink-sdk/libs/hardware/InputManager
Library Manager: InputManager@2.0.0 has been installed!
Library Manager: Installing symlink://freeink-sdk/libs/display/FreeInkDisplay
Library Manager: EInkDisplay@2.0.0 has been installed!
Library Manager: Installing symlink://freeink-sdk/libs/hardware/SDCardManager
Library Manager: SDCardManager@2.0.0 has been installed!
Library Manager: Resolving dependencies...
Library Manager: Installing greiman/SdFat @ ^2.3.1
Downloading 0% 10% 20%
Unpacking 0% 10% 20% 30% 40% 50% 60% 70% 80% 90% 100%
Library Manager: SdFat@2.3.1 has been installed!
Library Manager: Installing symlink://freeink-sdk/libs/hardware/BoardConfig
Library Manager: BoardConfig@2.0.0 has been installed!
Library Manager: Installing symlink://freeink-sdk/libs/hardware/PowerManager
Library Manager: PowerManager@1.0.0 has been installed!
Library Manager: Installing symlink://freeink-sdk/libs/hardware/Rtc
Library Manager: Rtc@1.0.0 has been installed!
Library Manager: Installing symlink://freeink-sdk/libs/hardware/Imu
Library Manager: Imu@1.0.0 has been installed!
Library Manager: Installing symlink://freeink-sdk/libs/network/SecureNet
Library Manager: SecureNet@1.0.0 has been installed!
Library Manager: Installing symlink://freeink-sdk/libs/ui/FreeInkUI
Library Manager: FreeInkUI@0.1.0 has been installed!
Library Manager: Installing symlink://freeink-sdk/libs/assets/Icons
Library Manager: Icons@1.0.0 has been installed!
Library Manager: Installing bblanchon/ArduinoJson @ 7.4.2
Downloading 0% 10%
Unpacking 0% 10% 20% 30% 40% 50% 60% 70% 80% 90% 100%
Library Manager: ArduinoJson@7.4.2 has been installed!
Library Manager: Installing ricmoo/QRCode @ 0.0.1
Downloading 0% 10%
Unpacking 0% 10% 20% 30% 40% 50% 60% 70% 80%
Library Manager: QRCode@0.0.1 has been installed!
Library Manager: Installing bitbank2/PNGdec @ 1.1.6
Downloading 0% 10% 20% 30% 40% 50% 60%
Unpacking 0% 10% 20% 30% 40% 50% 60% 70% 80% 90% 100%
Library Manager: PNGdec@1.1.6 has been installed!
Library Manager: Installing git+https://github.com/bitbank2/JPEGDEC.git#86282979224c8a32fd51e091ed5a35b0c699a52b
git version 2.55.0
Initialized empty Git repository in /home/runner/.platformio/.cache/tmp/pkg-installing-g9322s42/.git/
HEAD is now at 8628297 Fixed 2 issues which occur when decoding progressive images
Library Manager: JPEGDEC@1.2.7+sha.8628297 has been installed!
Library Manager: Installing links2004/WebSockets @ 2.7.3
Downloading 0% 10% 20%
Unpacking 0% 10% 20% 30% 40% 50% 60% 70% 80% 90% 100%
Library Manager: WebSockets@2.7.3 has been installed!
Library Manager: Installing wolfssl/Arduino-wolfSSL @ 5.7.2
Downloading 0% 10% 20% 30% 40% 50% 60% 70% 80% 90% 100%
Unpacking 0% 10% 20% 30% 40% 50% 60% 70% 80% 90% 100%
Library Manager: Arduino-wolfSSL@5.7.2 has been installed!
Tool Manager: Installing file:///home/runner/.platformio/tools/tool-esptoolpy
Tool Manager: tool-esptoolpy@5.1.2 has been installed!
Tool Manager: Installing file:///home/runner/.platformio/tools/toolchain-xtensa-esp-elf
Tool Manager: toolchain-xtensa-esp-elf@14.2.0+20251107 has been installed!
Tool Manager: Installing file:///home/runner/.platformio/tools/tool-cmake
Tool Manager: tool-cmake@4.0.3 has been installed!
Tool Manager: Installing file:///home/runner/.platformio/tools/tool-ninja
Tool Manager: tool-ninja@1.13.1 has been installed!
Tool Manager: Installing file:///home/runner/.platformio/tools/tool-esp-rom-elfs
Tool Manager: tool-esp-rom-elfs@2024.10.11 has been installed!
Tool Manager: Installing file:///home/runner/.platformio/tools/tool-cppcheck
Tool Manager: tool-cppcheck@2.11.0+230717 has been installed!
Verbose mode can be enabled via `-v, --verbose` option
Installed esptool from tl-install path: /home/runner/.platformio/packages/tool-esptoolpy
Patched wolfSSL settings: .pio/libdeps/sticky/Arduino-wolfSSL/src/user_settings.h
Generated: src/network/html/SettingsPageHtml.generated.h
  Original: 19172 bytes
  Minified: 19059 bytes (99.4%)
  Compressed: 4918 bytes (25.7%)
Generated: src/network/html/ApHomePageHtml.generated.h
  Original: 4424 bytes
  Minified: 4405 bytes (99.6%)
  Compressed: 1905 bytes (43.1%)
Generated: src/network/html/FontsPageHtml.generated.h
  Original: 16703 bytes
  Minified: 16533 bytes (99.0%)
  Compressed: 4791 bytes (28.7%)
Generated: src/network/html/HomePageHtml.generated.h
  Original: 15006 bytes
  Minified: 14397 bytes (95.9%)
  Compressed: 3977 bytes (26.5%)
Generated: src/network/html/FilesPageHtml.generated.h
  Original: 202928 bytes
  Minified: 199116 bytes (98.1%)
  Compressed: 45492 bytes (22.4%)
Generated: src/network/html/js/jszip_minJs.generated.h
  Original: 97630 bytes
  Minified: 97630 bytes (100.0%)
  Compressed: 28379 bytes (29.1%)
Running i18n generation script from PlatformIO...
Reading translations from: lib/I18n/translations
Output directory: lib/I18n/

  WARNING: DE has keys not in English: STR_AUTHOR, STR_CHARGING, STR_CHIP, STR_CPU, STR_FILE_SIZE, STR_FLASH_USED, STR_FREE_RAM, STR_FW_VERSION, STR_GATHERING_DATA, STR_INFO, STR_LOAD_EPUB_FAILED, STR_LOAD_XTC_FAILED, STR_MAPPING_LOCAL, STR_MAPPING_REMOTE, STR_MAX_BLOCK, STR_MHZ, STR_MIN_FREE, STR_PAGE_OVERLAY, STR_READING, STR_RECENTS, STR_REGISTER, STR_REGISTERING, STR_REGISTER_FAILED, STR_REGISTER_SUCCESS, STR_REMOVE, STR_SERIES, STR_SLEEP_COVER_OVERLAY, STR_SYSTEM_INFO, STR_UPTIME
  WARNING: PL has keys not in English: STR_DOWNLOAD_FONTS, STR_FONT_DOWNLOAD
  WARNING: HE has keys not in English: STR_ALL_FONTS_INSTALLED, STR_CONFIRM_DOWNLOAD_PROMPT, STR_FILES_LABEL, STR_REDOWNLOAD, STR_SD_CARD_FULL, STR_SIZE_LABEL
  WARNING: NB has keys not in English: STR_SLEEP_TIMER_STEP_HINT
  INFO: 'STR_RESUME' missing in FR, using English fallback
  INFO: 'STR_RESUME' missing in DE, using English fallback
  INFO: 'STR_RESUME' missing in CS, using English fallback
  INFO: 'STR_RESUME' missing in PT, using English fallback
  INFO: 'STR_RESUME' missing in RU, using English fallback
  INFO: 'STR_RESUME' missing in RO, using English fallback
  INFO: 'STR_RESUME' missing in UK, using English fallback
  INFO: 'STR_RESUME' missing in BE, using English fallback
  INFO: 'STR_RESUME' missing in PL, using English fallback
  INFO: 'STR_RESUME' missing in FI, using English fallback
  INFO: 'STR_RESUME' missing in DA, using English fallback
  INFO: 'STR_RESUME' missing in NL, using English fallback
  INFO: 'STR_RESUME' missing in TR, using English fallback
  INFO: 'STR_RESUME' missing in KK, using English fallback
  INFO: 'STR_RESUME' missing in HU, using English fallback
  INFO: 'STR_RESUME' missing in LT, using English fallback
  INFO: 'STR_RESUME' missing in SI, using English fallback
  INFO: 'STR_RESUME' missing in HE, using English fallback
  INFO: 'STR_RESUME' missing in SK, using English fallback
  INFO: 'STR_RESUME' missing in NB, using English fallback
  INFO: 'STR_RESUME' missing in P2, using English fallback
  INFO: 'STR_RESUME' missing in AR, using English fallback
  INFO: 'STR_RESUME' missing in BS, using English fallback
  INFO: 'STR_INDEX_FAILED' missing in FR, using English fallback
  INFO: 'STR_INDEX_FAILED' missing in DE, using English fallback
  INFO: 'STR_INDEX_FAILED' missing in CS, using English fallback
  INFO: 'STR_INDEX_FAILED' missing in PT, using English fallback
  INFO: 'STR_INDEX_FAILED' missing in RU, using English fallback
  INFO: 'STR_INDEX_FAILED' missing in RO, using English fallback
  INFO: 'STR_INDEX_FAILED' missing in UK, using English fallback
  INFO: 'STR_INDEX_FAILED' missing in BE, using English fallback
  INFO: 'STR_INDEX_FAILED' missing in PL, using English fallback
  INFO: 'STR_INDEX_FAILED' missing in FI, using English fallback
  INFO: 'STR_INDEX_FAILED' missing in DA, using English fallback
  INFO: 'STR_INDEX_FAILED' missing in NL, using English fallback
  INFO: 'STR_INDEX_FAILED' missing in KK, using English fallback
  INFO: 'STR_INDEX_FAILED' missing in LT, using English fallback
  INFO: 'STR_INDEX_FAILED' missing in SI, using English fallback
  INFO: 'STR_INDEX_FAILED' missing in HE, using English fallback
  INFO: 'STR_INDEX_FAILED' missing in SK, using English fallback
  INFO: 'STR_INDEX_FAILED' missing in NB, using English fallback
  INFO: 'STR_INDEX_FAILED' missing in P2, using English fallback
  INFO: 'STR_FILE_OPEN_FAILED' missing in ES, using English fallback
  INFO: 'STR_FILE_OPEN_FAILED' missing in FR, using English fallback
  INFO: 'STR_FILE_OPEN_FAILED' missing in DE, using English fallback
  INFO: 'STR_FILE_OPEN_FAILED' missing in CS, using English fallback
  INFO: 'STR_FILE_OPEN_FAILED' missing in PT, using English fallback
  INFO: 'STR_FILE_OPEN_FAILED' missing in RU, using English fallback
  INFO: 'STR_FILE_OPEN_FAILED' missing in SV, using English fallback
  INFO: 'STR_FILE_OPEN_FAILED' missing in RO, using English fallback
  INFO: 'STR_FILE_OPEN_FAILED' missing in CA, using English fallback
  INFO: 'STR_FILE_OPEN_FAILED' missing in UK, using English fallback
  INFO: 'STR_FILE_OPEN_FAILED' missing in BE, using English fallback
  INFO: 'STR_FILE_OPEN_FAILED' missing in IT, using English fallback
  INFO: 'STR_FILE_OPEN_FAILED' missing in PL, using English fallback
  INFO: 'STR_FILE_OPEN_FAILED' missing in FI, using English fallback
  INFO: 'STR_FILE_OPEN_FAILED' missing in DA, using English fallback
  INFO: 'STR_FILE_OPEN_FAILED' missing in NL, using English fallback
  INFO: 'STR_FILE_OPEN_FAILED' missing in TR, using English fallback
  INFO: 'STR_FILE_OPEN_FAILED' missing in KK, using English fallback
  INFO: 'STR_FILE_OPEN_FAILED' missing in HU, using English fallback
  INFO: 'STR_FILE_OPEN_FAILED' missing in LT, using English fallback
  INFO: 'STR_FILE_OPEN_FAILED' missing in SI, using English fallback
  INFO: 'STR_FILE_OPEN_FAILED' missing in CAV, using English fallback
  INFO: 'STR_FILE_OPEN_FAILED' missing in HE, using English fallback
  INFO: 'STR_FILE_OPEN_FAILED' missing in SK, using English fallback
  INFO: 'STR_FILE_OPEN_FAILED' missing in VI, using English fallback
  INFO: 'STR_FILE_OPEN_FAILED' missing in NB, using English fallback
  INFO: 'STR_FILE_OPEN_FAILED' missing in P2, using English fallback
  INFO: 'STR_FILE_OPEN_FAILED' missing in AR, using English fallback
  INFO: 'STR_FILE_OPEN_FAILED' missing in BS, using English fallback
  INFO: 'STR_FILE_OPEN_FAILED' missing in ID, using English fallback
  INFO: 'STR_INVALID_BMP_FILE' missing in ES, using English fallback
  INFO: 'STR_INVALID_BMP_FILE' missing in FR, using English fallback
  INFO: 'STR_INVALID_BMP_FILE' missing in DE, using English fallback
  INFO: 'STR_INVALID_BMP_FILE' missing in CS, using English fallback
  INFO: 'STR_INVALID_BMP_FILE' missing in PT, using English fallback
  INFO: 'STR_INVALID_BMP_FILE' missing in RU, using English fallback
  INFO: 'STR_INVALID_BMP_FILE' missing in SV, using English fallback
  INFO: 'STR_INVALID_BMP_FILE' missing in RO, using English fallback
  INFO: 'STR_INVALID_BMP_FILE' missing in CA, using English fallback
  INFO: 'STR_INVALID_BMP_FILE' missing in UK, using English fallback
  INFO: 'STR_INVALID_BMP_FILE' missing in BE, using English fallback
  INFO: 'STR_INVALID_BMP_FILE' missing in IT, using English fallback
  INFO: 'STR_INVALID_BMP_FILE' missing in PL, using English fallback
  INFO: 'STR_INVALID_BMP_FILE' missing in FI, using English fallback
  INFO: 'STR_INVALID_BMP_FILE' missing in DA, using English fallback
  INFO: 'STR_INVALID_BMP_FILE' missing in NL, using English fallback
  INFO: 'STR_INVALID_BMP_FILE' missing in TR, using English fallback
  INFO: 'STR_INVALID_BMP_FILE' missing in KK, using English fallback
  INFO: 'STR_INVALID_BMP_FILE' missing in HU, using English fallback
  INFO: 'STR_INVALID_BMP_FILE' missing in LT, using English fallback
  INFO: 'STR_INVALID_BMP_FILE' missing in SI, using English fallback
  INFO: 'STR_INVALID_BMP_FILE' missing in CAV, using English fallback
  INFO: 'STR_INVALID_BMP_FILE' missing in HE, using English fallback
  INFO: 'STR_INVALID_BMP_FILE' missing in SK, using English fallback
  INFO: 'STR_INVALID_BMP_FILE' missing in VI, using English fallback
  INFO: 'STR_INVALID_BMP_FILE' missing in NB, using English fallback
  INFO: 'STR_INVALID_BMP_FILE' missing in P2, using English fallback
  INFO: 'STR_INVALID_BMP_FILE' missing in AR, using English fallback
  INFO: 'STR_INVALID_BMP_FILE' missing in BS, using English fallback
  INFO: 'STR_INVALID_BMP_FILE' missing in ID, using English fallback
  INFO: 'STR_INVALID_IMAGE_SIZE' missing in ES, using English fallback
  INFO: 'STR_INVALID_IMAGE_SIZE' missing in FR, using English fallback
  INFO: 'STR_INVALID_IMAGE_SIZE' missing in DE, using English fallback
  INFO: 'STR_INVALID_IMAGE_SIZE' missing in CS, using English fallback
  INFO: 'STR_INVALID_IMAGE_SIZE' missing in PT, using English fallback
  INFO: 'STR_INVALID_IMAGE_SIZE' missing in RU, using English fallback
  INFO: 'STR_INVALID_IMAGE_SIZE' missing in SV, using English fallback
  INFO: 'STR_INVALID_IMAGE_SIZE' missing in RO, using English fallback
  INFO: 'STR_INVALID_IMAGE_SIZE' missing in CA, using English fallback
  INFO: 'STR_INVALID_IMAGE_SIZE' missing in UK, using English fallback
  INFO: 'STR_INVALID_IMAGE_SIZE' missing in BE, using English fallback
  INFO: 'STR_INVALID_IMAGE_SIZE' missing in IT, using English fallback
  INFO: 'STR_INVALID_IMAGE_SIZE' missing in PL, using English fallback
  INFO: 'STR_INVALID_IMAGE_SIZE' missing in FI, using English fallback
  INFO: 'STR_INVALID_IMAGE_SIZE' missing in DA, using English fallback
  INFO: 'STR_INVALID_IMAGE_SIZE' missing in NL, using English fallback
  INFO: 'STR_INVALID_IMAGE_SIZE' missing in TR, using English fallback
  INFO: 'STR_INVALID_IMAGE_SIZE' missing in KK, using English fallback
  INFO: 'STR_INVALID_IMAGE_SIZE' missing in HU, using English fallback
  INFO: 'STR_INVALID_IMAGE_SIZE' missing in LT, using English fallback
  INFO: 'STR_INVALID_IMAGE_SIZE' missing in SI, using English fallback
  INFO: 'STR_INVALID_IMAGE_SIZE' missing in CAV, using English fallback
  INFO: 'STR_INVALID_IMAGE_SIZE' missing in HE, using English fallback
  INFO: 'STR_INVALID_IMAGE_SIZE' missing in SK, using English fallback
  INFO: 'STR_INVALID_IMAGE_SIZE' missing in VI, using English fallback
  INFO: 'STR_INVALID_IMAGE_SIZE' missing in NB, using English fallback
  INFO: 'STR_INVALID_IMAGE_SIZE' missing in P2, using English fallback
  INFO: 'STR_INVALID_IMAGE_SIZE' missing in AR, using English fallback
  INFO: 'STR_INVALID_IMAGE_SIZE' missing in BS, using English fallback
  INFO: 'STR_INVALID_IMAGE_SIZE' missing in ID, using English fallback
  INFO: 'STR_UNSUPPORTED_IMAGE_FORMAT' missing in ES, using English fallback
  INFO: 'STR_UNSUPPORTED_IMAGE_FORMAT' missing in FR, using English fallback
  INFO: 'STR_UNSUPPORTED_IMAGE_FORMAT' missing in DE, using English fallback
  INFO: 'STR_UNSUPPORTED_IMAGE_FORMAT' missing in CS, using English fallback
  INFO: 'STR_UNSUPPORTED_IMAGE_FORMAT' missing in PT, using English fallback
  INFO: 'STR_UNSUPPORTED_IMAGE_FORMAT' missing in RU, using English fallback
  INFO: 'STR_UNSUPPORTED_IMAGE_FORMAT' missing in SV, using English fallback
  INFO: 'STR_UNSUPPORTED_IMAGE_FORMAT' missing in RO, using English fallback
  INFO: 'STR_UNSUPPORTED_IMAGE_FORMAT' missing in CA, using English fallback
  INFO: 'STR_UNSUPPORTED_IMAGE_FORMAT' missing in UK, using English fallback
  INFO: 'STR_UNSUPPORTED_IMAGE_FORMAT' missing in BE, using English fallback
  INFO: 'STR_UNSUPPORTED_IMAGE_FORMAT' missing in IT, using English fallback
  INFO: 'STR_UNSUPPORTED_IMAGE_FORMAT' missing in PL, using English fallback
  INFO: 'STR_UNSUPPORTED_IMAGE_FORMAT' missing in FI, using English fallback
  INFO: 'STR_UNSUPPORTED_IMAGE_FORMAT' missing in DA, using English fallback
  INFO: 'STR_UNSUPPORTED_IMAGE_FORMAT' missing in NL, using English fallback
  INFO: 'STR_UNSUPPORTED_IMAGE_FORMAT' missing in TR, using English fallback
  INFO: 'STR_UNSUPPORTED_IMAGE_FORMAT' missing in KK, using English fallback
  INFO: 'STR_UNSUPPORTED_IMAGE_FORMAT' missing in HU, using English fallback
  INFO: 'STR_UNSUPPORTED_IMAGE_FORMAT' missing in LT, using English fallback
  INFO: 'STR_UNSUPPORTED_IMAGE_FORMAT' missing in SI, using English fallback
  INFO: 'STR_UNSUPPORTED_IMAGE_FORMAT' missing in CAV, using English fallback
  INFO: 'STR_UNSUPPORTED_IMAGE_FORMAT' missing in HE, using English fallback
  INFO: 'STR_UNSUPPORTED_IMAGE_FORMAT' missing in SK, using English fallback
  INFO: 'STR_UNSUPPORTED_IMAGE_FORMAT' missing in VI, using English fallback
  INFO: 'STR_UNSUPPORTED_IMAGE_FORMAT' missing in NB, using English fallback
  INFO: 'STR_UNSUPPORTED_IMAGE_FORMAT' missing in P2, using English fallback
  INFO: 'STR_UNSUPPORTED_IMAGE_FORMAT' missing in AR, using English fallback
  INFO: 'STR_UNSUPPORTED_IMAGE_FORMAT' missing in BS, using English fallback
  INFO: 'STR_UNSUPPORTED_IMAGE_FORMAT' missing in ID, using English fallback
  INFO: 'STR_LOOKUP' missing in FR, using English fallback
  INFO: 'STR_LOOKUP' missing in DE, using English fallback
  INFO: 'STR_LOOKUP' missing in CS, using English fallback
  INFO: 'STR_LOOKUP' missing in PT, using English fallback
  INFO: 'STR_LOOKUP' missing in RU, using English fallback
  INFO: 'STR_LOOKUP' missing in RO, using English fallback
  INFO: 'STR_LOOKUP' missing in UK, using English fallback
  INFO: 'STR_LOOKUP' missing in BE, using English fallback
  INFO: 'STR_LOOKUP' missing in PL, using English fallback
  INFO: 'STR_LOOKUP' missing in FI, using English fallback
  INFO: 'STR_LOOKUP' missing in DA, using English fallback
  INFO: 'STR_LOOKUP' missing in NL, using English fallback
  INFO: 'STR_LOOKUP' missing in TR, using English fallback
  INFO: 'STR_LOOKUP' missing in KK, using English fallback
  INFO: 'STR_LOOKUP' missing in HU, using English fallback
  INFO: 'STR_LOOKUP' missing in LT, using English fallback
  INFO: 'STR_LOOKUP' missing in SI, using English fallback
  INFO: 'STR_LOOKUP' missing in HE, using English fallback
  INFO: 'STR_LOOKUP' missing in SK, using English fallback
  INFO: 'STR_LOOKUP' missing in NB, using English fallback
  INFO: 'STR_LOOKUP' missing in P2, using English fallback
  INFO: 'STR_LOOKUP' missing in AR, using English fallback
  INFO: 'STR_LOOKUP' missing in BS, using English fallback
  INFO: 'STR_DICT_LOOKING_UP' missing in FR, using English fallback
  INFO: 'STR_DICT_LOOKING_UP' missing in DE, using English fallback
  INFO: 'STR_DICT_LOOKING_UP' missing in CS, using English fallback
  INFO: 'STR_DICT_LOOKING_UP' missing in PT, using English fallback
  INFO: 'STR_DICT_LOOKING_UP' missing in RU, using English fallback
  INFO: 'STR_DICT_LOOKING_UP' missing in RO, using English fallback
  INFO: 'STR_DICT_LOOKING_UP' missing in UK, using English fallback
  INFO: 'STR_DICT_LOOKING_UP' missing in BE, using English fallback
  INFO: 'STR_DICT_LOOKING_UP' missing in PL, using English fallback
  INFO: 'STR_DICT_LOOKING_UP' missing in FI, using English fallback
  INFO: 'STR_DICT_LOOKING_UP' missing in DA, using English fallback
  INFO: 'STR_DICT_LOOKING_UP' missing in NL, using English fallback
  INFO: 'STR_DICT_LOOKING_UP' missing in TR, using English fallback
  INFO: 'STR_DICT_LOOKING_UP' missing in KK, using English fallback
  INFO: 'STR_DICT_LOOKING_UP' missing in HU, using English fallback
  INFO: 'STR_DICT_LOOKING_UP' missing in LT, using English fallback
  INFO: 'STR_DICT_LOOKING_UP' missing in SI, using English fallback
  INFO: 'STR_DICT_LOOKING_UP' missing in HE, using English fallback
  INFO: 'STR_DICT_LOOKING_UP' missing in SK, using English fallback
  INFO: 'STR_DICT_LOOKING_UP' missing in NB, using English fallback
  INFO: 'STR_DICT_LOOKING_UP' missing in P2, using English fallback
  INFO: 'STR_DICT_LOOKING_UP' missing in AR, using English fallback
  INFO: 'STR_DICT_LOOKING_UP' missing in BS, using English fallback
  INFO: 'STR_DICT_INDEXING' missing in FR, using English fallback
  INFO: 'STR_DICT_INDEXING' missing in DE, using English fallback
  INFO: 'STR_DICT_INDEXING' missing in CS, using English fallback
  INFO: 'STR_DICT_INDEXING' missing in PT, using English fallback
  INFO: 'STR_DICT_INDEXING' missing in RU, using English fallback
  INFO: 'STR_DICT_INDEXING' missing in RO, using English fallback
  INFO: 'STR_DICT_INDEXING' missing in UK, using English fallback
  INFO: 'STR_DICT_INDEXING' missing in BE, using English fallback
  INFO: 'STR_DICT_INDEXING' missing in PL, using English fallback
  INFO: 'STR_DICT_INDEXING' missing in FI, using English fallback
  INFO: 'STR_DICT_INDEXING' missing in DA, using English fallback
  INFO: 'STR_DICT_INDEXING' missing in NL, using English fallback
  INFO: 'STR_DICT_INDEXING' missing in TR, using English fallback
  INFO: 'STR_DICT_INDEXING' missing in KK, using English fallback
  INFO: 'STR_DICT_INDEXING' missing in HU, using English fallback
  INFO: 'STR_DICT_INDEXING' missing in LT, using English fallback
  INFO: 'STR_DICT_INDEXING' missing in SI, using English fallback
  INFO: 'STR_DICT_INDEXING' missing in HE, using English fallback
  INFO: 'STR_DICT_INDEXING' missing in SK, using English fallback
  INFO: 'STR_DICT_INDEXING' missing in NB, using English fallback
  INFO: 'STR_DICT_INDEXING' missing in P2, using English fallback
  INFO: 'STR_DICT_INDEXING' missing in AR, using English fallback
  INFO: 'STR_DICT_INDEXING' missing in BS, using English fallback
  INFO: 'STR_DICT_NOT_FOUND' missing in FR, using English fallback
  INFO: 'STR_DICT_NOT_FOUND' missing in DE, using English fallback
  INFO: 'STR_DICT_NOT_FOUND' missing in CS, using English fallback
  INFO: 'STR_DICT_NOT_FOUND' missing in PT, using English fallback
  INFO: 'STR_DICT_NOT_FOUND' missing in RU, using English fallback
  INFO: 'STR_DICT_NOT_FOUND' missing in RO, using English fallback
  INFO: 'STR_DICT_NOT_FOUND' missing in UK, using English fallback
  INFO: 'STR_DICT_NOT_FOUND' missing in BE, using English fallback
  INFO: 'STR_DICT_NOT_FOUND' missing in PL, using English fallback
  INFO: 'STR_DICT_NOT_FOUND' missing in FI, using English fallback
  INFO: 'STR_DICT_NOT_FOUND' missing in DA, using English fallback
  INFO: 'STR_DICT_NOT_FOUND' missing in NL, using English fallback
  INFO: 'STR_DICT_NOT_FOUND' missing in TR, using English fallback
  INFO: 'STR_DICT_NOT_FOUND' missing in KK, using English fallback
  INFO: 'STR_DICT_NOT_FOUND' missing in HU, using English fallback
  INFO: 'STR_DICT_NOT_FOUND' missing in LT, using English fallback
  INFO: 'STR_DICT_NOT_FOUND' missing in SI, using English fallback
  INFO: 'STR_DICT_NOT_FOUND' missing in HE, using English fallback
  INFO: 'STR_DICT_NOT_FOUND' missing in SK, using English fallback
  INFO: 'STR_DICT_NOT_FOUND' missing in NB, using English fallback
  INFO: 'STR_DICT_NOT_FOUND' missing in P2, using English fallback
  INFO: 'STR_DICT_NOT_FOUND' missing in AR, using English fallback
  INFO: 'STR_DICT_NOT_FOUND' missing in BS, using English fallback
  INFO: 'STR_DICT_NO_DICT_SET' missing in FR, using English fallback
  INFO: 'STR_DICT_NO_DICT_SET' missing in DE, using English fallback
  INFO: 'STR_DICT_NO_DICT_SET' missing in CS, using English fallback
  INFO: 'STR_DICT_NO_DICT_SET' missing in PT, using English fallback
  INFO: 'STR_DICT_NO_DICT_SET' missing in RU, using English fallback
  INFO: 'STR_DICT_NO_DICT_SET' missing in RO, using English fallback
  INFO: 'STR_DICT_NO_DICT_SET' missing in UK, using English fallback
  INFO: 'STR_DICT_NO_DICT_SET' missing in BE, using English fallback
  INFO: 'STR_DICT_NO_DICT_SET' missing in PL, using English fallback
  INFO: 'STR_DICT_NO_DICT_SET' missing in FI, using English fallback
  INFO: 'STR_DICT_NO_DICT_SET' missing in DA, using English fallback
  INFO: 'STR_DICT_NO_DICT_SET' missing in NL, using English fallback
  INFO: 'STR_DICT_NO_DICT_SET' missing in TR, using English fallback
  INFO: 'STR_DICT_NO_DICT_SET' missing in KK, using English fallback
  INFO: 'STR_DICT_NO_DICT_SET' missing in HU, using English fallback
  INFO: 'STR_DICT_NO_DICT_SET' missing in LT, using English fallback
  INFO: 'STR_DICT_NO_DICT_SET' missing in SI, using English fallback
  INFO: 'STR_DICT_NO_DICT_SET' missing in HE, using English fallback
  INFO: 'STR_DICT_NO_DICT_SET' missing in SK, using English fallback
  INFO: 'STR_DICT_NO_DICT_SET' missing in NB, using English fallback
  INFO: 'STR_DICT_NO_DICT_SET' missing in P2, using English fallback
  INFO: 'STR_DICT_NO_DICT_SET' missing in AR, using English fallback
  INFO: 'STR_DICT_NO_DICT_SET' missing in BS, using English fallback
  INFO: 'STR_DICT_ERROR' missing in FR, using English fallback
  INFO: 'STR_DICT_ERROR' missing in DE, using English fallback
  INFO: 'STR_DICT_ERROR' missing in CS, using English fallback
  INFO: 'STR_DICT_ERROR' missing in PT, using English fallback
  INFO: 'STR_DICT_ERROR' missing in RU, using English fallback
  INFO: 'STR_DICT_ERROR' missing in RO, using English fallback
  INFO: 'STR_DICT_ERROR' missing in UK, using English fallback
  INFO: 'STR_DICT_ERROR' missing in BE, using English fallback
  INFO: 'STR_DICT_ERROR' missing in PL, using English fallback
  INFO: 'STR_DICT_ERROR' missing in FI, using English fallback
  INFO: 'STR_DICT_ERROR' missing in DA, using English fallback
  INFO: 'STR_DICT_ERROR' missing in NL, using English fallback
  INFO: 'STR_DICT_ERROR' missing in TR, using English fallback
  INFO: 'STR_DICT_ERROR' missing in KK, using English fallback
  INFO: 'STR_DICT_ERROR' missing in HU, using English fallback
  INFO: 'STR_DICT_ERROR' missing in LT, using English fallback
  INFO: 'STR_DICT_ERROR' missing in SI, using English fallback
  INFO: 'STR_DICT_ERROR' missing in HE, using English fallback
  INFO: 'STR_DICT_ERROR' missing in SK, using English fallback
  INFO: 'STR_DICT_ERROR' missing in NB, using English fallback
  INFO: 'STR_DICT_ERROR' missing in P2, using English fallback
  INFO: 'STR_DICT_ERROR' missing in AR, using English fallback
  INFO: 'STR_DICT_ERROR' missing in BS, using English fallback
  INFO: 'STR_FINDING_SAVED_WIFI' missing in FR, using English fallback
  INFO: 'STR_FINDING_SAVED_WIFI' missing in DE, using English fallback
  INFO: 'STR_FINDING_SAVED_WIFI' missing in CS, using English fallback
  INFO: 'STR_FINDING_SAVED_WIFI' missing in PT, using English fallback
  INFO: 'STR_FINDING_SAVED_WIFI' missing in RU, using English fallback
  INFO: 'STR_FINDING_SAVED_WIFI' missing in RO, using English fallback
  INFO: 'STR_FINDING_SAVED_WIFI' missing in UK, using English fallback
  INFO: 'STR_FINDING_SAVED_WIFI' missing in BE, using English fallback
  INFO: 'STR_FINDING_SAVED_WIFI' missing in PL, using English fallback
  INFO: 'STR_FINDING_SAVED_WIFI' missing in FI, using English fallback
  INFO: 'STR_FINDING_SAVED_WIFI' missing in DA, using English fallback
  INFO: 'STR_FINDING_SAVED_WIFI' missing in NL, using English fallback
  INFO: 'STR_FINDING_SAVED_WIFI' missing in KK, using English fallback
  INFO: 'STR_FINDING_SAVED_WIFI' missing in LT, using English fallback
  INFO: 'STR_FINDING_SAVED_WIFI' missing in SI, using English fallback
  INFO: 'STR_FINDING_SAVED_WIFI' missing in HE, using English fallback
  INFO: 'STR_FINDING_SAVED_WIFI' missing in SK, using English fallback
  INFO: 'STR_FINDING_SAVED_WIFI' missing in NB, using English fallback
  INFO: 'STR_FINDING_SAVED_WIFI' missing in P2, using English fallback
  INFO: 'STR_CONNECTING_SAVED_WIFI' missing in FR, using English fallback
  INFO: 'STR_CONNECTING_SAVED_WIFI' missing in DE, using English fallback
  INFO: 'STR_CONNECTING_SAVED_WIFI' missing in CS, using English fallback
  INFO: 'STR_CONNECTING_SAVED_WIFI' missing in PT, using English fallback
  INFO: 'STR_CONNECTING_SAVED_WIFI' missing in RU, using English fallback
  INFO: 'STR_CONNECTING_SAVED_WIFI' missing in RO, using English fallback
  INFO: 'STR_CONNECTING_SAVED_WIFI' missing in UK, using English fallback
  INFO: 'STR_CONNECTING_SAVED_WIFI' missing in BE, using English fallback
  INFO: 'STR_CONNECTING_SAVED_WIFI' missing in PL, using English fallback
  INFO: 'STR_CONNECTING_SAVED_WIFI' missing in FI, using English fallback
  INFO: 'STR_CONNECTING_SAVED_WIFI' missing in DA, using English fallback
  INFO: 'STR_CONNECTING_SAVED_WIFI' missing in NL, using English fallback
  INFO: 'STR_CONNECTING_SAVED_WIFI' missing in KK, using English fallback
  INFO: 'STR_CONNECTING_SAVED_WIFI' missing in LT, using English fallback
  INFO: 'STR_CONNECTING_SAVED_WIFI' missing in SI, using English fallback
  INFO: 'STR_CONNECTING_SAVED_WIFI' missing in HE, using English fallback
  INFO: 'STR_CONNECTING_SAVED_WIFI' missing in SK, using English fallback
  INFO: 'STR_CONNECTING_SAVED_WIFI' missing in NB, using English fallback
  INFO: 'STR_CONNECTING_SAVED_WIFI' missing in P2, using English fallback
  INFO: 'STR_SHOW_NETWORKS' missing in FR, using English fallback
  INFO: 'STR_SHOW_NETWORKS' missing in DE, using English fallback
  INFO: 'STR_SHOW_NETWORKS' missing in CS, using English fallback
  INFO: 'STR_SHOW_NETWORKS' missing in PT, using English fallback
  INFO: 'STR_SHOW_NETWORKS' missing in RU, using English fallback
  INFO: 'STR_SHOW_NETWORKS' missing in RO, using English fallback
  INFO: 'STR_SHOW_NETWORKS' missing in UK, using English fallback
  INFO: 'STR_SHOW_NETWORKS' missing in BE, using English fallback
  INFO: 'STR_SHOW_NETWORKS' missing in PL, using English fallback
  INFO: 'STR_SHOW_NETWORKS' missing in FI, using English fallback
  INFO: 'STR_SHOW_NETWORKS' missing in DA, using English fallback
  INFO: 'STR_SHOW_NETWORKS' missing in NL, using English fallback
  INFO: 'STR_SHOW_NETWORKS' missing in KK, using English fallback
  INFO: 'STR_SHOW_NETWORKS' missing in LT, using English fallback
  INFO: 'STR_SHOW_NETWORKS' missing in SI, using English fallback
  INFO: 'STR_SHOW_NETWORKS' missing in HE, using English fallback
  INFO: 'STR_SHOW_NETWORKS' missing in SK, using English fallback
  INFO: 'STR_SHOW_NETWORKS' missing in NB, using English fallback
  INFO: 'STR_SHOW_NETWORKS' missing in P2, using English fallback
  INFO: 'STR_ADD_HIDDEN_NETWORK' missing in NB, using English fallback
  INFO: 'STR_ENTER_WIFI_SSID' missing in NB, using English fallback
  INFO: 'STR_TO_PREFIX' missing in KK, using English fallback
  INFO: 'STR_URL_PREFIX' missing in ES, using English fallback
  INFO: 'STR_URL_PREFIX' missing in FR, using English fallback
  INFO: 'STR_URL_PREFIX' missing in DE, using English fallback
  INFO: 'STR_URL_PREFIX' missing in CS, using English fallback
  INFO: 'STR_URL_PREFIX' missing in PT, using English fallback
  INFO: 'STR_URL_PREFIX' missing in RU, using English fallback
  INFO: 'STR_URL_PREFIX' missing in SV, using English fallback
  INFO: 'STR_URL_PREFIX' missing in RO, using English fallback
  INFO: 'STR_URL_PREFIX' missing in CA, using English fallback
  INFO: 'STR_URL_PREFIX' missing in UK, using English fallback
  INFO: 'STR_URL_PREFIX' missing in BE, using English fallback
  INFO: 'STR_URL_PREFIX' missing in IT, using English fallback
  INFO: 'STR_URL_PREFIX' missing in PL, using English fallback
  INFO: 'STR_URL_PREFIX' missing in FI, using English fallback
  INFO: 'STR_URL_PREFIX' missing in DA, using English fallback
  INFO: 'STR_URL_PREFIX' missing in NL, using English fallback
  INFO: 'STR_URL_PREFIX' missing in TR, using English fallback
  INFO: 'STR_URL_PREFIX' missing in KK, using English fallback
  INFO: 'STR_URL_PREFIX' missing in HU, using English fallback
  INFO: 'STR_URL_PREFIX' missing in LT, using English fallback
  INFO: 'STR_URL_PREFIX' missing in SI, using English fallback
  INFO: 'STR_URL_PREFIX' missing in CAV, using English fallback
  INFO: 'STR_URL_PREFIX' missing in HE, using English fallback
  INFO: 'STR_URL_PREFIX' missing in SK, using English fallback
  INFO: 'STR_URL_PREFIX' missing in VI, using English fallback
  INFO: 'STR_URL_PREFIX' missing in NB, using English fallback
  INFO: 'STR_URL_PREFIX' missing in P2, using English fallback
  INFO: 'STR_URL_PREFIX' missing in AR, using English fallback
  INFO: 'STR_URL_PREFIX' missing in BS, using English fallback
  INFO: 'STR_URL_PREFIX' missing in ID, using English fallback
  INFO: 'STR_TOKEN_PREFIX' missing in ES, using English fallback
  INFO: 'STR_TOKEN_PREFIX' missing in FR, using English fallback
  INFO: 'STR_TOKEN_PREFIX' missing in DE, using English fallback
  INFO: 'STR_TOKEN_PREFIX' missing in CS, using English fallback
  INFO: 'STR_TOKEN_PREFIX' missing in PT, using English fallback
  INFO: 'STR_TOKEN_PREFIX' missing in RU, using English fallback
  INFO: 'STR_TOKEN_PREFIX' missing in SV, using English fallback
  INFO: 'STR_TOKEN_PREFIX' missing in RO, using English fallback
  INFO: 'STR_TOKEN_PREFIX' missing in CA, using English fallback
  INFO: 'STR_TOKEN_PREFIX' missing in UK, using English fallback
  INFO: 'STR_TOKEN_PREFIX' missing in BE, using English fallback
  INFO: 'STR_TOKEN_PREFIX' missing in IT, using English fallback
  INFO: 'STR_TOKEN_PREFIX' missing in PL, using English fallback
  INFO: 'STR_TOKEN_PREFIX' missing in FI, using English fallback
  INFO: 'STR_TOKEN_PREFIX' missing in DA, using English fallback
  INFO: 'STR_TOKEN_PREFIX' missing in NL, using English fallback
  INFO: 'STR_TOKEN_PREFIX' missing in TR, using English fallback
  INFO: 'STR_TOKEN_PREFIX' missing in KK, using English fallback
  INFO: 'STR_TOKEN_PREFIX' missing in HU, using English fallback
  INFO: 'STR_TOKEN_PREFIX' missing in LT, using English fallback
  INFO: 'STR_TOKEN_PREFIX' missing in SI, using English fallback
  INFO: 'STR_TOKEN_PREFIX' missing in CAV, using English fallback
  INFO: 'STR_TOKEN_PREFIX' missing in HE, using English fallback
  INFO: 'STR_TOKEN_PREFIX' missing in SK, using English fallback
  INFO: 'STR_TOKEN_PREFIX' missing in VI, using English fallback
  INFO: 'STR_TOKEN_PREFIX' missing in NB, using English fallback
  INFO: 'STR_TOKEN_PREFIX' missing in P2, using English fallback
  INFO: 'STR_TOKEN_PREFIX' missing in AR, using English fallback
  INFO: 'STR_TOKEN_PREFIX' missing in BS, using English fallback
  INFO: 'STR_TOKEN_PREFIX' missing in ID, using English fallback
  INFO: 'STR_IMAGES' missing in CS, using English fallback
  INFO: 'STR_IMAGES' missing in FI, using English fallback
  INFO: 'STR_IMAGES_DISPLAY' missing in CS, using English fallback
  INFO: 'STR_IMAGES_DISPLAY' missing in FI, using English fallback
  INFO: 'STR_IMAGES_PLACEHOLDER' missing in CS, using English fallback
  INFO: 'STR_IMAGES_PLACEHOLDER' missing in FI, using English fallback
  INFO: 'STR_IMAGES_SUPPRESS' missing in CS, using English fallback
  INFO: 'STR_IMAGES_SUPPRESS' missing in FI, using English fallback
  INFO: 'STR_EOB_HOME' missing in FR, using English fallback
  INFO: 'STR_EOB_HOME' missing in DE, using English fallback
  INFO: 'STR_EOB_HOME' missing in CS, using English fallback
  INFO: 'STR_EOB_HOME' missing in PT, using English fallback
  INFO: 'STR_EOB_HOME' missing in RU, using English fallback
  INFO: 'STR_EOB_HOME' missing in RO, using English fallback
  INFO: 'STR_EOB_HOME' missing in UK, using English fallback
  INFO: 'STR_EOB_HOME' missing in BE, using English fallback
  INFO: 'STR_EOB_HOME' missing in PL, using English fallback
  INFO: 'STR_EOB_HOME' missing in FI, using English fallback
  INFO: 'STR_EOB_HOME' missing in DA, using English fallback
  INFO: 'STR_EOB_HOME' missing in NL, using English fallback
  INFO: 'STR_EOB_HOME' missing in KK, using English fallback
  INFO: 'STR_EOB_HOME' missing in LT, using English fallback
  INFO: 'STR_EOB_HOME' missing in SI, using English fallback
  INFO: 'STR_EOB_HOME' missing in HE, using English fallback
  INFO: 'STR_EOB_HOME' missing in SK, using English fallback
  INFO: 'STR_EOB_HOME' missing in NB, using English fallback
  INFO: 'STR_EOB_HOME' missing in P2, using English fallback
  INFO: 'STR_EOB_CONTINUE_WITH' missing in FR, using English fallback
  INFO: 'STR_EOB_CONTINUE_WITH' missing in DE, using English fallback
  INFO: 'STR_EOB_CONTINUE_WITH' missing in CS, using English fallback
  INFO: 'STR_EOB_CONTINUE_WITH' missing in PT, using English fallback
  INFO: 'STR_EOB_CONTINUE_WITH' missing in RU, using English fallback
  INFO: 'STR_EOB_CONTINUE_WITH' missing in RO, using English fallback
  INFO: 'STR_EOB_CONTINUE_WITH' missing in UK, using English fallback
  INFO: 'STR_EOB_CONTINUE_WITH' missing in BE, using English fallback
  INFO: 'STR_EOB_CONTINUE_WITH' missing in PL, using English fallback
  INFO: 'STR_EOB_CONTINUE_WITH' missing in FI, using English fallback
  INFO: 'STR_EOB_CONTINUE_WITH' missing in DA, using English fallback
  INFO: 'STR_EOB_CONTINUE_WITH' missing in NL, using English fallback
  INFO: 'STR_EOB_CONTINUE_WITH' missing in KK, using English fallback
  INFO: 'STR_EOB_CONTINUE_WITH' missing in LT, using English fallback
  INFO: 'STR_EOB_CONTINUE_WITH' missing in SI, using English fallback
  INFO: 'STR_EOB_CONTINUE_WITH' missing in HE, using English fallback
  INFO: 'STR_EOB_CONTINUE_WITH' missing in SK, using English fallback
  INFO: 'STR_EOB_CONTINUE_WITH' missing in NB, using English fallback
  INFO: 'STR_EOB_CONTINUE_WITH' missing in P2, using English fallback
  INFO: 'STR_TOUCH_READER_CONTROLS' missing in NB, using English fallback
  INFO: 'STR_TOUCH_READER_CONTROLS' missing in P2, using English fallback
  INFO: 'STR_TOUCH_READER_CONTROLS' missing in AR, using English fallback
  INFO: 'STR_TOUCH_READER_CONTROLS' missing in BS, using English fallback
  INFO: 'STR_LONG_PRESS_BEHAVIOR' missing in BE, using English fallback
  INFO: 'STR_LONG_PRESS_BEHAVIOR' missing in KK, using English fallback
  INFO: 'STR_LONG_PRESS_BEHAVIOR' missing in LT, using English fallback
  INFO: 'STR_LONG_PRESS_BEHAVIOR' missing in SI, using English fallback
  INFO: 'STR_LONG_PRESS_BEHAVIOR_OFF' missing in BE, using English fallback
  INFO: 'STR_LONG_PRESS_BEHAVIOR_OFF' missing in KK, using English fallback
  INFO: 'STR_LONG_PRESS_BEHAVIOR_OFF' missing in LT, using English fallback
  INFO: 'STR_LONG_PRESS_BEHAVIOR_OFF' missing in SI, using English fallback
  INFO: 'STR_LONG_PRESS_BEHAVIOR_SKIP' missing in BE, using English fallback
  INFO: 'STR_LONG_PRESS_BEHAVIOR_SKIP' missing in KK, using English fallback
  INFO: 'STR_LONG_PRESS_BEHAVIOR_SKIP' missing in LT, using English fallback
  INFO: 'STR_LONG_PRESS_BEHAVIOR_SKIP' missing in SI, using English fallback
  INFO: 'STR_LONG_PRESS_BEHAVIOR_ORIENTATION' missing in BE, using English fallback
  INFO: 'STR_LONG_PRESS_BEHAVIOR_ORIENTATION' missing in KK, using English fallback
  INFO: 'STR_LONG_PRESS_BEHAVIOR_ORIENTATION' missing in LT, using English fallback
  INFO: 'STR_LONG_PRESS_BEHAVIOR_ORIENTATION' missing in SI, using English fallback
  INFO: 'STR_LONG_PRESS_MENU' missing in FR, using English fallback
  INFO: 'STR_LONG_PRESS_MENU' missing in CS, using English fallback
  INFO: 'STR_LONG_PRESS_MENU' missing in RO, using English fallback
  INFO: 'STR_LONG_PRESS_MENU' missing in UK, using English fallback
  INFO: 'STR_LONG_PRESS_MENU' missing in BE, using English fallback
  INFO: 'STR_LONG_PRESS_MENU' missing in PL, using English fallback
  INFO: 'STR_LONG_PRESS_MENU' missing in FI, using English fallback
  INFO: 'STR_LONG_PRESS_MENU' missing in DA, using English fallback
  INFO: 'STR_LONG_PRESS_MENU' missing in NL, using English fallback
  INFO: 'STR_LONG_PRESS_MENU' missing in KK, using English fallback
  INFO: 'STR_LONG_PRESS_MENU' missing in LT, using English fallback
  INFO: 'STR_LONG_PRESS_MENU' missing in SI, using English fallback
  INFO: 'STR_LONG_PRESS_MENU' missing in SK, using English fallback
  INFO: 'STR_LONG_PRESS_MENU' missing in VI, using English fallback
  INFO: 'STR_TEXT_SETTINGS' missing in AR, using English fallback
  INFO: 'STR_TEXT_SETTINGS' missing in BS, using English fallback
  INFO: 'STR_TEXT_SETTINGS' missing in ID, using English fallback
  INFO: 'STR_FONT' missing in AR, using English fallback
  INFO: 'STR_FONT' missing in BS, using English fallback
  INFO: 'STR_FONT' missing in ID, using English fallback
  INFO: 'STR_SIZE' missing in AR, using English fallback
  INFO: 'STR_SIZE' missing in BS, using English fallback
  INFO: 'STR_SIZE' missing in ID, using English fallback
  INFO: 'STR_LAYOUT' missing in AR, using English fallback
  INFO: 'STR_LAYOUT' missing in BS, using English fallback
  INFO: 'STR_LAYOUT' missing in ID, using English fallback
  INFO: 'STR_ALIGNMENT' missing in AR, using English fallback
  INFO: 'STR_ALIGNMENT' missing in BS, using English fallback
  INFO: 'STR_ALIGNMENT' missing in ID, using English fallback
  INFO: 'STR_STYLE' missing in AR, using English fallback
  INFO: 'STR_STYLE' missing in BS, using English fallback
  INFO: 'STR_STYLE' missing in ID, using English fallback
  INFO: 'STR_NOT_IN_PREVIEW' missing in AR, using English fallback
  INFO: 'STR_NOT_IN_PREVIEW' missing in BS, using English fallback
  INFO: 'STR_NOT_IN_PREVIEW' missing in ID, using English fallback
  INFO: 'STR_SHOW_HIDDEN_FILES' missing in CS, using English fallback
  INFO: 'STR_SHOW_HIDDEN_FILES' missing in FI, using English fallback
  INFO: 'STR_SHOW_HIDDEN_FILES' missing in KK, using English fallback
  INFO: 'STR_SEND_METADATA' missing in NB, using English fallback
  INFO: 'STR_SYNC_BEHAVIOR' missing in FR, using English fallback
  INFO: 'STR_SYNC_BEHAVIOR' missing in DE, using English fallback
  INFO: 'STR_SYNC_BEHAVIOR' missing in CS, using English fallback
  INFO: 'STR_SYNC_BEHAVIOR' missing in PT, using English fallback
  INFO: 'STR_SYNC_BEHAVIOR' missing in RU, using English fallback
  INFO: 'STR_SYNC_BEHAVIOR' missing in RO, using English fallback
  INFO: 'STR_SYNC_BEHAVIOR' missing in UK, using English fallback
  INFO: 'STR_SYNC_BEHAVIOR' missing in BE, using English fallback
  INFO: 'STR_SYNC_BEHAVIOR' missing in PL, using English fallback
  INFO: 'STR_SYNC_BEHAVIOR' missing in FI, using English fallback
  INFO: 'STR_SYNC_BEHAVIOR' missing in DA, using English fallback
  INFO: 'STR_SYNC_BEHAVIOR' missing in NL, using English fallback
  INFO: 'STR_SYNC_BEHAVIOR' missing in TR, using English fallback
  INFO: 'STR_SYNC_BEHAVIOR' missing in KK, using English fallback
  INFO: 'STR_SYNC_BEHAVIOR' missing in HU, using English fallback
  INFO: 'STR_SYNC_BEHAVIOR' missing in LT, using English fallback
  INFO: 'STR_SYNC_BEHAVIOR' missing in SI, using English fallback
  INFO: 'STR_SYNC_BEHAVIOR' missing in HE, using English fallback
  INFO: 'STR_SYNC_BEHAVIOR' missing in SK, using English fallback
  INFO: 'STR_SYNC_BEHAVIOR' missing in VI, using English fallback
  INFO: 'STR_SYNC_BEHAVIOR' missing in NB, using English fallback
  INFO: 'STR_SYNC_BEHAVIOR' missing in P2, using English fallback
  INFO: 'STR_SYNC_BEHAVIOR' missing in AR, using English fallback
  INFO: 'STR_SYNC_BEHAVIOR' missing in BS, using English fallback
  INFO: 'STR_ASK_EVERY_TIME' missing in FR, using English fallback
  INFO: 'STR_ASK_EVERY_TIME' missing in DE, using English fallback
  INFO: 'STR_ASK_EVERY_TIME' missing in CS, using English fallback
  INFO: 'STR_ASK_EVERY_TIME' missing in PT, using English fallback
  INFO: 'STR_ASK_EVERY_TIME' missing in RU, using English fallback
  INFO: 'STR_ASK_EVERY_TIME' missing in RO, using English fallback
  INFO: 'STR_ASK_EVERY_TIME' missing in UK, using English fallback
  INFO: 'STR_ASK_EVERY_TIME' missing in BE, using English fallback
  INFO: 'STR_ASK_EVERY_TIME' missing in PL, using English fallback
  INFO: 'STR_ASK_EVERY_TIME' missing in FI, using English fallback
  INFO: 'STR_ASK_EVERY_TIME' missing in DA, using English fallback
  INFO: 'STR_ASK_EVERY_TIME' missing in NL, using English fallback
  INFO: 'STR_ASK_EVERY_TIME' missing in TR, using English fallback
  INFO: 'STR_ASK_EVERY_TIME' missing in KK, using English fallback
  INFO: 'STR_ASK_EVERY_TIME' missing in HU, using English fallback
  INFO: 'STR_ASK_EVERY_TIME' missing in LT, using English fallback
  INFO: 'STR_ASK_EVERY_TIME' missing in SI, using English fallback
  INFO: 'STR_ASK_EVERY_TIME' missing in HE, using English fallback
  INFO: 'STR_ASK_EVERY_TIME' missing in SK, using English fallback
  INFO: 'STR_ASK_EVERY_TIME' missing in VI, using English fallback
  INFO: 'STR_ASK_EVERY_TIME' missing in NB, using English fallback
  INFO: 'STR_ASK_EVERY_TIME' missing in P2, using English fallback
  INFO: 'STR_ASK_EVERY_TIME' missing in AR, using English fallback
  INFO: 'STR_ASK_EVERY_TIME' missing in BS, using English fallback
  INFO: 'STR_SMART_SYNC' missing in FR, using English fallback
  INFO: 'STR_SMART_SYNC' missing in DE, using English fallback
  INFO: 'STR_SMART_SYNC' missing in CS, using English fallback
  INFO: 'STR_SMART_SYNC' missing in PT, using English fallback
  INFO: 'STR_SMART_SYNC' missing in RU, using English fallback
  INFO: 'STR_SMART_SYNC' missing in RO, using English fallback
  INFO: 'STR_SMART_SYNC' missing in UK, using English fallback
  INFO: 'STR_SMART_SYNC' missing in BE, using English fallback
  INFO: 'STR_SMART_SYNC' missing in PL, using English fallback
  INFO: 'STR_SMART_SYNC' missing in FI, using English fallback
  INFO: 'STR_SMART_SYNC' missing in DA, using English fallback
  INFO: 'STR_SMART_SYNC' missing in NL, using English fallback
  INFO: 'STR_SMART_SYNC' missing in TR, using English fallback
  INFO: 'STR_SMART_SYNC' missing in KK, using English fallback
  INFO: 'STR_SMART_SYNC' missing in HU, using English fallback
  INFO: 'STR_SMART_SYNC' missing in LT, using English fallback
  INFO: 'STR_SMART_SYNC' missing in SI, using English fallback
  INFO: 'STR_SMART_SYNC' missing in HE, using English fallback
  INFO: 'STR_SMART_SYNC' missing in SK, using English fallback
  INFO: 'STR_SMART_SYNC' missing in VI, using English fallback
  INFO: 'STR_SMART_SYNC' missing in NB, using English fallback
  INFO: 'STR_SMART_SYNC' missing in P2, using English fallback
  INFO: 'STR_SMART_SYNC' missing in AR, using English fallback
  INFO: 'STR_SMART_SYNC' missing in BS, using English fallback
  INFO: 'STR_SIGN_UP' missing in FR, using English fallback
  INFO: 'STR_SIGN_UP' missing in DE, using English fallback
  INFO: 'STR_SIGN_UP' missing in CS, using English fallback
  INFO: 'STR_SIGN_UP' missing in PT, using English fallback
  INFO: 'STR_SIGN_UP' missing in RU, using English fallback
  INFO: 'STR_SIGN_UP' missing in RO, using English fallback
  INFO: 'STR_SIGN_UP' missing in UK, using English fallback
  INFO: 'STR_SIGN_UP' missing in BE, using English fallback
  INFO: 'STR_SIGN_UP' missing in PL, using English fallback
  INFO: 'STR_SIGN_UP' missing in FI, using English fallback
  INFO: 'STR_SIGN_UP' missing in DA, using English fallback
  INFO: 'STR_SIGN_UP' missing in NL, using English fallback
  INFO: 'STR_SIGN_UP' missing in TR, using English fallback
  INFO: 'STR_SIGN_UP' missing in KK, using English fallback
  INFO: 'STR_SIGN_UP' missing in HU, using English fallback
  INFO: 'STR_SIGN_UP' missing in LT, using English fallback
  INFO: 'STR_SIGN_UP' missing in SI, using English fallback
  INFO: 'STR_SIGN_UP' missing in HE, using English fallback
  INFO: 'STR_SIGN_UP' missing in SK, using English fallback
  INFO: 'STR_SIGN_UP' missing in VI, using English fallback
  INFO: 'STR_SIGN_UP' missing in NB, using English fallback
  INFO: 'STR_SIGN_UP' missing in P2, using English fallback
  INFO: 'STR_SIGN_UP' missing in AR, using English fallback
  INFO: 'STR_SIGN_UP' missing in BS, using English fallback
  INFO: 'STR_CREATING_ACCOUNT' missing in FR, using English fallback
  INFO: 'STR_CREATING_ACCOUNT' missing in DE, using English fallback
  INFO: 'STR_CREATING_ACCOUNT' missing in CS, using English fallback
  INFO: 'STR_CREATING_ACCOUNT' missing in PT, using English fallback
  INFO: 'STR_CREATING_ACCOUNT' missing in RU, using English fallback
  INFO: 'STR_CREATING_ACCOUNT' missing in RO, using English fallback
  INFO: 'STR_CREATING_ACCOUNT' missing in UK, using English fallback
  INFO: 'STR_CREATING_ACCOUNT' missing in BE, using English fallback
  INFO: 'STR_CREATING_ACCOUNT' missing in PL, using English fallback
  INFO: 'STR_CREATING_ACCOUNT' missing in FI, using English fallback
  INFO: 'STR_CREATING_ACCOUNT' missing in DA, using English fallback
  INFO: 'STR_CREATING_ACCOUNT' missing in NL, using English fallback
  INFO: 'STR_CREATING_ACCOUNT' missing in TR, using English fallback
  INFO: 'STR_CREATING_ACCOUNT' missing in KK, using English fallback
  INFO: 'STR_CREATING_ACCOUNT' missing in HU, using English fallback
  INFO: 'STR_CREATING_ACCOUNT' missing in LT, using English fallback
  INFO: 'STR_CREATING_ACCOUNT' missing in SI, using English fallback
  INFO: 'STR_CREATING_ACCOUNT' missing in HE, using English fallback
  INFO: 'STR_CREATING_ACCOUNT' missing in SK, using English fallback
  INFO: 'STR_CREATING_ACCOUNT' missing in VI, using English fallback
  INFO: 'STR_CREATING_ACCOUNT' missing in NB, using English fallback
  INFO: 'STR_CREATING_ACCOUNT' missing in P2, using English fallback
  INFO: 'STR_CREATING_ACCOUNT' missing in AR, using English fallback
  INFO: 'STR_CREATING_ACCOUNT' missing in BS, using English fallback
  INFO: 'STR_ACCOUNT_CREATED' missing in FR, using English fallback
  INFO: 'STR_ACCOUNT_CREATED' missing in DE, using English fallback
  INFO: 'STR_ACCOUNT_CREATED' missing in CS, using English fallback
  INFO: 'STR_ACCOUNT_CREATED' missing in PT, using English fallback
  INFO: 'STR_ACCOUNT_CREATED' missing in RU, using English fallback
  INFO: 'STR_ACCOUNT_CREATED' missing in RO, using English fallback
  INFO: 'STR_ACCOUNT_CREATED' missing in UK, using English fallback
  INFO: 'STR_ACCOUNT_CREATED' missing in BE, using English fallback
  INFO: 'STR_ACCOUNT_CREATED' missing in PL, using English fallback
  INFO: 'STR_ACCOUNT_CREATED' missing in FI, using English fallback
  INFO: 'STR_ACCOUNT_CREATED' missing in DA, using English fallback
  INFO: 'STR_ACCOUNT_CREATED' missing in NL, using English fallback
  INFO: 'STR_ACCOUNT_CREATED' missing in TR, using English fallback
  INFO: 'STR_ACCOUNT_CREATED' missing in KK, using English fallback
  INFO: 'STR_ACCOUNT_CREATED' missing in HU, using English fallback
  INFO: 'STR_ACCOUNT_CREATED' missing in LT, using English fallback
  INFO: 'STR_ACCOUNT_CREATED' missing in SI, using English fallback
  INFO: 'STR_ACCOUNT_CREATED' missing in HE, using English fallback
  INFO: 'STR_ACCOUNT_CREATED' missing in SK, using English fallback
  INFO: 'STR_ACCOUNT_CREATED' missing in VI, using English fallback
  INFO: 'STR_ACCOUNT_CREATED' missing in NB, using English fallback
  INFO: 'STR_ACCOUNT_CREATED' missing in P2, using English fallback
  INFO: 'STR_ACCOUNT_CREATED' missing in AR, using English fallback
  INFO: 'STR_ACCOUNT_CREATED' missing in BS, using English fallback
  INFO: 'STR_SIGNUP_FAILED' missing in FR, using English fallback
  INFO: 'STR_SIGNUP_FAILED' missing in DE, using English fallback
  INFO: 'STR_SIGNUP_FAILED' missing in CS, using English fallback
  INFO: 'STR_SIGNUP_FAILED' missing in PT, using English fallback
  INFO: 'STR_SIGNUP_FAILED' missing in RU, using English fallback
  INFO: 'STR_SIGNUP_FAILED' missing in RO, using English fallback
  INFO: 'STR_SIGNUP_FAILED' missing in UK, using English fallback
  INFO: 'STR_SIGNUP_FAILED' missing in BE, using English fallback
  INFO: 'STR_SIGNUP_FAILED' missing in PL, using English fallback
  INFO: 'STR_SIGNUP_FAILED' missing in FI, using English fallback
  INFO: 'STR_SIGNUP_FAILED' missing in DA, using English fallback
  INFO: 'STR_SIGNUP_FAILED' missing in NL, using English fallback
  INFO: 'STR_SIGNUP_FAILED' missing in TR, using English fallback
  INFO: 'STR_SIGNUP_FAILED' missing in KK, using English fallback
  INFO: 'STR_SIGNUP_FAILED' missing in HU, using English fallback
  INFO: 'STR_SIGNUP_FAILED' missing in LT, using English fallback
  INFO: 'STR_SIGNUP_FAILED' missing in SI, using English fallback
  INFO: 'STR_SIGNUP_FAILED' missing in HE, using English fallback
  INFO: 'STR_SIGNUP_FAILED' missing in SK, using English fallback
  INFO: 'STR_SIGNUP_FAILED' missing in VI, using English fallback
  INFO: 'STR_SIGNUP_FAILED' missing in NB, using English fallback
  INFO: 'STR_SIGNUP_FAILED' missing in P2, using English fallback
  INFO: 'STR_SIGNUP_FAILED' missing in AR, using English fallback
  INFO: 'STR_SIGNUP_FAILED' missing in BS, using English fallback
  INFO: 'STR_USERNAME_TAKEN' missing in FR, using English fallback
  INFO: 'STR_USERNAME_TAKEN' missing in CS, using English fallback
  INFO: 'STR_USERNAME_TAKEN' missing in PT, using English fallback
  INFO: 'STR_USERNAME_TAKEN' missing in RU, using English fallback
  INFO: 'STR_USERNAME_TAKEN' missing in RO, using English fallback
  INFO: 'STR_USERNAME_TAKEN' missing in UK, using English fallback
  INFO: 'STR_USERNAME_TAKEN' missing in BE, using English fallback
  INFO: 'STR_USERNAME_TAKEN' missing in PL, using English fallback
  INFO: 'STR_USERNAME_TAKEN' missing in FI, using English fallback
  INFO: 'STR_USERNAME_TAKEN' missing in DA, using English fallback
  INFO: 'STR_USERNAME_TAKEN' missing in NL, using English fallback
  INFO: 'STR_USERNAME_TAKEN' missing in TR, using English fallback
  INFO: 'STR_USERNAME_TAKEN' missing in KK, using English fallback
  INFO: 'STR_USERNAME_TAKEN' missing in HU, using English fallback
  INFO: 'STR_USERNAME_TAKEN' missing in LT, using English fallback
  INFO: 'STR_USERNAME_TAKEN' missing in SI, using English fallback
  INFO: 'STR_USERNAME_TAKEN' missing in HE, using English fallback
  INFO: 'STR_USERNAME_TAKEN' missing in SK, using English fallback
  INFO: 'STR_USERNAME_TAKEN' missing in VI, using English fallback
  INFO: 'STR_USERNAME_TAKEN' missing in NB, using English fallback
  INFO: 'STR_USERNAME_TAKEN' missing in P2, using English fallback
  INFO: 'STR_USERNAME_TAKEN' missing in AR, using English fallback
  INFO: 'STR_USERNAME_TAKEN' missing in BS, using English fallback
  INFO: 'STR_FAILED_COUNT_FORMAT' missing in ES, using English fallback
  INFO: 'STR_FAILED_COUNT_FORMAT' missing in FR, using English fallback
  INFO: 'STR_FAILED_COUNT_FORMAT' missing in DE, using English fallback
  INFO: 'STR_FAILED_COUNT_FORMAT' missing in CS, using English fallback
  INFO: 'STR_FAILED_COUNT_FORMAT' missing in PT, using English fallback
  INFO: 'STR_FAILED_COUNT_FORMAT' missing in RU, using English fallback
  INFO: 'STR_FAILED_COUNT_FORMAT' missing in SV, using English fallback
  INFO: 'STR_FAILED_COUNT_FORMAT' missing in RO, using English fallback
  INFO: 'STR_FAILED_COUNT_FORMAT' missing in CA, using English fallback
  INFO: 'STR_FAILED_COUNT_FORMAT' missing in UK, using English fallback
  INFO: 'STR_FAILED_COUNT_FORMAT' missing in BE, using English fallback
  INFO: 'STR_FAILED_COUNT_FORMAT' missing in IT, using English fallback
  INFO: 'STR_FAILED_COUNT_FORMAT' missing in PL, using English fallback
  INFO: 'STR_FAILED_COUNT_FORMAT' missing in FI, using English fallback
  INFO: 'STR_FAILED_COUNT_FORMAT' missing in DA, using English fallback
  INFO: 'STR_FAILED_COUNT_FORMAT' missing in NL, using English fallback
  INFO: 'STR_FAILED_COUNT_FORMAT' missing in TR, using English fallback
  INFO: 'STR_FAILED_COUNT_FORMAT' missing in KK, using English fallback
  INFO: 'STR_FAILED_COUNT_FORMAT' missing in HU, using English fallback
  INFO: 'STR_FAILED_COUNT_FORMAT' missing in LT, using English fallback
  INFO: 'STR_FAILED_COUNT_FORMAT' missing in SI, using English fallback
  INFO: 'STR_FAILED_COUNT_FORMAT' missing in CAV, using English fallback
  INFO: 'STR_FAILED_COUNT_FORMAT' missing in HE, using English fallback
  INFO: 'STR_FAILED_COUNT_FORMAT' missing in SK, using English fallback
  INFO: 'STR_FAILED_COUNT_FORMAT' missing in VI, using English fallback
  INFO: 'STR_FAILED_COUNT_FORMAT' missing in NB, using English fallback
  INFO: 'STR_FAILED_COUNT_FORMAT' missing in P2, using English fallback
  INFO: 'STR_FAILED_COUNT_FORMAT' missing in AR, using English fallback
  INFO: 'STR_FAILED_COUNT_FORMAT' missing in BS, using English fallback
  INFO: 'STR_FAILED_COUNT_FORMAT' missing in ID, using English fallback
  INFO: 'STR_FORCE_REFRESH' missing in FR, using English fallback
  INFO: 'STR_FORCE_REFRESH' missing in CS, using English fallback
  INFO: 'STR_FORCE_REFRESH' missing in RO, using English fallback
  INFO: 'STR_FORCE_REFRESH' missing in BE, using English fallback
  INFO: 'STR_FORCE_REFRESH' missing in FI, using English fallback
  INFO: 'STR_FORCE_REFRESH' missing in DA, using English fallback
  INFO: 'STR_FORCE_REFRESH' missing in NL, using English fallback
  INFO: 'STR_FORCE_REFRESH' missing in KK, using English fallback
  INFO: 'STR_FORCE_REFRESH' missing in LT, using English fallback
  INFO: 'STR_FORCE_REFRESH' missing in SI, using English fallback
  INFO: 'STR_KOSYNC' missing in FR, using English fallback
  INFO: 'STR_KOSYNC' missing in DE, using English fallback
  INFO: 'STR_KOSYNC' missing in CS, using English fallback
  INFO: 'STR_KOSYNC' missing in RO, using English fallback
  INFO: 'STR_KOSYNC' missing in UK, using English fallback
  INFO: 'STR_KOSYNC' missing in BE, using English fallback
  INFO: 'STR_KOSYNC' missing in PL, using English fallback
  INFO: 'STR_KOSYNC' missing in FI, using English fallback
  INFO: 'STR_KOSYNC' missing in DA, using English fallback
  INFO: 'STR_KOSYNC' missing in NL, using English fallback
  INFO: 'STR_KOSYNC' missing in KK, using English fallback
  INFO: 'STR_KOSYNC' missing in LT, using English fallback
  INFO: 'STR_KOSYNC' missing in SI, using English fallback
  INFO: 'STR_KOSYNC' missing in SK, using English fallback
  INFO: 'STR_BOOKMARK_OPTION' missing in FR, using English fallback
  INFO: 'STR_BOOKMARK_OPTION' missing in DE, using English fallback
  INFO: 'STR_BOOKMARK_OPTION' missing in CS, using English fallback
  INFO: 'STR_BOOKMARK_OPTION' missing in RO, using English fallback
  INFO: 'STR_BOOKMARK_OPTION' missing in UK, using English fallback
  INFO: 'STR_BOOKMARK_OPTION' missing in BE, using English fallback
  INFO: 'STR_BOOKMARK_OPTION' missing in PL, using English fallback
  INFO: 'STR_BOOKMARK_OPTION' missing in FI, using English fallback
  INFO: 'STR_BOOKMARK_OPTION' missing in DA, using English fallback
  INFO: 'STR_BOOKMARK_OPTION' missing in NL, using English fallback
  INFO: 'STR_BOOKMARK_OPTION' missing in KK, using English fallback
  INFO: 'STR_BOOKMARK_OPTION' missing in LT, using English fallback
  INFO: 'STR_BOOKMARK_OPTION' missing in SI, using English fallback
  INFO: 'STR_BOOKMARK_OPTION' missing in SK, using English fallback
  INFO: 'STR_DICTIONARY' missing in FR, using English fallback
  INFO: 'STR_DICTIONARY' missing in DE, using English fallback
  INFO: 'STR_DICTIONARY' missing in CS, using English fallback
  INFO: 'STR_DICTIONARY' missing in PT, using English fallback
  INFO: 'STR_DICTIONARY' missing in RU, using English fallback
  INFO: 'STR_DICTIONARY' missing in RO, using English fallback
  INFO: 'STR_DICTIONARY' missing in UK, using English fallback
  INFO: 'STR_DICTIONARY' missing in BE, using English fallback
  INFO: 'STR_DICTIONARY' missing in PL, using English fallback
  INFO: 'STR_DICTIONARY' missing in FI, using English fallback
  INFO: 'STR_DICTIONARY' missing in DA, using English fallback
  INFO: 'STR_DICTIONARY' missing in NL, using English fallback
  INFO: 'STR_DICTIONARY' missing in TR, using English fallback
  INFO: 'STR_DICTIONARY' missing in KK, using English fallback
  INFO: 'STR_DICTIONARY' missing in HU, using English fallback
  INFO: 'STR_DICTIONARY' missing in LT, using English fallback
  INFO: 'STR_DICTIONARY' missing in SI, using English fallback
  INFO: 'STR_DICTIONARY' missing in HE, using English fallback
  INFO: 'STR_DICTIONARY' missing in SK, using English fallback
  INFO: 'STR_DICTIONARY' missing in NB, using English fallback
  INFO: 'STR_DICTIONARY' missing in P2, using English fallback
  INFO: 'STR_DICTIONARY' missing in AR, using English fallback
  INFO: 'STR_DICTIONARY' missing in BS, using English fallback
  INFO: 'STR_DISABLED' missing in FR, using English fallback
  INFO: 'STR_DISABLED' missing in CS, using English fallback
  INFO: 'STR_DISABLED' missing in RO, using English fallback
  INFO: 'STR_DISABLED' missing in BE, using English fallback
  INFO: 'STR_DISABLED' missing in PL, using English fallback
  INFO: 'STR_DISABLED' missing in FI, using English fallback
  INFO: 'STR_DISABLED' missing in DA, using English fallback
  INFO: 'STR_DISABLED' missing in NL, using English fallback
  INFO: 'STR_DISABLED' missing in KK, using English fallback
  INFO: 'STR_DISABLED' missing in LT, using English fallback
  INFO: 'STR_DISABLED' missing in SI, using English fallback
  INFO: 'STR_RESTARTING_HINT' missing in FR, using English fallback
  INFO: 'STR_RESTARTING_HINT' missing in CS, using English fallback
  INFO: 'STR_RESTARTING_HINT' missing in RO, using English fallback
  INFO: 'STR_RESTARTING_HINT' missing in BE, using English fallback
  INFO: 'STR_RESTARTING_HINT' missing in FI, using English fallback
  INFO: 'STR_RESTARTING_HINT' missing in DA, using English fallback
  INFO: 'STR_RESTARTING_HINT' missing in NL, using English fallback
  INFO: 'STR_RESTARTING_HINT' missing in KK, using English fallback
  INFO: 'STR_RESTARTING_HINT' missing in LT, using English fallback
  INFO: 'STR_RESTARTING_HINT' missing in SI, using English fallback
  INFO: 'STR_NEXT_PAGE' missing in FR, using English fallback
  INFO: 'STR_NEXT_PAGE' missing in CS, using English fallback
  INFO: 'STR_NEXT_PAGE' missing in RO, using English fallback
  INFO: 'STR_NEXT_PAGE' missing in BE, using English fallback
  INFO: 'STR_NEXT_PAGE' missing in FI, using English fallback
  INFO: 'STR_NEXT_PAGE' missing in DA, using English fallback
  INFO: 'STR_NEXT_PAGE' missing in NL, using English fallback
  INFO: 'STR_NEXT_PAGE' missing in KK, using English fallback
  INFO: 'STR_NEXT_PAGE' missing in LT, using English fallback
  INFO: 'STR_NEXT_PAGE' missing in SI, using English fallback
  INFO: 'STR_PREV_PAGE' missing in FR, using English fallback
  INFO: 'STR_PREV_PAGE' missing in CS, using English fallback
  INFO: 'STR_PREV_PAGE' missing in RO, using English fallback
  INFO: 'STR_PREV_PAGE' missing in BE, using English fallback
  INFO: 'STR_PREV_PAGE' missing in FI, using English fallback
  INFO: 'STR_PREV_PAGE' missing in DA, using English fallback
  INFO: 'STR_PREV_PAGE' missing in NL, using English fallback
  INFO: 'STR_PREV_PAGE' missing in KK, using English fallback
  INFO: 'STR_PREV_PAGE' missing in LT, using English fallback
  INFO: 'STR_PREV_PAGE' missing in SI, using English fallback
  INFO: 'STR_SD_CARD_ERROR' missing in ES, using English fallback
  INFO: 'STR_SD_CARD_ERROR' missing in FR, using English fallback
  INFO: 'STR_SD_CARD_ERROR' missing in DE, using English fallback
  INFO: 'STR_SD_CARD_ERROR' missing in CS, using English fallback
  INFO: 'STR_SD_CARD_ERROR' missing in PT, using English fallback
  INFO: 'STR_SD_CARD_ERROR' missing in RU, using English fallback
  INFO: 'STR_SD_CARD_ERROR' missing in SV, using English fallback
  INFO: 'STR_SD_CARD_ERROR' missing in RO, using English fallback
  INFO: 'STR_SD_CARD_ERROR' missing in CA, using English fallback
  INFO: 'STR_SD_CARD_ERROR' missing in UK, using English fallback
  INFO: 'STR_SD_CARD_ERROR' missing in BE, using English fallback
  INFO: 'STR_SD_CARD_ERROR' missing in IT, using English fallback
  INFO: 'STR_SD_CARD_ERROR' missing in PL, using English fallback
  INFO: 'STR_SD_CARD_ERROR' missing in FI, using English fallback
  INFO: 'STR_SD_CARD_ERROR' missing in DA, using English fallback
  INFO: 'STR_SD_CARD_ERROR' missing in NL, using English fallback
  INFO: 'STR_SD_CARD_ERROR' missing in TR, using English fallback
  INFO: 'STR_SD_CARD_ERROR' missing in KK, using English fallback
  INFO: 'STR_SD_CARD_ERROR' missing in HU, using English fallback
  INFO: 'STR_SD_CARD_ERROR' missing in LT, using English fallback
  INFO: 'STR_SD_CARD_ERROR' missing in SI, using English fallback
  INFO: 'STR_SD_CARD_ERROR' missing in CAV, using English fallback
  INFO: 'STR_SD_CARD_ERROR' missing in HE, using English fallback
  INFO: 'STR_SD_CARD_ERROR' missing in SK, using English fallback
  INFO: 'STR_SD_CARD_ERROR' missing in VI, using English fallback
  INFO: 'STR_SD_CARD_ERROR' missing in NB, using English fallback
  INFO: 'STR_SD_CARD_ERROR' missing in P2, using English fallback
  INFO: 'STR_SD_CARD_ERROR' missing in AR, using English fallback
  INFO: 'STR_SD_CARD_ERROR' missing in BS, using English fallback
  INFO: 'STR_SD_CARD_ERROR' missing in ID, using English fallback
  INFO: 'STR_SELECTED' missing in CS, using English fallback
  INFO: 'STR_SELECTED' missing in FI, using English fallback
  INFO: 'STR_TAP_TO_RETRY' missing in FR, using English fallback
  INFO: 'STR_TAP_TO_RETRY' missing in DE, using English fallback
  INFO: 'STR_TAP_TO_RETRY' missing in CS, using English fallback
  INFO: 'STR_TAP_TO_RETRY' missing in PT, using English fallback
  INFO: 'STR_TAP_TO_RETRY' missing in RU, using English fallback
  INFO: 'STR_TAP_TO_RETRY' missing in SV, using English fallback
  INFO: 'STR_TAP_TO_RETRY' missing in RO, using English fallback
  INFO: 'STR_TAP_TO_RETRY' missing in UK, using English fallback
  INFO: 'STR_TAP_TO_RETRY' missing in BE, using English fallback
  INFO: 'STR_TAP_TO_RETRY' missing in PL, using English fallback
  INFO: 'STR_TAP_TO_RETRY' missing in FI, using English fallback
  INFO: 'STR_TAP_TO_RETRY' missing in DA, using English fallback
  INFO: 'STR_TAP_TO_RETRY' missing in NL, using English fallback
  INFO: 'STR_TAP_TO_RETRY' missing in TR, using English fallback
  INFO: 'STR_TAP_TO_RETRY' missing in KK, using English fallback
  INFO: 'STR_TAP_TO_RETRY' missing in HU, using English fallback
  INFO: 'STR_TAP_TO_RETRY' missing in LT, using English fallback
  INFO: 'STR_TAP_TO_RETRY' missing in SI, using English fallback
  INFO: 'STR_TAP_TO_RETRY' missing in HE, using English fallback
  INFO: 'STR_TAP_TO_RETRY' missing in SK, using English fallback
  INFO: 'STR_TAP_TO_RETRY' missing in NB, using English fallback
  INFO: 'STR_TAP_TO_RETRY' missing in P2, using English fallback
  INFO: 'STR_TAP_TO_RETRY' missing in AR, using English fallback
  INFO: 'STR_TAP_TO_RETRY' missing in BS, using English fallback
  INFO: 'STR_SHOW' missing in CS, using English fallback
  INFO: 'STR_SHOW' missing in FI, using English fallback
  INFO: 'STR_HIDE' missing in CS, using English fallback
  INFO: 'STR_HIDE' missing in FI, using English fallback
  INFO: 'STR_KEY_SHIFT' missing in FR, using English fallback
  INFO: 'STR_KEY_SHIFT' missing in DE, using English fallback
  INFO: 'STR_KEY_SHIFT' missing in CS, using English fallback
  INFO: 'STR_KEY_SHIFT' missing in PT, using English fallback
  INFO: 'STR_KEY_SHIFT' missing in RU, using English fallback
  INFO: 'STR_KEY_SHIFT' missing in SV, using English fallback
  INFO: 'STR_KEY_SHIFT' missing in RO, using English fallback
  INFO: 'STR_KEY_SHIFT' missing in UK, using English fallback
  INFO: 'STR_KEY_SHIFT' missing in BE, using English fallback
  INFO: 'STR_KEY_SHIFT' missing in PL, using English fallback
  INFO: 'STR_KEY_SHIFT' missing in FI, using English fallback
  INFO: 'STR_KEY_SHIFT' missing in DA, using English fallback
  INFO: 'STR_KEY_SHIFT' missing in NL, using English fallback
  INFO: 'STR_KEY_SHIFT' missing in TR, using English fallback
  INFO: 'STR_KEY_SHIFT' missing in KK, using English fallback
  INFO: 'STR_KEY_SHIFT' missing in HU, using English fallback
  INFO: 'STR_KEY_SHIFT' missing in LT, using English fallback
  INFO: 'STR_KEY_SHIFT' missing in SI, using English fallback
  INFO: 'STR_KEY_SHIFT' missing in HE, using English fallback
  INFO: 'STR_KEY_SHIFT' missing in SK, using English fallback
  INFO: 'STR_KEY_SHIFT' missing in VI, using English fallback
  INFO: 'STR_KEY_SHIFT' missing in NB, using English fallback
  INFO: 'STR_KEY_SHIFT' missing in P2, using English fallback
  INFO: 'STR_KEY_SHIFT' missing in AR, using English fallback
  INFO: 'STR_KEY_SHIFT' missing in BS, using English fallback
  INFO: 'STR_KEY_MODE_SYMBOLS' missing in FR, using English fallback
  INFO: 'STR_KEY_MODE_SYMBOLS' missing in DE, using English fallback
  INFO: 'STR_KEY_MODE_SYMBOLS' missing in CS, using English fallback
  INFO: 'STR_KEY_MODE_SYMBOLS' missing in PT, using English fallback
  INFO: 'STR_KEY_MODE_SYMBOLS' missing in RU, using English fallback
  INFO: 'STR_KEY_MODE_SYMBOLS' missing in SV, using English fallback
  INFO: 'STR_KEY_MODE_SYMBOLS' missing in RO, using English fallback
  INFO: 'STR_KEY_MODE_SYMBOLS' missing in UK, using English fallback
  INFO: 'STR_KEY_MODE_SYMBOLS' missing in BE, using English fallback
  INFO: 'STR_KEY_MODE_SYMBOLS' missing in PL, using English fallback
  INFO: 'STR_KEY_MODE_SYMBOLS' missing in FI, using English fallback
  INFO: 'STR_KEY_MODE_SYMBOLS' missing in DA, using English fallback
  INFO: 'STR_KEY_MODE_SYMBOLS' missing in NL, using English fallback
  INFO: 'STR_KEY_MODE_SYMBOLS' missing in TR, using English fallback
  INFO: 'STR_KEY_MODE_SYMBOLS' missing in KK, using English fallback
  INFO: 'STR_KEY_MODE_SYMBOLS' missing in HU, using English fallback
  INFO: 'STR_KEY_MODE_SYMBOLS' missing in LT, using English fallback
  INFO: 'STR_KEY_MODE_SYMBOLS' missing in SI, using English fallback
  INFO: 'STR_KEY_MODE_SYMBOLS' missing in HE, using English fallback
  INFO: 'STR_KEY_MODE_SYMBOLS' missing in SK, using English fallback
  INFO: 'STR_KEY_MODE_SYMBOLS' missing in VI, using English fallback
  INFO: 'STR_KEY_MODE_SYMBOLS' missing in NB, using English fallback
  INFO: 'STR_KEY_MODE_SYMBOLS' missing in P2, using English fallback
  INFO: 'STR_KEY_MODE_SYMBOLS' missing in AR, using English fallback
  INFO: 'STR_KEY_MODE_SYMBOLS' missing in BS, using English fallback
  INFO: 'STR_KEY_MODE_ABC' missing in FR, using English fallback
  INFO: 'STR_KEY_MODE_ABC' missing in DE, using English fallback
  INFO: 'STR_KEY_MODE_ABC' missing in CS, using English fallback
  INFO: 'STR_KEY_MODE_ABC' missing in PT, using English fallback
  INFO: 'STR_KEY_MODE_ABC' missing in RU, using English fallback
  INFO: 'STR_KEY_MODE_ABC' missing in SV, using English fallback
  INFO: 'STR_KEY_MODE_ABC' missing in RO, using English fallback
  INFO: 'STR_KEY_MODE_ABC' missing in UK, using English fallback
  INFO: 'STR_KEY_MODE_ABC' missing in BE, using English fallback
  INFO: 'STR_KEY_MODE_ABC' missing in PL, using English fallback
  INFO: 'STR_KEY_MODE_ABC' missing in FI, using English fallback
  INFO: 'STR_KEY_MODE_ABC' missing in DA, using English fallback
  INFO: 'STR_KEY_MODE_ABC' missing in NL, using English fallback
  INFO: 'STR_KEY_MODE_ABC' missing in TR, using English fallback
  INFO: 'STR_KEY_MODE_ABC' missing in KK, using English fallback
  INFO: 'STR_KEY_MODE_ABC' missing in HU, using English fallback
  INFO: 'STR_KEY_MODE_ABC' missing in LT, using English fallback
  INFO: 'STR_KEY_MODE_ABC' missing in SI, using English fallback
  INFO: 'STR_KEY_MODE_ABC' missing in HE, using English fallback
  INFO: 'STR_KEY_MODE_ABC' missing in SK, using English fallback
  INFO: 'STR_KEY_MODE_ABC' missing in VI, using English fallback
  INFO: 'STR_KEY_MODE_ABC' missing in NB, using English fallback
  INFO: 'STR_KEY_MODE_ABC' missing in P2, using English fallback
  INFO: 'STR_KEY_MODE_ABC' missing in AR, using English fallback
  INFO: 'STR_KEY_MODE_ABC' missing in BS, using English fallback
  INFO: 'STR_FILTER_INVERTED' missing in ES, using English fallback
  INFO: 'STR_FILTER_INVERTED' missing in FR, using English fallback
  INFO: 'STR_FILTER_INVERTED' missing in DE, using English fallback
  INFO: 'STR_FILTER_INVERTED' missing in CS, using English fallback
  INFO: 'STR_FILTER_INVERTED' missing in PT, using English fallback
  INFO: 'STR_FILTER_INVERTED' missing in RU, using English fallback
  INFO: 'STR_FILTER_INVERTED' missing in SV, using English fallback
  INFO: 'STR_FILTER_INVERTED' missing in RO, using English fallback
  INFO: 'STR_FILTER_INVERTED' missing in CA, using English fallback
  INFO: 'STR_FILTER_INVERTED' missing in UK, using English fallback
  INFO: 'STR_FILTER_INVERTED' missing in BE, using English fallback
  INFO: 'STR_FILTER_INVERTED' missing in IT, using English fallback
  INFO: 'STR_FILTER_INVERTED' missing in PL, using English fallback
  INFO: 'STR_FILTER_INVERTED' missing in FI, using English fallback
  INFO: 'STR_FILTER_INVERTED' missing in DA, using English fallback
  INFO: 'STR_FILTER_INVERTED' missing in NL, using English fallback
  INFO: 'STR_FILTER_INVERTED' missing in TR, using English fallback
  INFO: 'STR_FILTER_INVERTED' missing in KK, using English fallback
  INFO: 'STR_FILTER_INVERTED' missing in HU, using English fallback
  INFO: 'STR_FILTER_INVERTED' missing in LT, using English fallback
  INFO: 'STR_FILTER_INVERTED' missing in SI, using English fallback
  INFO: 'STR_FILTER_INVERTED' missing in CAV, using English fallback
  INFO: 'STR_FILTER_INVERTED' missing in HE, using English fallback
  INFO: 'STR_FILTER_INVERTED' missing in SK, using English fallback
  INFO: 'STR_FILTER_INVERTED' missing in VI, using English fallback
  INFO: 'STR_FILTER_INVERTED' missing in NB, using English fallback
  INFO: 'STR_FILTER_INVERTED' missing in P2, using English fallback
  INFO: 'STR_FILTER_INVERTED' missing in AR, using English fallback
  INFO: 'STR_FILTER_INVERTED' missing in BS, using English fallback
  INFO: 'STR_FILTER_INVERTED' missing in ID, using English fallback
  INFO: 'STR_CUSTOMISE_STATUS_BAR' missing in CS, using English fallback
  INFO: 'STR_CUSTOMISE_STATUS_BAR' missing in FI, using English fallback
  INFO: 'STR_CHAPTER_PAGE_COUNT' missing in CS, using English fallback
  INFO: 'STR_CHAPTER_PAGE_COUNT' missing in FI, using English fallback
  INFO: 'STR_BOOK_PROGRESS_PERCENTAGE' missing in CS, using English fallback
  INFO: 'STR_BOOK_PROGRESS_PERCENTAGE' missing in FI, using English fallback
  INFO: 'STR_PROGRESS_BAR' missing in CS, using English fallback
  INFO: 'STR_PROGRESS_BAR' missing in FI, using English fallback
  INFO: 'STR_PROGRESS_BAR_THICKNESS' missing in CS, using English fallback
  INFO: 'STR_PROGRESS_BAR_THICKNESS' missing in FI, using English fallback
  INFO: 'STR_PROGRESS_BAR_THIN' missing in CS, using English fallback
  INFO: 'STR_PROGRESS_BAR_THIN' missing in FI, using English fallback
  INFO: 'STR_PROGRESS_BAR_MEDIUM' missing in CS, using English fallback
  INFO: 'STR_PROGRESS_BAR_MEDIUM' missing in FI, using English fallback
  INFO: 'STR_PROGRESS_BAR_THICK' missing in CS, using English fallback
  INFO: 'STR_PROGRESS_BAR_THICK' missing in FI, using English fallback
  INFO: 'STR_BOOK' missing in CS, using English fallback
  INFO: 'STR_BOOK' missing in FI, using English fallback
  INFO: 'STR_CHAPTER' missing in CS, using English fallback
  INFO: 'STR_CHAPTER' missing in FI, using English fallback
  INFO: 'STR_EXAMPLE_CHAPTER' missing in CS, using English fallback
  INFO: 'STR_EXAMPLE_CHAPTER' missing in FI, using English fallback
  INFO: 'STR_EXAMPLE_BOOK' missing in CS, using English fallback
  INFO: 'STR_EXAMPLE_BOOK' missing in FI, using English fallback
  INFO: 'STR_PREVIEW' missing in CS, using English fallback
  INFO: 'STR_PREVIEW' missing in FI, using English fallback
  INFO: 'STR_TITLE' missing in CS, using English fallback
  INFO: 'STR_TITLE' missing in FI, using English fallback
  INFO: 'STR_BATTERY' missing in CS, using English fallback
  INFO: 'STR_BATTERY' missing in FI, using English fallback
  INFO: 'STR_XTC_STATUS_BAR' missing in FR, using English fallback
  INFO: 'STR_XTC_STATUS_BAR' missing in CS, using English fallback
  INFO: 'STR_XTC_STATUS_BAR' missing in RO, using English fallback
  INFO: 'STR_XTC_STATUS_BAR' missing in BE, using English fallback
  INFO: 'STR_XTC_STATUS_BAR' missing in FI, using English fallback
  INFO: 'STR_XTC_STATUS_BAR' missing in DA, using English fallback
  INFO: 'STR_XTC_STATUS_BAR' missing in NL, using English fallback
  INFO: 'STR_XTC_STATUS_BAR' missing in KK, using English fallback
  INFO: 'STR_XTC_STATUS_BAR' missing in LT, using English fallback
  INFO: 'STR_XTC_STATUS_BAR' missing in SI, using English fallback
  INFO: 'STR_BOTTOM' missing in FR, using English fallback
  INFO: 'STR_BOTTOM' missing in CS, using English fallback
  INFO: 'STR_BOTTOM' missing in RO, using English fallback
  INFO: 'STR_BOTTOM' missing in BE, using English fallback
  INFO: 'STR_BOTTOM' missing in FI, using English fallback
  INFO: 'STR_BOTTOM' missing in DA, using English fallback
  INFO: 'STR_BOTTOM' missing in NL, using English fallback
  INFO: 'STR_BOTTOM' missing in KK, using English fallback
  INFO: 'STR_BOTTOM' missing in LT, using English fallback
  INFO: 'STR_BOTTOM' missing in SI, using English fallback
  INFO: 'STR_TOP' missing in FR, using English fallback
  INFO: 'STR_TOP' missing in CS, using English fallback
  INFO: 'STR_TOP' missing in RO, using English fallback
  INFO: 'STR_TOP' missing in BE, using English fallback
  INFO: 'STR_TOP' missing in FI, using English fallback
  INFO: 'STR_TOP' missing in DA, using English fallback
  INFO: 'STR_TOP' missing in NL, using English fallback
  INFO: 'STR_TOP' missing in KK, using English fallback
  INFO: 'STR_TOP' missing in LT, using English fallback
  INFO: 'STR_TOP' missing in SI, using English fallback
  INFO: 'STR_CLOCK' missing in FR, using English fallback
  INFO: 'STR_CLOCK' missing in CS, using English fallback
  INFO: 'STR_CLOCK' missing in RO, using English fallback
  INFO: 'STR_CLOCK' missing in BE, using English fallback
  INFO: 'STR_CLOCK' missing in PL, using English fallback
  INFO: 'STR_CLOCK' missing in FI, using English fallback
  INFO: 'STR_CLOCK' missing in DA, using English fallback
  INFO: 'STR_CLOCK' missing in NL, using English fallback
  INFO: 'STR_CLOCK' missing in KK, using English fallback
  INFO: 'STR_CLOCK' missing in LT, using English fallback
  INFO: 'STR_CLOCK' missing in SI, using English fallback
  INFO: 'STR_CLOCK_UTC_OFFSET' missing in FR, using English fallback
  INFO: 'STR_CLOCK_UTC_OFFSET' missing in CS, using English fallback
  INFO: 'STR_CLOCK_UTC_OFFSET' missing in RO, using English fallback
  INFO: 'STR_CLOCK_UTC_OFFSET' missing in BE, using English fallback
  INFO: 'STR_CLOCK_UTC_OFFSET' missing in PL, using English fallback
  INFO: 'STR_CLOCK_UTC_OFFSET' missing in FI, using English fallback
  INFO: 'STR_CLOCK_UTC_OFFSET' missing in DA, using English fallback
  INFO: 'STR_CLOCK_UTC_OFFSET' missing in NL, using English fallback
  INFO: 'STR_CLOCK_UTC_OFFSET' missing in KK, using English fallback
  INFO: 'STR_CLOCK_UTC_OFFSET' missing in LT, using English fallback
  INFO: 'STR_CLOCK_UTC_OFFSET' missing in SI, using English fallback
  INFO: 'STR_CLOCK_FORMAT' missing in FR, using English fallback
  INFO: 'STR_CLOCK_FORMAT' missing in CS, using English fallback
  INFO: 'STR_CLOCK_FORMAT' missing in RO, using English fallback
  INFO: 'STR_CLOCK_FORMAT' missing in BE, using English fallback
  INFO: 'STR_CLOCK_FORMAT' missing in PL, using English fallback
  INFO: 'STR_CLOCK_FORMAT' missing in FI, using English fallback
  INFO: 'STR_CLOCK_FORMAT' missing in DA, using English fallback
  INFO: 'STR_CLOCK_FORMAT' missing in NL, using English fallback
  INFO: 'STR_CLOCK_FORMAT' missing in KK, using English fallback
  INFO: 'STR_CLOCK_FORMAT' missing in LT, using English fallback
  INFO: 'STR_CLOCK_FORMAT' missing in SI, using English fallback
  INFO: 'STR_CLOCK_FORMAT_24H' missing in FR, using English fallback
  INFO: 'STR_CLOCK_FORMAT_24H' missing in CS, using English fallback
  INFO: 'STR_CLOCK_FORMAT_24H' missing in RO, using English fallback
  INFO: 'STR_CLOCK_FORMAT_24H' missing in BE, using English fallback
  INFO: 'STR_CLOCK_FORMAT_24H' missing in PL, using English fallback
  INFO: 'STR_CLOCK_FORMAT_24H' missing in FI, using English fallback
  INFO: 'STR_CLOCK_FORMAT_24H' missing in DA, using English fallback
  INFO: 'STR_CLOCK_FORMAT_24H' missing in NL, using English fallback
  INFO: 'STR_CLOCK_FORMAT_24H' missing in KK, using English fallback
  INFO: 'STR_CLOCK_FORMAT_24H' missing in LT, using English fallback
  INFO: 'STR_CLOCK_FORMAT_24H' missing in SI, using English fallback
  INFO: 'STR_CLOCK_FORMAT_12H' missing in FR, using English fallback
  INFO: 'STR_CLOCK_FORMAT_12H' missing in CS, using English fallback
  INFO: 'STR_CLOCK_FORMAT_12H' missing in RO, using English fallback
  INFO: 'STR_CLOCK_FORMAT_12H' missing in BE, using English fallback
  INFO: 'STR_CLOCK_FORMAT_12H' missing in PL, using English fallback
  INFO: 'STR_CLOCK_FORMAT_12H' missing in FI, using English fallback
  INFO: 'STR_CLOCK_FORMAT_12H' missing in DA, using English fallback
  INFO: 'STR_CLOCK_FORMAT_12H' missing in NL, using English fallback
  INFO: 'STR_CLOCK_FORMAT_12H' missing in KK, using English fallback
  INFO: 'STR_CLOCK_FORMAT_12H' missing in LT, using English fallback
  INFO: 'STR_CLOCK_FORMAT_12H' missing in SI, using English fallback
  INFO: 'STR_CURRENT_TIME' missing in FR, using English fallback
  INFO: 'STR_CURRENT_TIME' missing in CS, using English fallback
  INFO: 'STR_CURRENT_TIME' missing in RO, using English fallback
  INFO: 'STR_CURRENT_TIME' missing in BE, using English fallback
  INFO: 'STR_CURRENT_TIME' missing in PL, using English fallback
  INFO: 'STR_CURRENT_TIME' missing in FI, using English fallback
  INFO: 'STR_CURRENT_TIME' missing in DA, using English fallback
  INFO: 'STR_CURRENT_TIME' missing in NL, using English fallback
  INFO: 'STR_CURRENT_TIME' missing in KK, using English fallback
  INFO: 'STR_CURRENT_TIME' missing in LT, using English fallback
  INFO: 'STR_CURRENT_TIME' missing in SI, using English fallback
  INFO: 'STR_NEXT_FIELD' missing in FR, using English fallback
  INFO: 'STR_NEXT_FIELD' missing in CS, using English fallback
  INFO: 'STR_NEXT_FIELD' missing in RO, using English fallback
  INFO: 'STR_NEXT_FIELD' missing in BE, using English fallback
  INFO: 'STR_NEXT_FIELD' missing in PL, using English fallback
  INFO: 'STR_NEXT_FIELD' missing in FI, using English fallback
  INFO: 'STR_NEXT_FIELD' missing in DA, using English fallback
  INFO: 'STR_NEXT_FIELD' missing in NL, using English fallback
  INFO: 'STR_NEXT_FIELD' missing in KK, using English fallback
  INFO: 'STR_NEXT_FIELD' missing in LT, using English fallback
  INFO: 'STR_NEXT_FIELD' missing in SI, using English fallback
  INFO: 'STR_CLOCK_SYNC' missing in FR, using English fallback
  INFO: 'STR_CLOCK_SYNC' missing in CS, using English fallback
  INFO: 'STR_CLOCK_SYNC' missing in RO, using English fallback
  INFO: 'STR_CLOCK_SYNC' missing in BE, using English fallback
  INFO: 'STR_CLOCK_SYNC' missing in PL, using English fallback
  INFO: 'STR_CLOCK_SYNC' missing in FI, using English fallback
  INFO: 'STR_CLOCK_SYNC' missing in DA, using English fallback
  INFO: 'STR_CLOCK_SYNC' missing in NL, using English fallback
  INFO: 'STR_CLOCK_SYNC' missing in KK, using English fallback
  INFO: 'STR_CLOCK_SYNC' missing in LT, using English fallback
  INFO: 'STR_CLOCK_SYNC' missing in SI, using English fallback
  INFO: 'STR_CLOCK_SYNC_NOW' missing in FR, using English fallback
  INFO: 'STR_CLOCK_SYNC_NOW' missing in CS, using English fallback
  INFO: 'STR_CLOCK_SYNC_NOW' missing in RO, using English fallback
  INFO: 'STR_CLOCK_SYNC_NOW' missing in BE, using English fallback
  INFO: 'STR_CLOCK_SYNC_NOW' missing in PL, using English fallback
  INFO: 'STR_CLOCK_SYNC_NOW' missing in FI, using English fallback
  INFO: 'STR_CLOCK_SYNC_NOW' missing in DA, using English fallback
  INFO: 'STR_CLOCK_SYNC_NOW' missing in NL, using English fallback
  INFO: 'STR_CLOCK_SYNC_NOW' missing in KK, using English fallback
  INFO: 'STR_CLOCK_SYNC_NOW' missing in LT, using English fallback
  INFO: 'STR_CLOCK_SYNC_NOW' missing in SI, using English fallback
  INFO: 'STR_CLOCK_SYNCING' missing in FR, using English fallback
  INFO: 'STR_CLOCK_SYNCING' missing in CS, using English fallback
  INFO: 'STR_CLOCK_SYNCING' missing in RO, using English fallback
  INFO: 'STR_CLOCK_SYNCING' missing in BE, using English fallback
  INFO: 'STR_CLOCK_SYNCING' missing in PL, using English fallback
  INFO: 'STR_CLOCK_SYNCING' missing in FI, using English fallback
  INFO: 'STR_CLOCK_SYNCING' missing in DA, using English fallback
  INFO: 'STR_CLOCK_SYNCING' missing in NL, using English fallback
  INFO: 'STR_CLOCK_SYNCING' missing in KK, using English fallback
  INFO: 'STR_CLOCK_SYNCING' missing in LT, using English fallback
  INFO: 'STR_CLOCK_SYNCING' missing in SI, using English fallback
  INFO: 'STR_CLOCK_SYNC_OK' missing in FR, using English fallback
  INFO: 'STR_CLOCK_SYNC_OK' missing in CS, using English fallback
  INFO: 'STR_CLOCK_SYNC_OK' missing in RO, using English fallback
  INFO: 'STR_CLOCK_SYNC_OK' missing in BE, using English fallback
  INFO: 'STR_CLOCK_SYNC_OK' missing in PL, using English fallback
  INFO: 'STR_CLOCK_SYNC_OK' missing in FI, using English fallback
  INFO: 'STR_CLOCK_SYNC_OK' missing in DA, using English fallback
  INFO: 'STR_CLOCK_SYNC_OK' missing in NL, using English fallback
  INFO: 'STR_CLOCK_SYNC_OK' missing in KK, using English fallback
  INFO: 'STR_CLOCK_SYNC_OK' missing in LT, using English fallback
  INFO: 'STR_CLOCK_SYNC_OK' missing in SI, using English fallback
  INFO: 'STR_CLOCK_SYNC_FAIL' missing in FR, using English fallback
  INFO: 'STR_CLOCK_SYNC_FAIL' missing in CS, using English fallback
  INFO: 'STR_CLOCK_SYNC_FAIL' missing in RO, using English fallback
  INFO: 'STR_CLOCK_SYNC_FAIL' missing in BE, using English fallback
  INFO: 'STR_CLOCK_SYNC_FAIL' missing in PL, using English fallback
  INFO: 'STR_CLOCK_SYNC_FAIL' missing in FI, using English fallback
  INFO: 'STR_CLOCK_SYNC_FAIL' missing in DA, using English fallback
  INFO: 'STR_CLOCK_SYNC_FAIL' missing in NL, using English fallback
  INFO: 'STR_CLOCK_SYNC_FAIL' missing in KK, using English fallback
  INFO: 'STR_CLOCK_SYNC_FAIL' missing in LT, using English fallback
  INFO: 'STR_CLOCK_SYNC_FAIL' missing in SI, using English fallback
  INFO: 'STR_CLOCK_SYNC_NO_WIFI' missing in FR, using English fallback
  INFO: 'STR_CLOCK_SYNC_NO_WIFI' missing in CS, using English fallback
  INFO: 'STR_CLOCK_SYNC_NO_WIFI' missing in RO, using English fallback
  INFO: 'STR_CLOCK_SYNC_NO_WIFI' missing in BE, using English fallback
  INFO: 'STR_CLOCK_SYNC_NO_WIFI' missing in PL, using English fallback
  INFO: 'STR_CLOCK_SYNC_NO_WIFI' missing in FI, using English fallback
  INFO: 'STR_CLOCK_SYNC_NO_WIFI' missing in DA, using English fallback
  INFO: 'STR_CLOCK_SYNC_NO_WIFI' missing in NL, using English fallback
  INFO: 'STR_CLOCK_SYNC_NO_WIFI' missing in KK, using English fallback
  INFO: 'STR_CLOCK_SYNC_NO_WIFI' missing in LT, using English fallback
  INFO: 'STR_CLOCK_SYNC_NO_WIFI' missing in SI, using English fallback
  INFO: 'STR_CLOCK_SYNC_NO_WIFI_HINT' missing in FR, using English fallback
  INFO: 'STR_CLOCK_SYNC_NO_WIFI_HINT' missing in CS, using English fallback
  INFO: 'STR_CLOCK_SYNC_NO_WIFI_HINT' missing in RO, using English fallback
  INFO: 'STR_CLOCK_SYNC_NO_WIFI_HINT' missing in BE, using English fallback
  INFO: 'STR_CLOCK_SYNC_NO_WIFI_HINT' missing in PL, using English fallback
  INFO: 'STR_CLOCK_SYNC_NO_WIFI_HINT' missing in FI, using English fallback
  INFO: 'STR_CLOCK_SYNC_NO_WIFI_HINT' missing in DA, using English fallback
  INFO: 'STR_CLOCK_SYNC_NO_WIFI_HINT' missing in NL, using English fallback
  INFO: 'STR_CLOCK_SYNC_NO_WIFI_HINT' missing in KK, using English fallback
  INFO: 'STR_CLOCK_SYNC_NO_WIFI_HINT' missing in LT, using English fallback
  INFO: 'STR_CLOCK_SYNC_NO_WIFI_HINT' missing in SI, using English fallback
  INFO: 'STR_CLOCK_SYNCED' missing in FR, using English fallback
  INFO: 'STR_CLOCK_SYNCED' missing in CS, using English fallback
  INFO: 'STR_CLOCK_SYNCED' missing in RO, using English fallback
  INFO: 'STR_CLOCK_SYNCED' missing in BE, using English fallback
  INFO: 'STR_CLOCK_SYNCED' missing in PL, using English fallback
  INFO: 'STR_CLOCK_SYNCED' missing in FI, using English fallback
  INFO: 'STR_CLOCK_SYNCED' missing in DA, using English fallback
  INFO: 'STR_CLOCK_SYNCED' missing in NL, using English fallback
  INFO: 'STR_CLOCK_SYNCED' missing in KK, using English fallback
  INFO: 'STR_CLOCK_SYNCED' missing in LT, using English fallback
  INFO: 'STR_CLOCK_SYNCED' missing in SI, using English fallback
  INFO: 'STR_THEME_ROUNDEDRAFF' missing in RO, using English fallback
  INFO: 'STR_THEME_ROUNDEDRAFF' missing in BE, using English fallback
  INFO: 'STR_THEME_ROUNDEDRAFF' missing in FI, using English fallback
  INFO: 'STR_THEME_ROUNDEDRAFF' missing in DA, using English fallback
  INFO: 'STR_THEME_ROUNDEDRAFF' missing in NL, using English fallback
  INFO: 'STR_THEME_ROUNDEDRAFF' missing in KK, using English fallback
  INFO: 'STR_THEME_ROUNDEDRAFF' missing in LT, using English fallback
  INFO: 'STR_THEME_ROUNDEDRAFF' missing in SI, using English fallback
  INFO: 'STR_BOOKMARKS' missing in FR, using English fallback
  INFO: 'STR_BOOKMARKS' missing in CS, using English fallback
  INFO: 'STR_BOOKMARKS' missing in RO, using English fallback
  INFO: 'STR_BOOKMARKS' missing in BE, using English fallback
  INFO: 'STR_BOOKMARKS' missing in PL, using English fallback
  INFO: 'STR_BOOKMARKS' missing in FI, using English fallback
  INFO: 'STR_BOOKMARKS' missing in DA, using English fallback
  INFO: 'STR_BOOKMARKS' missing in NL, using English fallback
  INFO: 'STR_BOOKMARKS' missing in KK, using English fallback
  INFO: 'STR_BOOKMARKS' missing in LT, using English fallback
  INFO: 'STR_BOOKMARKS' missing in SI, using English fallback
  INFO: 'STR_BOOKMARK_ADDED' missing in FR, using English fallback
  INFO: 'STR_BOOKMARK_ADDED' missing in CS, using English fallback
  INFO: 'STR_BOOKMARK_ADDED' missing in RO, using English fallback
  INFO: 'STR_BOOKMARK_ADDED' missing in BE, using English fallback
  INFO: 'STR_BOOKMARK_ADDED' missing in PL, using English fallback
  INFO: 'STR_BOOKMARK_ADDED' missing in FI, using English fallback
  INFO: 'STR_BOOKMARK_ADDED' missing in DA, using English fallback
  INFO: 'STR_BOOKMARK_ADDED' missing in NL, using English fallback
  INFO: 'STR_BOOKMARK_ADDED' missing in KK, using English fallback
  INFO: 'STR_BOOKMARK_ADDED' missing in LT, using English fallback
  INFO: 'STR_BOOKMARK_ADDED' missing in SI, using English fallback
  INFO: 'STR_SEARCH' missing in FR, using English fallback
  INFO: 'STR_SEARCH' missing in CS, using English fallback
  INFO: 'STR_SEARCH' missing in RO, using English fallback
  INFO: 'STR_SEARCH' missing in BE, using English fallback
  INFO: 'STR_SEARCH' missing in FI, using English fallback
  INFO: 'STR_SEARCH' missing in DA, using English fallback
  INFO: 'STR_SEARCH' missing in NL, using English fallback
  INFO: 'STR_SEARCH' missing in KK, using English fallback
  INFO: 'STR_SEARCH' missing in LT, using English fallback
  INFO: 'STR_SEARCH' missing in SI, using English fallback
  INFO: 'STR_DELETE' missing in FI, using English fallback
  INFO: 'STR_CONFIRM_DELETE_BOOKMARK' missing in FR, using English fallback
  INFO: 'STR_CONFIRM_DELETE_BOOKMARK' missing in CS, using English fallback
  INFO: 'STR_CONFIRM_DELETE_BOOKMARK' missing in RO, using English fallback
  INFO: 'STR_CONFIRM_DELETE_BOOKMARK' missing in BE, using English fallback
  INFO: 'STR_CONFIRM_DELETE_BOOKMARK' missing in PL, using English fallback
  INFO: 'STR_CONFIRM_DELETE_BOOKMARK' missing in FI, using English fallback
  INFO: 'STR_CONFIRM_DELETE_BOOKMARK' missing in DA, using English fallback
  INFO: 'STR_CONFIRM_DELETE_BOOKMARK' missing in NL, using English fallback
  INFO: 'STR_CONFIRM_DELETE_BOOKMARK' missing in KK, using English fallback
  INFO: 'STR_CONFIRM_DELETE_BOOKMARK' missing in LT, using English fallback
  INFO: 'STR_CONFIRM_DELETE_BOOKMARK' missing in SI, using English fallback
  INFO: 'STR_DISPLAY_QR' missing in CS, using English fallback
  INFO: 'STR_DISPLAY_QR' missing in FI, using English fallback
  INFO: 'STR_ALREADY_SYNCED' missing in FR, using English fallback
  INFO: 'STR_ALREADY_SYNCED' missing in DE, using English fallback
  INFO: 'STR_ALREADY_SYNCED' missing in CS, using English fallback
  INFO: 'STR_ALREADY_SYNCED' missing in PT, using English fallback
  INFO: 'STR_ALREADY_SYNCED' missing in RU, using English fallback
  INFO: 'STR_ALREADY_SYNCED' missing in RO, using English fallback
  INFO: 'STR_ALREADY_SYNCED' missing in UK, using English fallback
  INFO: 'STR_ALREADY_SYNCED' missing in BE, using English fallback
  INFO: 'STR_ALREADY_SYNCED' missing in PL, using English fallback
  INFO: 'STR_ALREADY_SYNCED' missing in FI, using English fallback
  INFO: 'STR_ALREADY_SYNCED' missing in DA, using English fallback
  INFO: 'STR_ALREADY_SYNCED' missing in NL, using English fallback
  INFO: 'STR_ALREADY_SYNCED' missing in TR, using English fallback
  INFO: 'STR_ALREADY_SYNCED' missing in KK, using English fallback
  INFO: 'STR_ALREADY_SYNCED' missing in HU, using English fallback
  INFO: 'STR_ALREADY_SYNCED' missing in LT, using English fallback
  INFO: 'STR_ALREADY_SYNCED' missing in SI, using English fallback
  INFO: 'STR_ALREADY_SYNCED' missing in HE, using English fallback
  INFO: 'STR_ALREADY_SYNCED' missing in SK, using English fallback
  INFO: 'STR_ALREADY_SYNCED' missing in VI, using English fallback
  INFO: 'STR_ALREADY_SYNCED' missing in NB, using English fallback
  INFO: 'STR_ALREADY_SYNCED' missing in P2, using English fallback
  INFO: 'STR_ALREADY_SYNCED' missing in AR, using English fallback
  INFO: 'STR_ALREADY_SYNCED' missing in BS, using English fallback
  INFO: 'STR_PWR_BTN_FOOTNOTE_BACK' missing in FR, using English fallback
  INFO: 'STR_PWR_BTN_FOOTNOTE_BACK' missing in DE, using English fallback
  INFO: 'STR_PWR_BTN_FOOTNOTE_BACK' missing in CS, using English fallback
  INFO: 'STR_PWR_BTN_FOOTNOTE_BACK' missing in RO, using English fallback
  INFO: 'STR_PWR_BTN_FOOTNOTE_BACK' missing in BE, using English fallback
  INFO: 'STR_PWR_BTN_FOOTNOTE_BACK' missing in PL, using English fallback
  INFO: 'STR_PWR_BTN_FOOTNOTE_BACK' missing in FI, using English fallback
  INFO: 'STR_PWR_BTN_FOOTNOTE_BACK' missing in DA, using English fallback
  INFO: 'STR_PWR_BTN_FOOTNOTE_BACK' missing in NL, using English fallback
  INFO: 'STR_PWR_BTN_FOOTNOTE_BACK' missing in KK, using English fallback
  INFO: 'STR_PWR_BTN_FOOTNOTE_BACK' missing in LT, using English fallback
  INFO: 'STR_PWR_BTN_FOOTNOTE_BACK' missing in SI, using English fallback
  INFO: 'STR_PWR_BTN_FOOTNOTE_BACK' missing in SK, using English fallback
  INFO: 'STR_PWR_BTN_FOOTNOTE_BACK' missing in VI, using English fallback
  INFO: 'STR_BACK_SHORT_TO_FILE_BROWSER' missing in FR, using English fallback
  INFO: 'STR_BACK_SHORT_TO_FILE_BROWSER' missing in CS, using English fallback
  INFO: 'STR_BACK_SHORT_TO_FILE_BROWSER' missing in PT, using English fallback
  INFO: 'STR_BACK_SHORT_TO_FILE_BROWSER' missing in RU, using English fallback
  INFO: 'STR_BACK_SHORT_TO_FILE_BROWSER' missing in RO, using English fallback
  INFO: 'STR_BACK_SHORT_TO_FILE_BROWSER' missing in UK, using English fallback
  INFO: 'STR_BACK_SHORT_TO_FILE_BROWSER' missing in BE, using English fallback
  INFO: 'STR_BACK_SHORT_TO_FILE_BROWSER' missing in PL, using English fallback
  INFO: 'STR_BACK_SHORT_TO_FILE_BROWSER' missing in FI, using English fallback
  INFO: 'STR_BACK_SHORT_TO_FILE_BROWSER' missing in DA, using English fallback
  INFO: 'STR_BACK_SHORT_TO_FILE_BROWSER' missing in NL, using English fallback
  INFO: 'STR_BACK_SHORT_TO_FILE_BROWSER' missing in TR, using English fallback
  INFO: 'STR_BACK_SHORT_TO_FILE_BROWSER' missing in KK, using English fallback
  INFO: 'STR_BACK_SHORT_TO_FILE_BROWSER' missing in HU, using English fallback
  INFO: 'STR_BACK_SHORT_TO_FILE_BROWSER' missing in LT, using English fallback
  INFO: 'STR_BACK_SHORT_TO_FILE_BROWSER' missing in SI, using English fallback
  INFO: 'STR_BACK_SHORT_TO_FILE_BROWSER' missing in HE, using English fallback
  INFO: 'STR_BACK_SHORT_TO_FILE_BROWSER' missing in SK, using English fallback
  INFO: 'STR_BACK_SHORT_TO_FILE_BROWSER' missing in VI, using English fallback
  INFO: 'STR_BACK_SHORT_TO_FILE_BROWSER' missing in NB, using English fallback
  INFO: 'STR_BACK_SHORT_TO_FILE_BROWSER' missing in P2, using English fallback
  INFO: 'STR_BACK_SHORT_TO_FILE_BROWSER' missing in AR, using English fallback
  INFO: 'STR_BACK_SHORT_TO_FILE_BROWSER' missing in BS, using English fallback
  INFO: 'STR_SET_SLEEP_COVER' missing in FR, using English fallback
  INFO: 'STR_SET_SLEEP_COVER' missing in CS, using English fallback
  INFO: 'STR_SET_SLEEP_COVER' missing in RO, using English fallback
  INFO: 'STR_SET_SLEEP_COVER' missing in BE, using English fallback
  INFO: 'STR_SET_SLEEP_COVER' missing in FI, using English fallback
  INFO: 'STR_SET_SLEEP_COVER' missing in DA, using English fallback
  INFO: 'STR_SET_SLEEP_COVER' missing in NL, using English fallback
  INFO: 'STR_SET_SLEEP_COVER' missing in KK, using English fallback
  INFO: 'STR_SET_SLEEP_COVER' missing in LT, using English fallback
  INFO: 'STR_SET_SLEEP_COVER' missing in SI, using English fallback
  INFO: 'STR_FOOTNOTES' missing in CS, using English fallback
  INFO: 'STR_FOOTNOTES' missing in FI, using English fallback
  INFO: 'STR_NO_FOOTNOTES' missing in CS, using English fallback
  INFO: 'STR_NO_FOOTNOTES' missing in FI, using English fallback
  INFO: 'STR_LINK' missing in CS, using English fallback
  INFO: 'STR_LINK' missing in FI, using English fallback
  INFO: 'STR_STEP_HINT_FRONT' missing in NB, using English fallback
  INFO: 'STR_STEP_HINT_SIDE' missing in NB, using English fallback
  INFO: 'STR_ADD_SERVER' missing in FR, using English fallback
  INFO: 'STR_ADD_SERVER' missing in CS, using English fallback
  INFO: 'STR_ADD_SERVER' missing in RO, using English fallback
  INFO: 'STR_ADD_SERVER' missing in BE, using English fallback
  INFO: 'STR_ADD_SERVER' missing in FI, using English fallback
  INFO: 'STR_ADD_SERVER' missing in DA, using English fallback
  INFO: 'STR_ADD_SERVER' missing in NL, using English fallback
  INFO: 'STR_ADD_SERVER' missing in KK, using English fallback
  INFO: 'STR_ADD_SERVER' missing in LT, using English fallback
  INFO: 'STR_ADD_SERVER' missing in SI, using English fallback
  INFO: 'STR_SERVER_NAME' missing in FR, using English fallback
  INFO: 'STR_SERVER_NAME' missing in CS, using English fallback
  INFO: 'STR_SERVER_NAME' missing in RO, using English fallback
  INFO: 'STR_SERVER_NAME' missing in BE, using English fallback
  INFO: 'STR_SERVER_NAME' missing in FI, using English fallback
  INFO: 'STR_SERVER_NAME' missing in DA, using English fallback
  INFO: 'STR_SERVER_NAME' missing in NL, using English fallback
  INFO: 'STR_SERVER_NAME' missing in KK, using English fallback
  INFO: 'STR_SERVER_NAME' missing in LT, using English fallback
  INFO: 'STR_SERVER_NAME' missing in SI, using English fallback
  INFO: 'STR_NO_SERVERS' missing in FR, using English fallback
  INFO: 'STR_NO_SERVERS' missing in CS, using English fallback
  INFO: 'STR_NO_SERVERS' missing in RO, using English fallback
  INFO: 'STR_NO_SERVERS' missing in BE, using English fallback
  INFO: 'STR_NO_SERVERS' missing in FI, using English fallback
  INFO: 'STR_NO_SERVERS' missing in DA, using English fallback
  INFO: 'STR_NO_SERVERS' missing in NL, using English fallback
  INFO: 'STR_NO_SERVERS' missing in KK, using English fallback
  INFO: 'STR_NO_SERVERS' missing in LT, using English fallback
  INFO: 'STR_NO_SERVERS' missing in SI, using English fallback
  INFO: 'STR_DELETE_SERVER' missing in FR, using English fallback
  INFO: 'STR_DELETE_SERVER' missing in CS, using English fallback
  INFO: 'STR_DELETE_SERVER' missing in RO, using English fallback
  INFO: 'STR_DELETE_SERVER' missing in BE, using English fallback
  INFO: 'STR_DELETE_SERVER' missing in FI, using English fallback
  INFO: 'STR_DELETE_SERVER' missing in DA, using English fallback
  INFO: 'STR_DELETE_SERVER' missing in NL, using English fallback
  INFO: 'STR_DELETE_SERVER' missing in KK, using English fallback
  INFO: 'STR_DELETE_SERVER' missing in LT, using English fallback
  INFO: 'STR_DELETE_SERVER' missing in SI, using English fallback
  INFO: 'STR_OPDS_SERVERS' missing in FR, using English fallback
  INFO: 'STR_OPDS_SERVERS' missing in CS, using English fallback
  INFO: 'STR_OPDS_SERVERS' missing in RO, using English fallback
  INFO: 'STR_OPDS_SERVERS' missing in BE, using English fallback
  INFO: 'STR_OPDS_SERVERS' missing in FI, using English fallback
  INFO: 'STR_OPDS_SERVERS' missing in DA, using English fallback
  INFO: 'STR_OPDS_SERVERS' missing in NL, using English fallback
  INFO: 'STR_OPDS_SERVERS' missing in KK, using English fallback
  INFO: 'STR_OPDS_SERVERS' missing in LT, using English fallback
  INFO: 'STR_OPDS_SERVERS' missing in SI, using English fallback
  INFO: 'STR_OPDS_DOWNLOAD_FOLDER' missing in NB, using English fallback
  INFO: 'STR_OPDS_DOWNLOAD_FOLDER' missing in AR, using English fallback
  INFO: 'STR_OPDS_DOWNLOAD_FOLDER' missing in BS, using English fallback
  INFO: 'STR_OPDS_FILENAME_FORMAT' missing in NB, using English fallback
  INFO: 'STR_OPDS_FILENAME_FORMAT' missing in AR, using English fallback
  INFO: 'STR_OPDS_FILENAME_FORMAT' missing in BS, using English fallback
  INFO: 'STR_FMT_AUTHOR_TITLE' missing in NB, using English fallback
  INFO: 'STR_FMT_AUTHOR_TITLE' missing in AR, using English fallback
  INFO: 'STR_FMT_AUTHOR_TITLE' missing in BS, using English fallback
  INFO: 'STR_FMT_TITLE_AUTHOR' missing in NB, using English fallback
  INFO: 'STR_FMT_TITLE_AUTHOR' missing in AR, using English fallback
  INFO: 'STR_FMT_TITLE_AUTHOR' missing in BS, using English fallback
  INFO: 'STR_FMT_TITLE' missing in NB, using English fallback
  INFO: 'STR_FMT_TITLE' missing in AR, using English fallback
  INFO: 'STR_FMT_TITLE' missing in BS, using English fallback
  INFO: 'STR_OPDS_SD_ROOT' missing in FR, using English fallback
  INFO: 'STR_OPDS_SD_ROOT' missing in DE, using English fallback
  INFO: 'STR_OPDS_SD_ROOT' missing in CS, using English fallback
  INFO: 'STR_OPDS_SD_ROOT' missing in PT, using English fallback
  INFO: 'STR_OPDS_SD_ROOT' missing in RU, using English fallback
  INFO: 'STR_OPDS_SD_ROOT' missing in RO, using English fallback
  INFO: 'STR_OPDS_SD_ROOT' missing in UK, using English fallback
  INFO: 'STR_OPDS_SD_ROOT' missing in BE, using English fallback
  INFO: 'STR_OPDS_SD_ROOT' missing in PL, using English fallback
  INFO: 'STR_OPDS_SD_ROOT' missing in FI, using English fallback
  INFO: 'STR_OPDS_SD_ROOT' missing in DA, using English fallback
  INFO: 'STR_OPDS_SD_ROOT' missing in NL, using English fallback
  INFO: 'STR_OPDS_SD_ROOT' missing in TR, using English fallback
  INFO: 'STR_OPDS_SD_ROOT' missing in KK, using English fallback
  INFO: 'STR_OPDS_SD_ROOT' missing in HU, using English fallback
  INFO: 'STR_OPDS_SD_ROOT' missing in LT, using English fallback
  INFO: 'STR_OPDS_SD_ROOT' missing in SI, using English fallback
  INFO: 'STR_OPDS_SD_ROOT' missing in HE, using English fallback
  INFO: 'STR_OPDS_SD_ROOT' missing in SK, using English fallback
  INFO: 'STR_OPDS_SD_ROOT' missing in VI, using English fallback
  INFO: 'STR_OPDS_SD_ROOT' missing in NB, using English fallback
  INFO: 'STR_OPDS_SD_ROOT' missing in P2, using English fallback
  INFO: 'STR_OPDS_SD_ROOT' missing in AR, using English fallback
  INFO: 'STR_OPDS_SD_ROOT' missing in BS, using English fallback
  INFO: 'STR_AUTO_TURN_ENABLED' missing in CS, using English fallback
  INFO: 'STR_AUTO_TURN_ENABLED' missing in FI, using English fallback
  INFO: 'STR_AUTO_TURN_PAGES_PER_MIN' missing in CS, using English fallback
  INFO: 'STR_AUTO_TURN_PAGES_PER_MIN' missing in FI, using English fallback
  INFO: 'STR_MANAGE_FONTS' missing in FR, using English fallback
  INFO: 'STR_MANAGE_FONTS' missing in CS, using English fallback
  INFO: 'STR_MANAGE_FONTS' missing in RO, using English fallback
  INFO: 'STR_MANAGE_FONTS' missing in BE, using English fallback
  INFO: 'STR_MANAGE_FONTS' missing in PL, using English fallback
  INFO: 'STR_MANAGE_FONTS' missing in FI, using English fallback
  INFO: 'STR_MANAGE_FONTS' missing in DA, using English fallback
  INFO: 'STR_MANAGE_FONTS' missing in NL, using English fallback
  INFO: 'STR_MANAGE_FONTS' missing in KK, using English fallback
  INFO: 'STR_MANAGE_FONTS' missing in LT, using English fallback
  INFO: 'STR_MANAGE_FONTS' missing in SI, using English fallback
  INFO: 'STR_FONT_REPOSITORIES' missing in ES, using English fallback
  INFO: 'STR_FONT_REPOSITORIES' missing in FR, using English fallback
  INFO: 'STR_FONT_REPOSITORIES' missing in DE, using English fallback
  INFO: 'STR_FONT_REPOSITORIES' missing in CS, using English fallback
  INFO: 'STR_FONT_REPOSITORIES' missing in PT, using English fallback
  INFO: 'STR_FONT_REPOSITORIES' missing in RU, using English fallback
  INFO: 'STR_FONT_REPOSITORIES' missing in SV, using English fallback
  INFO: 'STR_FONT_REPOSITORIES' missing in RO, using English fallback
  INFO: 'STR_FONT_REPOSITORIES' missing in CA, using English fallback
  INFO: 'STR_FONT_REPOSITORIES' missing in UK, using English fallback
  INFO: 'STR_FONT_REPOSITORIES' missing in BE, using English fallback
  INFO: 'STR_FONT_REPOSITORIES' missing in IT, using English fallback
  INFO: 'STR_FONT_REPOSITORIES' missing in PL, using English fallback
  INFO: 'STR_FONT_REPOSITORIES' missing in FI, using English fallback
  INFO: 'STR_FONT_REPOSITORIES' missing in DA, using English fallback
  INFO: 'STR_FONT_REPOSITORIES' missing in NL, using English fallback
  INFO: 'STR_FONT_REPOSITORIES' missing in TR, using English fallback
  INFO: 'STR_FONT_REPOSITORIES' missing in KK, using English fallback
  INFO: 'STR_FONT_REPOSITORIES' missing in HU, using English fallback
  INFO: 'STR_FONT_REPOSITORIES' missing in LT, using English fallback
  INFO: 'STR_FONT_REPOSITORIES' missing in SI, using English fallback
  INFO: 'STR_FONT_REPOSITORIES' missing in CAV, using English fallback
  INFO: 'STR_FONT_REPOSITORIES' missing in HE, using English fallback
  INFO: 'STR_FONT_REPOSITORIES' missing in SK, using English fallback
  INFO: 'STR_FONT_REPOSITORIES' missing in VI, using English fallback
  INFO: 'STR_FONT_REPOSITORIES' missing in NB, using English fallback
  INFO: 'STR_FONT_REPOSITORIES' missing in P2, using English fallback
  INFO: 'STR_FONT_REPOSITORIES' missing in AR, using English fallback
  INFO: 'STR_FONT_REPOSITORIES' missing in BS, using English fallback
  INFO: 'STR_FONT_REPOSITORIES' missing in ID, using English fallback
  INFO: 'STR_ADD_FONT_REPOSITORY' missing in ES, using English fallback
  INFO: 'STR_ADD_FONT_REPOSITORY' missing in FR, using English fallback
  INFO: 'STR_ADD_FONT_REPOSITORY' missing in DE, using English fallback
  INFO: 'STR_ADD_FONT_REPOSITORY' missing in CS, using English fallback
  INFO: 'STR_ADD_FONT_REPOSITORY' missing in PT, using English fallback
  INFO: 'STR_ADD_FONT_REPOSITORY' missing in RU, using English fallback
  INFO: 'STR_ADD_FONT_REPOSITORY' missing in SV, using English fallback
  INFO: 'STR_ADD_FONT_REPOSITORY' missing in RO, using English fallback
  INFO: 'STR_ADD_FONT_REPOSITORY' missing in CA, using English fallback
  INFO: 'STR_ADD_FONT_REPOSITORY' missing in UK, using English fallback
  INFO: 'STR_ADD_FONT_REPOSITORY' missing in BE, using English fallback
  INFO: 'STR_ADD_FONT_REPOSITORY' missing in IT, using English fallback
  INFO: 'STR_ADD_FONT_REPOSITORY' missing in PL, using English fallback
  INFO: 'STR_ADD_FONT_REPOSITORY' missing in FI, using English fallback
  INFO: 'STR_ADD_FONT_REPOSITORY' missing in DA, using English fallback
  INFO: 'STR_ADD_FONT_REPOSITORY' missing in NL, using English fallback
  INFO: 'STR_ADD_FONT_REPOSITORY' missing in TR, using English fallback
  INFO: 'STR_ADD_FONT_REPOSITORY' missing in KK, using English fallback
  INFO: 'STR_ADD_FONT_REPOSITORY' missing in HU, using English fallback
  INFO: 'STR_ADD_FONT_REPOSITORY' missing in LT, using English fallback
  INFO: 'STR_ADD_FONT_REPOSITORY' missing in SI, using English fallback
  INFO: 'STR_ADD_FONT_REPOSITORY' missing in CAV, using English fallback
  INFO: 'STR_ADD_FONT_REPOSITORY' missing in HE, using English fallback
  INFO: 'STR_ADD_FONT_REPOSITORY' missing in SK, using English fallback
  INFO: 'STR_ADD_FONT_REPOSITORY' missing in VI, using English fallback
  INFO: 'STR_ADD_FONT_REPOSITORY' missing in NB, using English fallback
  INFO: 'STR_ADD_FONT_REPOSITORY' missing in P2, using English fallback
  INFO: 'STR_ADD_FONT_REPOSITORY' missing in AR, using English fallback
  INFO: 'STR_ADD_FONT_REPOSITORY' missing in BS, using English fallback
  INFO: 'STR_ADD_FONT_REPOSITORY' missing in ID, using English fallback
  INFO: 'STR_NO_FONT_REPOSITORIES' missing in ES, using English fallback
  INFO: 'STR_NO_FONT_REPOSITORIES' missing in FR, using English fallback
  INFO: 'STR_NO_FONT_REPOSITORIES' missing in DE, using English fallback
  INFO: 'STR_NO_FONT_REPOSITORIES' missing in CS, using English fallback
  INFO: 'STR_NO_FONT_REPOSITORIES' missing in PT, using English fallback
  INFO: 'STR_NO_FONT_REPOSITORIES' missing in RU, using English fallback
  INFO: 'STR_NO_FONT_REPOSITORIES' missing in SV, using English fallback
  INFO: 'STR_NO_FONT_REPOSITORIES' missing in RO, using English fallback
  INFO: 'STR_NO_FONT_REPOSITORIES' missing in CA, using English fallback
  INFO: 'STR_NO_FONT_REPOSITORIES' missing in UK, using English fallback
  INFO: 'STR_NO_FONT_REPOSITORIES' missing in BE, using English fallback
  INFO: 'STR_NO_FONT_REPOSITORIES' missing in IT, using English fallback
  INFO: 'STR_NO_FONT_REPOSITORIES' missing in PL, using English fallback
  INFO: 'STR_NO_FONT_REPOSITORIES' missing in FI, using English fallback
  INFO: 'STR_NO_FONT_REPOSITORIES' missing in DA, using English fallback
  INFO: 'STR_NO_FONT_REPOSITORIES' missing in NL, using English fallback
  INFO: 'STR_NO_FONT_REPOSITORIES' missing in TR, using English fallback
  INFO: 'STR_NO_FONT_REPOSITORIES' missing in KK, using English fallback
  INFO: 'STR_NO_FONT_REPOSITORIES' missing in HU, using English fallback
  INFO: 'STR_NO_FONT_REPOSITORIES' missing in LT, using English fallback
  INFO: 'STR_NO_FONT_REPOSITORIES' missing in SI, using English fallback
  INFO: 'STR_NO_FONT_REPOSITORIES' missing in CAV, using English fallback
  INFO: 'STR_NO_FONT_REPOSITORIES' missing in HE, using English fallback
  INFO: 'STR_NO_FONT_REPOSITORIES' missing in SK, using English fallback
  INFO: 'STR_NO_FONT_REPOSITORIES' missing in VI, using English fallback
  INFO: 'STR_NO_FONT_REPOSITORIES' missing in NB, using English fallback
  INFO: 'STR_NO_FONT_REPOSITORIES' missing in P2, using English fallback
  INFO: 'STR_NO_FONT_REPOSITORIES' missing in AR, using English fallback
  INFO: 'STR_NO_FONT_REPOSITORIES' missing in BS, using English fallback
  INFO: 'STR_NO_FONT_REPOSITORIES' missing in ID, using English fallback
  INFO: 'STR_FONT_REPOSITORY_EDIT' missing in ES, using English fallback
  INFO: 'STR_FONT_REPOSITORY_EDIT' missing in FR, using English fallback
  INFO: 'STR_FONT_REPOSITORY_EDIT' missing in DE, using English fallback
  INFO: 'STR_FONT_REPOSITORY_EDIT' missing in CS, using English fallback
  INFO: 'STR_FONT_REPOSITORY_EDIT' missing in PT, using English fallback
  INFO: 'STR_FONT_REPOSITORY_EDIT' missing in RU, using English fallback
  INFO: 'STR_FONT_REPOSITORY_EDIT' missing in SV, using English fallback
  INFO: 'STR_FONT_REPOSITORY_EDIT' missing in RO, using English fallback
  INFO: 'STR_FONT_REPOSITORY_EDIT' missing in CA, using English fallback
  INFO: 'STR_FONT_REPOSITORY_EDIT' missing in UK, using English fallback
  INFO: 'STR_FONT_REPOSITORY_EDIT' missing in BE, using English fallback
  INFO: 'STR_FONT_REPOSITORY_EDIT' missing in IT, using English fallback
  INFO: 'STR_FONT_REPOSITORY_EDIT' missing in PL, using English fallback
  INFO: 'STR_FONT_REPOSITORY_EDIT' missing in FI, using English fallback
  INFO: 'STR_FONT_REPOSITORY_EDIT' missing in DA, using English fallback
  INFO: 'STR_FONT_REPOSITORY_EDIT' missing in NL, using English fallback
  INFO: 'STR_FONT_REPOSITORY_EDIT' missing in TR, using English fallback
  INFO: 'STR_FONT_REPOSITORY_EDIT' missing in KK, using English fallback
  INFO: 'STR_FONT_REPOSITORY_EDIT' missing in HU, using English fallback
  INFO: 'STR_FONT_REPOSITORY_EDIT' missing in LT, using English fallback
  INFO: 'STR_FONT_REPOSITORY_EDIT' missing in SI, using English fallback
  INFO: 'STR_FONT_REPOSITORY_EDIT' missing in CAV, using English fallback
  INFO: 'STR_FONT_REPOSITORY_EDIT' missing in HE, using English fallback
  INFO: 'STR_FONT_REPOSITORY_EDIT' missing in SK, using English fallback
  INFO: 'STR_FONT_REPOSITORY_EDIT' missing in VI, using English fallback
  INFO: 'STR_FONT_REPOSITORY_EDIT' missing in NB, using English fallback
  INFO: 'STR_FONT_REPOSITORY_EDIT' missing in P2, using English fallback
  INFO: 'STR_FONT_REPOSITORY_EDIT' missing in AR, using English fallback
  INFO: 'STR_FONT_REPOSITORY_EDIT' missing in BS, using English fallback
  INFO: 'STR_FONT_REPOSITORY_EDIT' missing in ID, using English fallback
  INFO: 'STR_FONT_REPOSITORY_DELETE' missing in ES, using English fallback
  INFO: 'STR_FONT_REPOSITORY_DELETE' missing in FR, using English fallback
  INFO: 'STR_FONT_REPOSITORY_DELETE' missing in DE, using English fallback
  INFO: 'STR_FONT_REPOSITORY_DELETE' missing in CS, using English fallback
  INFO: 'STR_FONT_REPOSITORY_DELETE' missing in PT, using English fallback
  INFO: 'STR_FONT_REPOSITORY_DELETE' missing in RU, using English fallback
  INFO: 'STR_FONT_REPOSITORY_DELETE' missing in SV, using English fallback
  INFO: 'STR_FONT_REPOSITORY_DELETE' missing in RO, using English fallback
  INFO: 'STR_FONT_REPOSITORY_DELETE' missing in CA, using English fallback
  INFO: 'STR_FONT_REPOSITORY_DELETE' missing in UK, using English fallback
  INFO: 'STR_FONT_REPOSITORY_DELETE' missing in BE, using English fallback
  INFO: 'STR_FONT_REPOSITORY_DELETE' missing in IT, using English fallback
  INFO: 'STR_FONT_REPOSITORY_DELETE' missing in PL, using English fallback
  INFO: 'STR_FONT_REPOSITORY_DELETE' missing in FI, using English fallback
  INFO: 'STR_FONT_REPOSITORY_DELETE' missing in DA, using English fallback
  INFO: 'STR_FONT_REPOSITORY_DELETE' missing in NL, using English fallback
  INFO: 'STR_FONT_REPOSITORY_DELETE' missing in TR, using English fallback
  INFO: 'STR_FONT_REPOSITORY_DELETE' missing in KK, using English fallback
  INFO: 'STR_FONT_REPOSITORY_DELETE' missing in HU, using English fallback
  INFO: 'STR_FONT_REPOSITORY_DELETE' missing in LT, using English fallback
  INFO: 'STR_FONT_REPOSITORY_DELETE' missing in SI, using English fallback
  INFO: 'STR_FONT_REPOSITORY_DELETE' missing in CAV, using English fallback
  INFO: 'STR_FONT_REPOSITORY_DELETE' missing in HE, using English fallback
  INFO: 'STR_FONT_REPOSITORY_DELETE' missing in SK, using English fallback
  INFO: 'STR_FONT_REPOSITORY_DELETE' missing in VI, using English fallback
  INFO: 'STR_FONT_REPOSITORY_DELETE' missing in NB, using English fallback
  INFO: 'STR_FONT_REPOSITORY_DELETE' missing in P2, using English fallback
  INFO: 'STR_FONT_REPOSITORY_DELETE' missing in AR, using English fallback
  INFO: 'STR_FONT_REPOSITORY_DELETE' missing in BS, using English fallback
  INFO: 'STR_FONT_REPOSITORY_DELETE' missing in ID, using English fallback
  INFO: 'STR_FONT_REPOSITORY_ENTRY_TITLE' missing in ES, using English fallback
  INFO: 'STR_FONT_REPOSITORY_ENTRY_TITLE' missing in FR, using English fallback
  INFO: 'STR_FONT_REPOSITORY_ENTRY_TITLE' missing in DE, using English fallback
  INFO: 'STR_FONT_REPOSITORY_ENTRY_TITLE' missing in CS, using English fallback
  INFO: 'STR_FONT_REPOSITORY_ENTRY_TITLE' missing in PT, using English fallback
  INFO: 'STR_FONT_REPOSITORY_ENTRY_TITLE' missing in RU, using English fallback
  INFO: 'STR_FONT_REPOSITORY_ENTRY_TITLE' missing in SV, using English fallback
  INFO: 'STR_FONT_REPOSITORY_ENTRY_TITLE' missing in RO, using English fallback
  INFO: 'STR_FONT_REPOSITORY_ENTRY_TITLE' missing in CA, using English fallback
  INFO: 'STR_FONT_REPOSITORY_ENTRY_TITLE' missing in UK, using English fallback
  INFO: 'STR_FONT_REPOSITORY_ENTRY_TITLE' missing in BE, using English fallback
  INFO: 'STR_FONT_REPOSITORY_ENTRY_TITLE' missing in IT, using English fallback
  INFO: 'STR_FONT_REPOSITORY_ENTRY_TITLE' missing in PL, using English fallback
  INFO: 'STR_FONT_REPOSITORY_ENTRY_TITLE' missing in FI, using English fallback
  INFO: 'STR_FONT_REPOSITORY_ENTRY_TITLE' missing in DA, using English fallback
  INFO: 'STR_FONT_REPOSITORY_ENTRY_TITLE' missing in NL, using English fallback
  INFO: 'STR_FONT_REPOSITORY_ENTRY_TITLE' missing in TR, using English fallback
  INFO: 'STR_FONT_REPOSITORY_ENTRY_TITLE' missing in KK, using English fallback
  INFO: 'STR_FONT_REPOSITORY_ENTRY_TITLE' missing in HU, using English fallback
  INFO: 'STR_FONT_REPOSITORY_ENTRY_TITLE' missing in LT, using English fallback
  INFO: 'STR_FONT_REPOSITORY_ENTRY_TITLE' missing in SI, using English fallback
  INFO: 'STR_FONT_REPOSITORY_ENTRY_TITLE' missing in CAV, using English fallback
  INFO: 'STR_FONT_REPOSITORY_ENTRY_TITLE' missing in HE, using English fallback
  INFO: 'STR_FONT_REPOSITORY_ENTRY_TITLE' missing in SK, using English fallback
  INFO: 'STR_FONT_REPOSITORY_ENTRY_TITLE' missing in VI, using English fallback
  INFO: 'STR_FONT_REPOSITORY_ENTRY_TITLE' missing in NB, using English fallback
  INFO: 'STR_FONT_REPOSITORY_ENTRY_TITLE' missing in P2, using English fallback
  INFO: 'STR_FONT_REPOSITORY_ENTRY_TITLE' missing in AR, using English fallback
  INFO: 'STR_FONT_REPOSITORY_ENTRY_TITLE' missing in BS, using English fallback
  INFO: 'STR_FONT_REPOSITORY_ENTRY_TITLE' missing in ID, using English fallback
  INFO: 'STR_FONT_REPOSITORY_INVALID' missing in ES, using English fallback
  INFO: 'STR_FONT_REPOSITORY_INVALID' missing in FR, using English fallback
  INFO: 'STR_FONT_REPOSITORY_INVALID' missing in DE, using English fallback
  INFO: 'STR_FONT_REPOSITORY_INVALID' missing in CS, using English fallback
  INFO: 'STR_FONT_REPOSITORY_INVALID' missing in PT, using English fallback
  INFO: 'STR_FONT_REPOSITORY_INVALID' missing in RU, using English fallback
  INFO: 'STR_FONT_REPOSITORY_INVALID' missing in SV, using English fallback
  INFO: 'STR_FONT_REPOSITORY_INVALID' missing in RO, using English fallback
  INFO: 'STR_FONT_REPOSITORY_INVALID' missing in CA, using English fallback
  INFO: 'STR_FONT_REPOSITORY_INVALID' missing in UK, using English fallback
  INFO: 'STR_FONT_REPOSITORY_INVALID' missing in BE, using English fallback
  INFO: 'STR_FONT_REPOSITORY_INVALID' missing in IT, using English fallback
  INFO: 'STR_FONT_REPOSITORY_INVALID' missing in PL, using English fallback
  INFO: 'STR_FONT_REPOSITORY_INVALID' missing in FI, using English fallback
  INFO: 'STR_FONT_REPOSITORY_INVALID' missing in DA, using English fallback
  INFO: 'STR_FONT_REPOSITORY_INVALID' missing in NL, using English fallback
  INFO: 'STR_FONT_REPOSITORY_INVALID' missing in TR, using English fallback
  INFO: 'STR_FONT_REPOSITORY_INVALID' missing in KK, using English fallback
  INFO: 'STR_FONT_REPOSITORY_INVALID' missing in HU, using English fallback
  INFO: 'STR_FONT_REPOSITORY_INVALID' missing in LT, using English fallback
  INFO: 'STR_FONT_REPOSITORY_INVALID' missing in SI, using English fallback
  INFO: 'STR_FONT_REPOSITORY_INVALID' missing in CAV, using English fallback
  INFO: 'STR_FONT_REPOSITORY_INVALID' missing in HE, using English fallback
  INFO: 'STR_FONT_REPOSITORY_INVALID' missing in SK, using English fallback
  INFO: 'STR_FONT_REPOSITORY_INVALID' missing in VI, using English fallback
  INFO: 'STR_FONT_REPOSITORY_INVALID' missing in NB, using English fallback
  INFO: 'STR_FONT_REPOSITORY_INVALID' missing in P2, using English fallback
  INFO: 'STR_FONT_REPOSITORY_INVALID' missing in AR, using English fallback
  INFO: 'STR_FONT_REPOSITORY_INVALID' missing in BS, using English fallback
  INFO: 'STR_FONT_REPOSITORY_INVALID' missing in ID, using English fallback
  INFO: 'STR_FONT_REPO_LIMIT' missing in ES, using English fallback
  INFO: 'STR_FONT_REPO_LIMIT' missing in FR, using English fallback
  INFO: 'STR_FONT_REPO_LIMIT' missing in DE, using English fallback
  INFO: 'STR_FONT_REPO_LIMIT' missing in CS, using English fallback
  INFO: 'STR_FONT_REPO_LIMIT' missing in PT, using English fallback
  INFO: 'STR_FONT_REPO_LIMIT' missing in RU, using English fallback
  INFO: 'STR_FONT_REPO_LIMIT' missing in SV, using English fallback
  INFO: 'STR_FONT_REPO_LIMIT' missing in RO, using English fallback
  INFO: 'STR_FONT_REPO_LIMIT' missing in CA, using English fallback
  INFO: 'STR_FONT_REPO_LIMIT' missing in UK, using English fallback
  INFO: 'STR_FONT_REPO_LIMIT' missing in BE, using English fallback
  INFO: 'STR_FONT_REPO_LIMIT' missing in IT, using English fallback
  INFO: 'STR_FONT_REPO_LIMIT' missing in PL, using English fallback
  INFO: 'STR_FONT_REPO_LIMIT' missing in FI, using English fallback
  INFO: 'STR_FONT_REPO_LIMIT' missing in DA, using English fallback
  INFO: 'STR_FONT_REPO_LIMIT' missing in NL, using English fallback
  INFO: 'STR_FONT_REPO_LIMIT' missing in TR, using English fallback
  INFO: 'STR_FONT_REPO_LIMIT' missing in KK, using English fallback
  INFO: 'STR_FONT_REPO_LIMIT' missing in HU, using English fallback
  INFO: 'STR_FONT_REPO_LIMIT' missing in LT, using English fallback
  INFO: 'STR_FONT_REPO_LIMIT' missing in SI, using English fallback
  INFO: 'STR_FONT_REPO_LIMIT' missing in CAV, using English fallback
  INFO: 'STR_FONT_REPO_LIMIT' missing in HE, using English fallback
  INFO: 'STR_FONT_REPO_LIMIT' missing in SK, using English fallback
  INFO: 'STR_FONT_REPO_LIMIT' missing in VI, using English fallback
  INFO: 'STR_FONT_REPO_LIMIT' missing in NB, using English fallback
  INFO: 'STR_FONT_REPO_LIMIT' missing in P2, using English fallback
  INFO: 'STR_FONT_REPO_LIMIT' missing in AR, using English fallback
  INFO: 'STR_FONT_REPO_LIMIT' missing in BS, using English fallback
  INFO: 'STR_FONT_REPO_LIMIT' missing in ID, using English fallback
  INFO: 'STR_FONT_REPO_SOME_FAILED' missing in ES, using English fallback
  INFO: 'STR_FONT_REPO_SOME_FAILED' missing in FR, using English fallback
  INFO: 'STR_FONT_REPO_SOME_FAILED' missing in DE, using English fallback
  INFO: 'STR_FONT_REPO_SOME_FAILED' missing in CS, using English fallback
  INFO: 'STR_FONT_REPO_SOME_FAILED' missing in PT, using English fallback
  INFO: 'STR_FONT_REPO_SOME_FAILED' missing in RU, using English fallback
  INFO: 'STR_FONT_REPO_SOME_FAILED' missing in SV, using English fallback
  INFO: 'STR_FONT_REPO_SOME_FAILED' missing in RO, using English fallback
  INFO: 'STR_FONT_REPO_SOME_FAILED' missing in CA, using English fallback
  INFO: 'STR_FONT_REPO_SOME_FAILED' missing in UK, using English fallback
  INFO: 'STR_FONT_REPO_SOME_FAILED' missing in BE, using English fallback
  INFO: 'STR_FONT_REPO_SOME_FAILED' missing in IT, using English fallback
  INFO: 'STR_FONT_REPO_SOME_FAILED' missing in PL, using English fallback
  INFO: 'STR_FONT_REPO_SOME_FAILED' missing in FI, using English fallback
  INFO: 'STR_FONT_REPO_SOME_FAILED' missing in DA, using English fallback
  INFO: 'STR_FONT_REPO_SOME_FAILED' missing in NL, using English fallback
  INFO: 'STR_FONT_REPO_SOME_FAILED' missing in TR, using English fallback
  INFO: 'STR_FONT_REPO_SOME_FAILED' missing in KK, using English fallback
  INFO: 'STR_FONT_REPO_SOME_FAILED' missing in HU, using English fallback
  INFO: 'STR_FONT_REPO_SOME_FAILED' missing in LT, using English fallback
  INFO: 'STR_FONT_REPO_SOME_FAILED' missing in SI, using English fallback
  INFO: 'STR_FONT_REPO_SOME_FAILED' missing in CAV, using English fallback
  INFO: 'STR_FONT_REPO_SOME_FAILED' missing in HE, using English fallback
  INFO: 'STR_FONT_REPO_SOME_FAILED' missing in SK, using English fallback
  INFO: 'STR_FONT_REPO_SOME_FAILED' missing in VI, using English fallback
  INFO: 'STR_FONT_REPO_SOME_FAILED' missing in NB, using English fallback
  INFO: 'STR_FONT_REPO_SOME_FAILED' missing in P2, using English fallback
  INFO: 'STR_FONT_REPO_SOME_FAILED' missing in AR, using English fallback
  INFO: 'STR_FONT_REPO_SOME_FAILED' missing in BS, using English fallback
  INFO: 'STR_FONT_REPO_SOME_FAILED' missing in ID, using English fallback
  INFO: 'STR_FONT_REPO_COUNT' missing in ES, using English fallback
  INFO: 'STR_FONT_REPO_COUNT' missing in FR, using English fallback
  INFO: 'STR_FONT_REPO_COUNT' missing in DE, using English fallback
  INFO: 'STR_FONT_REPO_COUNT' missing in CS, using English fallback
  INFO: 'STR_FONT_REPO_COUNT' missing in PT, using English fallback
  INFO: 'STR_FONT_REPO_COUNT' missing in RU, using English fallback
  INFO: 'STR_FONT_REPO_COUNT' missing in SV, using English fallback
  INFO: 'STR_FONT_REPO_COUNT' missing in RO, using English fallback
  INFO: 'STR_FONT_REPO_COUNT' missing in CA, using English fallback
  INFO: 'STR_FONT_REPO_COUNT' missing in UK, using English fallback
  INFO: 'STR_FONT_REPO_COUNT' missing in BE, using English fallback
  INFO: 'STR_FONT_REPO_COUNT' missing in IT, using English fallback
  INFO: 'STR_FONT_REPO_COUNT' missing in PL, using English fallback
  INFO: 'STR_FONT_REPO_COUNT' missing in FI, using English fallback
  INFO: 'STR_FONT_REPO_COUNT' missing in DA, using English fallback
  INFO: 'STR_FONT_REPO_COUNT' missing in NL, using English fallback
  INFO: 'STR_FONT_REPO_COUNT' missing in TR, using English fallback
  INFO: 'STR_FONT_REPO_COUNT' missing in KK, using English fallback
  INFO: 'STR_FONT_REPO_COUNT' missing in HU, using English fallback
  INFO: 'STR_FONT_REPO_COUNT' missing in LT, using English fallback
  INFO: 'STR_FONT_REPO_COUNT' missing in SI, using English fallback
  INFO: 'STR_FONT_REPO_COUNT' missing in CAV, using English fallback
  INFO: 'STR_FONT_REPO_COUNT' missing in HE, using English fallback
  INFO: 'STR_FONT_REPO_COUNT' missing in SK, using English fallback
  INFO: 'STR_FONT_REPO_COUNT' missing in VI, using English fallback
  INFO: 'STR_FONT_REPO_COUNT' missing in NB, using English fallback
  INFO: 'STR_FONT_REPO_COUNT' missing in P2, using English fallback
  INFO: 'STR_FONT_REPO_COUNT' missing in AR, using English fallback
  INFO: 'STR_FONT_REPO_COUNT' missing in BS, using English fallback
  INFO: 'STR_FONT_REPO_COUNT' missing in ID, using English fallback
  INFO: 'STR_FONT_BROWSER' missing in FR, using English fallback
  INFO: 'STR_FONT_BROWSER' missing in CS, using English fallback
  INFO: 'STR_FONT_BROWSER' missing in RO, using English fallback
  INFO: 'STR_FONT_BROWSER' missing in BE, using English fallback
  INFO: 'STR_FONT_BROWSER' missing in PL, using English fallback
  INFO: 'STR_FONT_BROWSER' missing in FI, using English fallback
  INFO: 'STR_FONT_BROWSER' missing in DA, using English fallback
  INFO: 'STR_FONT_BROWSER' missing in NL, using English fallback
  INFO: 'STR_FONT_BROWSER' missing in KK, using English fallback
  INFO: 'STR_FONT_BROWSER' missing in LT, using English fallback
  INFO: 'STR_FONT_BROWSER' missing in SI, using English fallback
  INFO: 'STR_LOADING_FONT_LIST' missing in FR, using English fallback
  INFO: 'STR_LOADING_FONT_LIST' missing in CS, using English fallback
  INFO: 'STR_LOADING_FONT_LIST' missing in RO, using English fallback
  INFO: 'STR_LOADING_FONT_LIST' missing in BE, using English fallback
  INFO: 'STR_LOADING_FONT_LIST' missing in FI, using English fallback
  INFO: 'STR_LOADING_FONT_LIST' missing in DA, using English fallback
  INFO: 'STR_LOADING_FONT_LIST' missing in NL, using English fallback
  INFO: 'STR_LOADING_FONT_LIST' missing in KK, using English fallback
  INFO: 'STR_LOADING_FONT_LIST' missing in LT, using English fallback
  INFO: 'STR_LOADING_FONT_LIST' missing in SI, using English fallback
  INFO: 'STR_NO_FONTS_AVAILABLE' missing in FR, using English fallback
  INFO: 'STR_NO_FONTS_AVAILABLE' missing in CS, using English fallback
  INFO: 'STR_NO_FONTS_AVAILABLE' missing in RO, using English fallback
  INFO: 'STR_NO_FONTS_AVAILABLE' missing in BE, using English fallback
  INFO: 'STR_NO_FONTS_AVAILABLE' missing in FI, using English fallback
  INFO: 'STR_NO_FONTS_AVAILABLE' missing in DA, using English fallback
  INFO: 'STR_NO_FONTS_AVAILABLE' missing in NL, using English fallback
  INFO: 'STR_NO_FONTS_AVAILABLE' missing in KK, using English fallback
  INFO: 'STR_NO_FONTS_AVAILABLE' missing in LT, using English fallback
  INFO: 'STR_NO_FONTS_AVAILABLE' missing in SI, using English fallback
  INFO: 'STR_FONT_INSTALLED' missing in FR, using English fallback
  INFO: 'STR_FONT_INSTALLED' missing in CS, using English fallback
  INFO: 'STR_FONT_INSTALLED' missing in RO, using English fallback
  INFO: 'STR_FONT_INSTALLED' missing in BE, using English fallback
  INFO: 'STR_FONT_INSTALLED' missing in FI, using English fallback
  INFO: 'STR_FONT_INSTALLED' missing in DA, using English fallback
  INFO: 'STR_FONT_INSTALLED' missing in NL, using English fallback
  INFO: 'STR_FONT_INSTALLED' missing in KK, using English fallback
  INFO: 'STR_FONT_INSTALLED' missing in LT, using English fallback
  INFO: 'STR_FONT_INSTALLED' missing in SI, using English fallback
  INFO: 'STR_FONT_INSTALL_FAILED' missing in FR, using English fallback
  INFO: 'STR_FONT_INSTALL_FAILED' missing in CS, using English fallback
  INFO: 'STR_FONT_INSTALL_FAILED' missing in RO, using English fallback
  INFO: 'STR_FONT_INSTALL_FAILED' missing in BE, using English fallback
  INFO: 'STR_FONT_INSTALL_FAILED' missing in FI, using English fallback
  INFO: 'STR_FONT_INSTALL_FAILED' missing in DA, using English fallback
  INFO: 'STR_FONT_INSTALL_FAILED' missing in NL, using English fallback
  INFO: 'STR_FONT_INSTALL_FAILED' missing in KK, using English fallback
  INFO: 'STR_FONT_INSTALL_FAILED' missing in LT, using English fallback
  INFO: 'STR_FONT_INSTALL_FAILED' missing in SI, using English fallback
  INFO: 'STR_FONT_DELETE_FAILED' missing in ES, using English fallback
  INFO: 'STR_FONT_DELETE_FAILED' missing in FR, using English fallback
  INFO: 'STR_FONT_DELETE_FAILED' missing in DE, using English fallback
  INFO: 'STR_FONT_DELETE_FAILED' missing in CS, using English fallback
  INFO: 'STR_FONT_DELETE_FAILED' missing in PT, using English fallback
  INFO: 'STR_FONT_DELETE_FAILED' missing in RU, using English fallback
  INFO: 'STR_FONT_DELETE_FAILED' missing in SV, using English fallback
  INFO: 'STR_FONT_DELETE_FAILED' missing in RO, using English fallback
  INFO: 'STR_FONT_DELETE_FAILED' missing in CA, using English fallback
  INFO: 'STR_FONT_DELETE_FAILED' missing in UK, using English fallback
  INFO: 'STR_FONT_DELETE_FAILED' missing in BE, using English fallback
  INFO: 'STR_FONT_DELETE_FAILED' missing in IT, using English fallback
  INFO: 'STR_FONT_DELETE_FAILED' missing in PL, using English fallback
  INFO: 'STR_FONT_DELETE_FAILED' missing in FI, using English fallback
  INFO: 'STR_FONT_DELETE_FAILED' missing in DA, using English fallback
  INFO: 'STR_FONT_DELETE_FAILED' missing in NL, using English fallback
  INFO: 'STR_FONT_DELETE_FAILED' missing in TR, using English fallback
  INFO: 'STR_FONT_DELETE_FAILED' missing in KK, using English fallback
  INFO: 'STR_FONT_DELETE_FAILED' missing in HU, using English fallback
  INFO: 'STR_FONT_DELETE_FAILED' missing in LT, using English fallback
  INFO: 'STR_FONT_DELETE_FAILED' missing in SI, using English fallback
  INFO: 'STR_FONT_DELETE_FAILED' missing in CAV, using English fallback
  INFO: 'STR_FONT_DELETE_FAILED' missing in HE, using English fallback
  INFO: 'STR_FONT_DELETE_FAILED' missing in SK, using English fallback
  INFO: 'STR_FONT_DELETE_FAILED' missing in VI, using English fallback
  INFO: 'STR_FONT_DELETE_FAILED' missing in NB, using English fallback
  INFO: 'STR_FONT_DELETE_FAILED' missing in P2, using English fallback
  INFO: 'STR_FONT_DELETE_FAILED' missing in AR, using English fallback
  INFO: 'STR_FONT_DELETE_FAILED' missing in BS, using English fallback
  INFO: 'STR_FONT_DELETE_FAILED' missing in ID, using English fallback
  INFO: 'STR_FONT_LIST_READ_FAILED' missing in ES, using English fallback
  INFO: 'STR_FONT_LIST_READ_FAILED' missing in FR, using English fallback
  INFO: 'STR_FONT_LIST_READ_FAILED' missing in DE, using English fallback
  INFO: 'STR_FONT_LIST_READ_FAILED' missing in CS, using English fallback
  INFO: 'STR_FONT_LIST_READ_FAILED' missing in PT, using English fallback
  INFO: 'STR_FONT_LIST_READ_FAILED' missing in RU, using English fallback
  INFO: 'STR_FONT_LIST_READ_FAILED' missing in SV, using English fallback
  INFO: 'STR_FONT_LIST_READ_FAILED' missing in RO, using English fallback
  INFO: 'STR_FONT_LIST_READ_FAILED' missing in CA, using English fallback
  INFO: 'STR_FONT_LIST_READ_FAILED' missing in UK, using English fallback
  INFO: 'STR_FONT_LIST_READ_FAILED' missing in BE, using English fallback
  INFO: 'STR_FONT_LIST_READ_FAILED' missing in IT, using English fallback
  INFO: 'STR_FONT_LIST_READ_FAILED' missing in PL, using English fallback
  INFO: 'STR_FONT_LIST_READ_FAILED' missing in FI, using English fallback
  INFO: 'STR_FONT_LIST_READ_FAILED' missing in DA, using English fallback
  INFO: 'STR_FONT_LIST_READ_FAILED' missing in NL, using English fallback
  INFO: 'STR_FONT_LIST_READ_FAILED' missing in TR, using English fallback
  INFO: 'STR_FONT_LIST_READ_FAILED' missing in KK, using English fallback
  INFO: 'STR_FONT_LIST_READ_FAILED' missing in HU, using English fallback
  INFO: 'STR_FONT_LIST_READ_FAILED' missing in LT, using English fallback
  INFO: 'STR_FONT_LIST_READ_FAILED' missing in SI, using English fallback
  INFO: 'STR_FONT_LIST_READ_FAILED' missing in CAV, using English fallback
  INFO: 'STR_FONT_LIST_READ_FAILED' missing in HE, using English fallback
  INFO: 'STR_FONT_LIST_READ_FAILED' missing in SK, using English fallback
  INFO: 'STR_FONT_LIST_READ_FAILED' missing in VI, using English fallback
  INFO: 'STR_FONT_LIST_READ_FAILED' missing in NB, using English fallback
  INFO: 'STR_FONT_LIST_READ_FAILED' missing in P2, using English fallback
  INFO: 'STR_FONT_LIST_READ_FAILED' missing in AR, using English fallback
  INFO: 'STR_FONT_LIST_READ_FAILED' missing in BS, using English fallback
  INFO: 'STR_FONT_LIST_READ_FAILED' missing in ID, using English fallback
  INFO: 'STR_FONT_LIST_FETCH_FAILED' missing in ES, using English fallback
  INFO: 'STR_FONT_LIST_FETCH_FAILED' missing in FR, using English fallback
  INFO: 'STR_FONT_LIST_FETCH_FAILED' missing in DE, using English fallback
  INFO: 'STR_FONT_LIST_FETCH_FAILED' missing in CS, using English fallback
  INFO: 'STR_FONT_LIST_FETCH_FAILED' missing in PT, using English fallback
  INFO: 'STR_FONT_LIST_FETCH_FAILED' missing in RU, using English fallback
  INFO: 'STR_FONT_LIST_FETCH_FAILED' missing in SV, using English fallback
  INFO: 'STR_FONT_LIST_FETCH_FAILED' missing in RO, using English fallback
  INFO: 'STR_FONT_LIST_FETCH_FAILED' missing in CA, using English fallback
  INFO: 'STR_FONT_LIST_FETCH_FAILED' missing in UK, using English fallback
  INFO: 'STR_FONT_LIST_FETCH_FAILED' missing in BE, using English fallback
  INFO: 'STR_FONT_LIST_FETCH_FAILED' missing in IT, using English fallback
  INFO: 'STR_FONT_LIST_FETCH_FAILED' missing in PL, using English fallback
  INFO: 'STR_FONT_LIST_FETCH_FAILED' missing in FI, using English fallback
  INFO: 'STR_FONT_LIST_FETCH_FAILED' missing in DA, using English fallback
  INFO: 'STR_FONT_LIST_FETCH_FAILED' missing in NL, using English fallback
  INFO: 'STR_FONT_LIST_FETCH_FAILED' missing in TR, using English fallback
  INFO: 'STR_FONT_LIST_FETCH_FAILED' missing in KK, using English fallback
  INFO: 'STR_FONT_LIST_FETCH_FAILED' missing in HU, using English fallback
  INFO: 'STR_FONT_LIST_FETCH_FAILED' missing in LT, using English fallback
  INFO: 'STR_FONT_LIST_FETCH_FAILED' missing in SI, using English fallback
  INFO: 'STR_FONT_LIST_FETCH_FAILED' missing in CAV, using English fallback
  INFO: 'STR_FONT_LIST_FETCH_FAILED' missing in HE, using English fallback
  INFO: 'STR_FONT_LIST_FETCH_FAILED' missing in SK, using English fallback
  INFO: 'STR_FONT_LIST_FETCH_FAILED' missing in VI, using English fallback
  INFO: 'STR_FONT_LIST_FETCH_FAILED' missing in NB, using English fallback
  INFO: 'STR_FONT_LIST_FETCH_FAILED' missing in P2, using English fallback
  INFO: 'STR_FONT_LIST_FETCH_FAILED' missing in AR, using English fallback
  INFO: 'STR_FONT_LIST_FETCH_FAILED' missing in BS, using English fallback
  INFO: 'STR_FONT_LIST_FETCH_FAILED' missing in ID, using English fallback
  INFO: 'STR_FONT_MANIFEST_INVALID' missing in ES, using English fallback
  INFO: 'STR_FONT_MANIFEST_INVALID' missing in FR, using English fallback
  INFO: 'STR_FONT_MANIFEST_INVALID' missing in DE, using English fallback
  INFO: 'STR_FONT_MANIFEST_INVALID' missing in CS, using English fallback
  INFO: 'STR_FONT_MANIFEST_INVALID' missing in PT, using English fallback
  INFO: 'STR_FONT_MANIFEST_INVALID' missing in RU, using English fallback
  INFO: 'STR_FONT_MANIFEST_INVALID' missing in SV, using English fallback
  INFO: 'STR_FONT_MANIFEST_INVALID' missing in RO, using English fallback
  INFO: 'STR_FONT_MANIFEST_INVALID' missing in CA, using English fallback
  INFO: 'STR_FONT_MANIFEST_INVALID' missing in UK, using English fallback
  INFO: 'STR_FONT_MANIFEST_INVALID' missing in BE, using English fallback
  INFO: 'STR_FONT_MANIFEST_INVALID' missing in IT, using English fallback
  INFO: 'STR_FONT_MANIFEST_INVALID' missing in PL, using English fallback
  INFO: 'STR_FONT_MANIFEST_INVALID' missing in FI, using English fallback
  INFO: 'STR_FONT_MANIFEST_INVALID' missing in DA, using English fallback
  INFO: 'STR_FONT_MANIFEST_INVALID' missing in NL, using English fallback
  INFO: 'STR_FONT_MANIFEST_INVALID' missing in TR, using English fallback
  INFO: 'STR_FONT_MANIFEST_INVALID' missing in KK, using English fallback
  INFO: 'STR_FONT_MANIFEST_INVALID' missing in HU, using English fallback
  INFO: 'STR_FONT_MANIFEST_INVALID' missing in LT, using English fallback
  INFO: 'STR_FONT_MANIFEST_INVALID' missing in SI, using English fallback
  INFO: 'STR_FONT_MANIFEST_INVALID' missing in CAV, using English fallback
  INFO: 'STR_FONT_MANIFEST_INVALID' missing in HE, using English fallback
  INFO: 'STR_FONT_MANIFEST_INVALID' missing in SK, using English fallback
  INFO: 'STR_FONT_MANIFEST_INVALID' missing in VI, using English fallback
  INFO: 'STR_FONT_MANIFEST_INVALID' missing in NB, using English fallback
  INFO: 'STR_FONT_MANIFEST_INVALID' missing in P2, using English fallback
  INFO: 'STR_FONT_MANIFEST_INVALID' missing in AR, using English fallback
  INFO: 'STR_FONT_MANIFEST_INVALID' missing in BS, using English fallback
  INFO: 'STR_FONT_MANIFEST_INVALID' missing in ID, using English fallback
  INFO: 'STR_FONT_MANIFEST_UNSUPPORTED' missing in ES, using English fallback
  INFO: 'STR_FONT_MANIFEST_UNSUPPORTED' missing in FR, using English fallback
  INFO: 'STR_FONT_MANIFEST_UNSUPPORTED' missing in DE, using English fallback
  INFO: 'STR_FONT_MANIFEST_UNSUPPORTED' missing in CS, using English fallback
  INFO: 'STR_FONT_MANIFEST_UNSUPPORTED' missing in PT, using English fallback
  INFO: 'STR_FONT_MANIFEST_UNSUPPORTED' missing in RU, using English fallback
  INFO: 'STR_FONT_MANIFEST_UNSUPPORTED' missing in SV, using English fallback
  INFO: 'STR_FONT_MANIFEST_UNSUPPORTED' missing in RO, using English fallback
  INFO: 'STR_FONT_MANIFEST_UNSUPPORTED' missing in CA, using English fallback
  INFO: 'STR_FONT_MANIFEST_UNSUPPORTED' missing in UK, using English fallback
  INFO: 'STR_FONT_MANIFEST_UNSUPPORTED' missing in BE, using English fallback
  INFO: 'STR_FONT_MANIFEST_UNSUPPORTED' missing in IT, using English fallback
  INFO: 'STR_FONT_MANIFEST_UNSUPPORTED' missing in PL, using English fallback
  INFO: 'STR_FONT_MANIFEST_UNSUPPORTED' missing in FI, using English fallback
  INFO: 'STR_FONT_MANIFEST_UNSUPPORTED' missing in DA, using English fallback
  INFO: 'STR_FONT_MANIFEST_UNSUPPORTED' missing in NL, using English fallback
  INFO: 'STR_FONT_MANIFEST_UNSUPPORTED' missing in TR, using English fallback
  INFO: 'STR_FONT_MANIFEST_UNSUPPORTED' missing in KK, using English fallback
  INFO: 'STR_FONT_MANIFEST_UNSUPPORTED' missing in HU, using English fallback
  INFO: 'STR_FONT_MANIFEST_UNSUPPORTED' missing in LT, using English fallback
  INFO: 'STR_FONT_MANIFEST_UNSUPPORTED' missing in SI, using English fallback
  INFO: 'STR_FONT_MANIFEST_UNSUPPORTED' missing in CAV, using English fallback
  INFO: 'STR_FONT_MANIFEST_UNSUPPORTED' missing in HE, using English fallback
  INFO: 'STR_FONT_MANIFEST_UNSUPPORTED' missing in SK, using English fallback
  INFO: 'STR_FONT_MANIFEST_UNSUPPORTED' missing in VI, using English fallback
  INFO: 'STR_FONT_MANIFEST_UNSUPPORTED' missing in NB, using English fallback
  INFO: 'STR_FONT_MANIFEST_UNSUPPORTED' missing in P2, using English fallback
  INFO: 'STR_FONT_MANIFEST_UNSUPPORTED' missing in AR, using English fallback
  INFO: 'STR_FONT_MANIFEST_UNSUPPORTED' missing in BS, using English fallback
  INFO: 'STR_FONT_MANIFEST_UNSUPPORTED' missing in ID, using English fallback
  INFO: 'STR_FONT_CATALOG_UPDATED_AT' missing in ES, using English fallback
  INFO: 'STR_FONT_CATALOG_UPDATED_AT' missing in FR, using English fallback
  INFO: 'STR_FONT_CATALOG_UPDATED_AT' missing in DE, using English fallback
  INFO: 'STR_FONT_CATALOG_UPDATED_AT' missing in CS, using English fallback
  INFO: 'STR_FONT_CATALOG_UPDATED_AT' missing in PT, using English fallback
  INFO: 'STR_FONT_CATALOG_UPDATED_AT' missing in RU, using English fallback
  INFO: 'STR_FONT_CATALOG_UPDATED_AT' missing in SV, using English fallback
  INFO: 'STR_FONT_CATALOG_UPDATED_AT' missing in RO, using English fallback
  INFO: 'STR_FONT_CATALOG_UPDATED_AT' missing in CA, using English fallback
  INFO: 'STR_FONT_CATALOG_UPDATED_AT' missing in UK, using English fallback
  INFO: 'STR_FONT_CATALOG_UPDATED_AT' missing in BE, using English fallback
  INFO: 'STR_FONT_CATALOG_UPDATED_AT' missing in IT, using English fallback
  INFO: 'STR_FONT_CATALOG_UPDATED_AT' missing in PL, using English fallback
  INFO: 'STR_FONT_CATALOG_UPDATED_AT' missing in FI, using English fallback
  INFO: 'STR_FONT_CATALOG_UPDATED_AT' missing in DA, using English fallback
  INFO: 'STR_FONT_CATALOG_UPDATED_AT' missing in NL, using English fallback
  INFO: 'STR_FONT_CATALOG_UPDATED_AT' missing in TR, using English fallback
  INFO: 'STR_FONT_CATALOG_UPDATED_AT' missing in KK, using English fallback
  INFO: 'STR_FONT_CATALOG_UPDATED_AT' missing in HU, using English fallback
  INFO: 'STR_FONT_CATALOG_UPDATED_AT' missing in LT, using English fallback
  INFO: 'STR_FONT_CATALOG_UPDATED_AT' missing in SI, using English fallback
  INFO: 'STR_FONT_CATALOG_UPDATED_AT' missing in CAV, using English fallback
  INFO: 'STR_FONT_CATALOG_UPDATED_AT' missing in HE, using English fallback
  INFO: 'STR_FONT_CATALOG_UPDATED_AT' missing in SK, using English fallback
  INFO: 'STR_FONT_CATALOG_UPDATED_AT' missing in VI, using English fallback
  INFO: 'STR_FONT_CATALOG_UPDATED_AT' missing in NB, using English fallback
  INFO: 'STR_FONT_CATALOG_UPDATED_AT' missing in P2, using English fallback
  INFO: 'STR_FONT_CATALOG_UPDATED_AT' missing in AR, using English fallback
  INFO: 'STR_FONT_CATALOG_UPDATED_AT' missing in BS, using English fallback
  INFO: 'STR_FONT_CATALOG_UPDATED_AT' missing in ID, using English fallback
  INFO: 'STR_FONT_DIRECTORY_FAILED' missing in ES, using English fallback
  INFO: 'STR_FONT_DIRECTORY_FAILED' missing in FR, using English fallback
  INFO: 'STR_FONT_DIRECTORY_FAILED' missing in DE, using English fallback
  INFO: 'STR_FONT_DIRECTORY_FAILED' missing in CS, using English fallback
  INFO: 'STR_FONT_DIRECTORY_FAILED' missing in PT, using English fallback
  INFO: 'STR_FONT_DIRECTORY_FAILED' missing in RU, using English fallback
  INFO: 'STR_FONT_DIRECTORY_FAILED' missing in SV, using English fallback
  INFO: 'STR_FONT_DIRECTORY_FAILED' missing in RO, using English fallback
  INFO: 'STR_FONT_DIRECTORY_FAILED' missing in CA, using English fallback
  INFO: 'STR_FONT_DIRECTORY_FAILED' missing in UK, using English fallback
  INFO: 'STR_FONT_DIRECTORY_FAILED' missing in BE, using English fallback
  INFO: 'STR_FONT_DIRECTORY_FAILED' missing in IT, using English fallback
  INFO: 'STR_FONT_DIRECTORY_FAILED' missing in PL, using English fallback
  INFO: 'STR_FONT_DIRECTORY_FAILED' missing in FI, using English fallback
  INFO: 'STR_FONT_DIRECTORY_FAILED' missing in DA, using English fallback
  INFO: 'STR_FONT_DIRECTORY_FAILED' missing in NL, using English fallback
  INFO: 'STR_FONT_DIRECTORY_FAILED' missing in TR, using English fallback
  INFO: 'STR_FONT_DIRECTORY_FAILED' missing in KK, using English fallback
  INFO: 'STR_FONT_DIRECTORY_FAILED' missing in HU, using English fallback
  INFO: 'STR_FONT_DIRECTORY_FAILED' missing in LT, using English fallback
  INFO: 'STR_FONT_DIRECTORY_FAILED' missing in SI, using English fallback
  INFO: 'STR_FONT_DIRECTORY_FAILED' missing in CAV, using English fallback
  INFO: 'STR_FONT_DIRECTORY_FAILED' missing in HE, using English fallback
  INFO: 'STR_FONT_DIRECTORY_FAILED' missing in SK, using English fallback
  INFO: 'STR_FONT_DIRECTORY_FAILED' missing in VI, using English fallback
  INFO: 'STR_FONT_DIRECTORY_FAILED' missing in NB, using English fallback
  INFO: 'STR_FONT_DIRECTORY_FAILED' missing in P2, using English fallback
  INFO: 'STR_FONT_DIRECTORY_FAILED' missing in AR, using English fallback
  INFO: 'STR_FONT_DIRECTORY_FAILED' missing in BS, using English fallback
  INFO: 'STR_FONT_DIRECTORY_FAILED' missing in ID, using English fallback
  INFO: 'STR_FONT_CLEANUP_FAILED' missing in ES, using English fallback
  INFO: 'STR_FONT_CLEANUP_FAILED' missing in FR, using English fallback
  INFO: 'STR_FONT_CLEANUP_FAILED' missing in DE, using English fallback
  INFO: 'STR_FONT_CLEANUP_FAILED' missing in CS, using English fallback
  INFO: 'STR_FONT_CLEANUP_FAILED' missing in PT, using English fallback
  INFO: 'STR_FONT_CLEANUP_FAILED' missing in RU, using English fallback
  INFO: 'STR_FONT_CLEANUP_FAILED' missing in SV, using English fallback
  INFO: 'STR_FONT_CLEANUP_FAILED' missing in RO, using English fallback
  INFO: 'STR_FONT_CLEANUP_FAILED' missing in CA, using English fallback
  INFO: 'STR_FONT_CLEANUP_FAILED' missing in UK, using English fallback
  INFO: 'STR_FONT_CLEANUP_FAILED' missing in BE, using English fallback
  INFO: 'STR_FONT_CLEANUP_FAILED' missing in IT, using English fallback
  INFO: 'STR_FONT_CLEANUP_FAILED' missing in PL, using English fallback
  INFO: 'STR_FONT_CLEANUP_FAILED' missing in FI, using English fallback
  INFO: 'STR_FONT_CLEANUP_FAILED' missing in DA, using English fallback
  INFO: 'STR_FONT_CLEANUP_FAILED' missing in NL, using English fallback
  INFO: 'STR_FONT_CLEANUP_FAILED' missing in TR, using English fallback
  INFO: 'STR_FONT_CLEANUP_FAILED' missing in KK, using English fallback
  INFO: 'STR_FONT_CLEANUP_FAILED' missing in HU, using English fallback
  INFO: 'STR_FONT_CLEANUP_FAILED' missing in LT, using English fallback
  INFO: 'STR_FONT_CLEANUP_FAILED' missing in SI, using English fallback
  INFO: 'STR_FONT_CLEANUP_FAILED' missing in CAV, using English fallback
  INFO: 'STR_FONT_CLEANUP_FAILED' missing in HE, using English fallback
  INFO: 'STR_FONT_CLEANUP_FAILED' missing in SK, using English fallback
  INFO: 'STR_FONT_CLEANUP_FAILED' missing in VI, using English fallback
  INFO: 'STR_FONT_CLEANUP_FAILED' missing in NB, using English fallback
  INFO: 'STR_FONT_CLEANUP_FAILED' missing in P2, using English fallback
  INFO: 'STR_FONT_CLEANUP_FAILED' missing in AR, using English fallback
  INFO: 'STR_FONT_CLEANUP_FAILED' missing in BS, using English fallback
  INFO: 'STR_FONT_CLEANUP_FAILED' missing in ID, using English fallback
  INFO: 'STR_INSTALLED' missing in FR, using English fallback
  INFO: 'STR_INSTALLED' missing in CS, using English fallback
  INFO: 'STR_INSTALLED' missing in RO, using English fallback
  INFO: 'STR_INSTALLED' missing in BE, using English fallback
  INFO: 'STR_INSTALLED' missing in FI, using English fallback
  INFO: 'STR_INSTALLED' missing in DA, using English fallback
  INFO: 'STR_INSTALLED' missing in NL, using English fallback
  INFO: 'STR_INSTALLED' missing in KK, using English fallback
  INFO: 'STR_INSTALLED' missing in LT, using English fallback
  INFO: 'STR_INSTALLED' missing in SI, using English fallback
  INFO: 'STR_DOWNLOAD_ALL' missing in FR, using English fallback
  INFO: 'STR_DOWNLOAD_ALL' missing in CS, using English fallback
  INFO: 'STR_DOWNLOAD_ALL' missing in RO, using English fallback
  INFO: 'STR_DOWNLOAD_ALL' missing in BE, using English fallback
  INFO: 'STR_DOWNLOAD_ALL' missing in FI, using English fallback
  INFO: 'STR_DOWNLOAD_ALL' missing in DA, using English fallback
  INFO: 'STR_DOWNLOAD_ALL' missing in NL, using English fallback
  INFO: 'STR_DOWNLOAD_ALL' missing in KK, using English fallback
  INFO: 'STR_DOWNLOAD_ALL' missing in LT, using English fallback
  INFO: 'STR_DOWNLOAD_ALL' missing in SI, using English fallback
  INFO: 'STR_UPDATE_ALL' missing in FR, using English fallback
  INFO: 'STR_UPDATE_ALL' missing in CS, using English fallback
  INFO: 'STR_UPDATE_ALL' missing in RO, using English fallback
  INFO: 'STR_UPDATE_ALL' missing in BE, using English fallback
  INFO: 'STR_UPDATE_ALL' missing in FI, using English fallback
  INFO: 'STR_UPDATE_ALL' missing in DA, using English fallback
  INFO: 'STR_UPDATE_ALL' missing in NL, using English fallback
  INFO: 'STR_UPDATE_ALL' missing in KK, using English fallback
  INFO: 'STR_UPDATE_ALL' missing in LT, using English fallback
  INFO: 'STR_UPDATE_ALL' missing in SI, using English fallback
  INFO: 'STR_FONT_INSUFFICIENT_STORAGE' missing in ES, using English fallback
  INFO: 'STR_FONT_INSUFFICIENT_STORAGE' missing in FR, using English fallback
  INFO: 'STR_FONT_INSUFFICIENT_STORAGE' missing in DE, using English fallback
  INFO: 'STR_FONT_INSUFFICIENT_STORAGE' missing in CS, using English fallback
  INFO: 'STR_FONT_INSUFFICIENT_STORAGE' missing in PT, using English fallback
  INFO: 'STR_FONT_INSUFFICIENT_STORAGE' missing in RU, using English fallback
  INFO: 'STR_FONT_INSUFFICIENT_STORAGE' missing in SV, using English fallback
  INFO: 'STR_FONT_INSUFFICIENT_STORAGE' missing in RO, using English fallback
  INFO: 'STR_FONT_INSUFFICIENT_STORAGE' missing in CA, using English fallback
  INFO: 'STR_FONT_INSUFFICIENT_STORAGE' missing in UK, using English fallback
  INFO: 'STR_FONT_INSUFFICIENT_STORAGE' missing in BE, using English fallback
  INFO: 'STR_FONT_INSUFFICIENT_STORAGE' missing in IT, using English fallback
  INFO: 'STR_FONT_INSUFFICIENT_STORAGE' missing in PL, using English fallback
  INFO: 'STR_FONT_INSUFFICIENT_STORAGE' missing in FI, using English fallback
  INFO: 'STR_FONT_INSUFFICIENT_STORAGE' missing in DA, using English fallback
  INFO: 'STR_FONT_INSUFFICIENT_STORAGE' missing in NL, using English fallback
  INFO: 'STR_FONT_INSUFFICIENT_STORAGE' missing in TR, using English fallback
  INFO: 'STR_FONT_INSUFFICIENT_STORAGE' missing in KK, using English fallback
  INFO: 'STR_FONT_INSUFFICIENT_STORAGE' missing in HU, using English fallback
  INFO: 'STR_FONT_INSUFFICIENT_STORAGE' missing in LT, using English fallback
  INFO: 'STR_FONT_INSUFFICIENT_STORAGE' missing in SI, using English fallback
  INFO: 'STR_FONT_INSUFFICIENT_STORAGE' missing in CAV, using English fallback
  INFO: 'STR_FONT_INSUFFICIENT_STORAGE' missing in HE, using English fallback
  INFO: 'STR_FONT_INSUFFICIENT_STORAGE' missing in SK, using English fallback
  INFO: 'STR_FONT_INSUFFICIENT_STORAGE' missing in VI, using English fallback
  INFO: 'STR_FONT_INSUFFICIENT_STORAGE' missing in NB, using English fallback
  INFO: 'STR_FONT_INSUFFICIENT_STORAGE' missing in P2, using English fallback
  INFO: 'STR_FONT_INSUFFICIENT_STORAGE' missing in AR, using English fallback
  INFO: 'STR_FONT_INSUFFICIENT_STORAGE' missing in BS, using English fallback
  INFO: 'STR_FONT_INSUFFICIENT_STORAGE' missing in ID, using English fallback
  INFO: 'STR_FONT_FILE_SIZE_MISMATCH' missing in ES, using English fallback
  INFO: 'STR_FONT_FILE_SIZE_MISMATCH' missing in FR, using English fallback
  INFO: 'STR_FONT_FILE_SIZE_MISMATCH' missing in DE, using English fallback
  INFO: 'STR_FONT_FILE_SIZE_MISMATCH' missing in CS, using English fallback
  INFO: 'STR_FONT_FILE_SIZE_MISMATCH' missing in PT, using English fallback
  INFO: 'STR_FONT_FILE_SIZE_MISMATCH' missing in RU, using English fallback
  INFO: 'STR_FONT_FILE_SIZE_MISMATCH' missing in SV, using English fallback
  INFO: 'STR_FONT_FILE_SIZE_MISMATCH' missing in RO, using English fallback
  INFO: 'STR_FONT_FILE_SIZE_MISMATCH' missing in CA, using English fallback
  INFO: 'STR_FONT_FILE_SIZE_MISMATCH' missing in UK, using English fallback
  INFO: 'STR_FONT_FILE_SIZE_MISMATCH' missing in BE, using English fallback
  INFO: 'STR_FONT_FILE_SIZE_MISMATCH' missing in IT, using English fallback
  INFO: 'STR_FONT_FILE_SIZE_MISMATCH' missing in PL, using English fallback
  INFO: 'STR_FONT_FILE_SIZE_MISMATCH' missing in FI, using English fallback
  INFO: 'STR_FONT_FILE_SIZE_MISMATCH' missing in DA, using English fallback
  INFO: 'STR_FONT_FILE_SIZE_MISMATCH' missing in NL, using English fallback
  INFO: 'STR_FONT_FILE_SIZE_MISMATCH' missing in TR, using English fallback
  INFO: 'STR_FONT_FILE_SIZE_MISMATCH' missing in KK, using English fallback
  INFO: 'STR_FONT_FILE_SIZE_MISMATCH' missing in HU, using English fallback
  INFO: 'STR_FONT_FILE_SIZE_MISMATCH' missing in LT, using English fallback
  INFO: 'STR_FONT_FILE_SIZE_MISMATCH' missing in SI, using English fallback
  INFO: 'STR_FONT_FILE_SIZE_MISMATCH' missing in CAV, using English fallback
  INFO: 'STR_FONT_FILE_SIZE_MISMATCH' missing in HE, using English fallback
  INFO: 'STR_FONT_FILE_SIZE_MISMATCH' missing in SK, using English fallback
  INFO: 'STR_FONT_FILE_SIZE_MISMATCH' missing in VI, using English fallback
  INFO: 'STR_FONT_FILE_SIZE_MISMATCH' missing in NB, using English fallback
  INFO: 'STR_FONT_FILE_SIZE_MISMATCH' missing in P2, using English fallback
  INFO: 'STR_FONT_FILE_SIZE_MISMATCH' missing in AR, using English fallback
  INFO: 'STR_FONT_FILE_SIZE_MISMATCH' missing in BS, using English fallback
  INFO: 'STR_FONT_FILE_SIZE_MISMATCH' missing in ID, using English fallback
  INFO: 'STR_FONT_CHECKSUM_FAILED' missing in ES, using English fallback
  INFO: 'STR_FONT_CHECKSUM_FAILED' missing in FR, using English fallback
  INFO: 'STR_FONT_CHECKSUM_FAILED' missing in DE, using English fallback
  INFO: 'STR_FONT_CHECKSUM_FAILED' missing in CS, using English fallback
  INFO: 'STR_FONT_CHECKSUM_FAILED' missing in PT, using English fallback
  INFO: 'STR_FONT_CHECKSUM_FAILED' missing in RU, using English fallback
  INFO: 'STR_FONT_CHECKSUM_FAILED' missing in SV, using English fallback
  INFO: 'STR_FONT_CHECKSUM_FAILED' missing in RO, using English fallback
  INFO: 'STR_FONT_CHECKSUM_FAILED' missing in CA, using English fallback
  INFO: 'STR_FONT_CHECKSUM_FAILED' missing in UK, using English fallback
  INFO: 'STR_FONT_CHECKSUM_FAILED' missing in BE, using English fallback
  INFO: 'STR_FONT_CHECKSUM_FAILED' missing in IT, using English fallback
  INFO: 'STR_FONT_CHECKSUM_FAILED' missing in PL, using English fallback
  INFO: 'STR_FONT_CHECKSUM_FAILED' missing in FI, using English fallback
  INFO: 'STR_FONT_CHECKSUM_FAILED' missing in DA, using English fallback
  INFO: 'STR_FONT_CHECKSUM_FAILED' missing in NL, using English fallback
  INFO: 'STR_FONT_CHECKSUM_FAILED' missing in TR, using English fallback
  INFO: 'STR_FONT_CHECKSUM_FAILED' missing in KK, using English fallback
  INFO: 'STR_FONT_CHECKSUM_FAILED' missing in HU, using English fallback
  INFO: 'STR_FONT_CHECKSUM_FAILED' missing in LT, using English fallback
  INFO: 'STR_FONT_CHECKSUM_FAILED' missing in SI, using English fallback
  INFO: 'STR_FONT_CHECKSUM_FAILED' missing in CAV, using English fallback
  INFO: 'STR_FONT_CHECKSUM_FAILED' missing in HE, using English fallback
  INFO: 'STR_FONT_CHECKSUM_FAILED' missing in SK, using English fallback
  INFO: 'STR_FONT_CHECKSUM_FAILED' missing in VI, using English fallback
  INFO: 'STR_FONT_CHECKSUM_FAILED' missing in NB, using English fallback
  INFO: 'STR_FONT_CHECKSUM_FAILED' missing in P2, using English fallback
  INFO: 'STR_FONT_CHECKSUM_FAILED' missing in AR, using English fallback
  INFO: 'STR_FONT_CHECKSUM_FAILED' missing in BS, using English fallback
  INFO: 'STR_FONT_CHECKSUM_FAILED' missing in ID, using English fallback
  INFO: 'STR_FONT_CHECKSUM_MISMATCH' missing in ES, using English fallback
  INFO: 'STR_FONT_CHECKSUM_MISMATCH' missing in FR, using English fallback
  INFO: 'STR_FONT_CHECKSUM_MISMATCH' missing in DE, using English fallback
  INFO: 'STR_FONT_CHECKSUM_MISMATCH' missing in CS, using English fallback
  INFO: 'STR_FONT_CHECKSUM_MISMATCH' missing in PT, using English fallback
  INFO: 'STR_FONT_CHECKSUM_MISMATCH' missing in RU, using English fallback
  INFO: 'STR_FONT_CHECKSUM_MISMATCH' missing in SV, using English fallback
  INFO: 'STR_FONT_CHECKSUM_MISMATCH' missing in RO, using English fallback
  INFO: 'STR_FONT_CHECKSUM_MISMATCH' missing in CA, using English fallback
  INFO: 'STR_FONT_CHECKSUM_MISMATCH' missing in UK, using English fallback
  INFO: 'STR_FONT_CHECKSUM_MISMATCH' missing in BE, using English fallback
  INFO: 'STR_FONT_CHECKSUM_MISMATCH' missing in IT, using English fallback
  INFO: 'STR_FONT_CHECKSUM_MISMATCH' missing in PL, using English fallback
  INFO: 'STR_FONT_CHECKSUM_MISMATCH' missing in FI, using English fallback
  INFO: 'STR_FONT_CHECKSUM_MISMATCH' missing in DA, using English fallback
  INFO: 'STR_FONT_CHECKSUM_MISMATCH' missing in NL, using English fallback
  INFO: 'STR_FONT_CHECKSUM_MISMATCH' missing in TR, using English fallback
  INFO: 'STR_FONT_CHECKSUM_MISMATCH' missing in KK, using English fallback
  INFO: 'STR_FONT_CHECKSUM_MISMATCH' missing in HU, using English fallback
  INFO: 'STR_FONT_CHECKSUM_MISMATCH' missing in LT, using English fallback
  INFO: 'STR_FONT_CHECKSUM_MISMATCH' missing in SI, using English fallback
  INFO: 'STR_FONT_CHECKSUM_MISMATCH' missing in CAV, using English fallback
  INFO: 'STR_FONT_CHECKSUM_MISMATCH' missing in HE, using English fallback
  INFO: 'STR_FONT_CHECKSUM_MISMATCH' missing in SK, using English fallback
  INFO: 'STR_FONT_CHECKSUM_MISMATCH' missing in VI, using English fallback
  INFO: 'STR_FONT_CHECKSUM_MISMATCH' missing in NB, using English fallback
  INFO: 'STR_FONT_CHECKSUM_MISMATCH' missing in P2, using English fallback
  INFO: 'STR_FONT_CHECKSUM_MISMATCH' missing in AR, using English fallback
  INFO: 'STR_FONT_CHECKSUM_MISMATCH' missing in BS, using English fallback
  INFO: 'STR_FONT_CHECKSUM_MISMATCH' missing in ID, using English fallback
  INFO: 'STR_FONT_INVALID_FILE' missing in ES, using English fallback
  INFO: 'STR_FONT_INVALID_FILE' missing in FR, using English fallback
  INFO: 'STR_FONT_INVALID_FILE' missing in DE, using English fallback
  INFO: 'STR_FONT_INVALID_FILE' missing in CS, using English fallback
  INFO: 'STR_FONT_INVALID_FILE' missing in PT, using English fallback
  INFO: 'STR_FONT_INVALID_FILE' missing in RU, using English fallback
  INFO: 'STR_FONT_INVALID_FILE' missing in SV, using English fallback
  INFO: 'STR_FONT_INVALID_FILE' missing in RO, using English fallback
  INFO: 'STR_FONT_INVALID_FILE' missing in CA, using English fallback
  INFO: 'STR_FONT_INVALID_FILE' missing in UK, using English fallback
  INFO: 'STR_FONT_INVALID_FILE' missing in BE, using English fallback
  INFO: 'STR_FONT_INVALID_FILE' missing in IT, using English fallback
  INFO: 'STR_FONT_INVALID_FILE' missing in PL, using English fallback
  INFO: 'STR_FONT_INVALID_FILE' missing in FI, using English fallback
  INFO: 'STR_FONT_INVALID_FILE' missing in DA, using English fallback
  INFO: 'STR_FONT_INVALID_FILE' missing in NL, using English fallback
  INFO: 'STR_FONT_INVALID_FILE' missing in TR, using English fallback
  INFO: 'STR_FONT_INVALID_FILE' missing in KK, using English fallback
  INFO: 'STR_FONT_INVALID_FILE' missing in HU, using English fallback
  INFO: 'STR_FONT_INVALID_FILE' missing in LT, using English fallback
  INFO: 'STR_FONT_INVALID_FILE' missing in SI, using English fallback
  INFO: 'STR_FONT_INVALID_FILE' missing in CAV, using English fallback
  INFO: 'STR_FONT_INVALID_FILE' missing in HE, using English fallback
  INFO: 'STR_FONT_INVALID_FILE' missing in SK, using English fallback
  INFO: 'STR_FONT_INVALID_FILE' missing in VI, using English fallback
  INFO: 'STR_FONT_INVALID_FILE' missing in NB, using English fallback
  INFO: 'STR_FONT_INVALID_FILE' missing in P2, using English fallback
  INFO: 'STR_FONT_INVALID_FILE' missing in AR, using English fallback
  INFO: 'STR_FONT_INVALID_FILE' missing in BS, using English fallback
  INFO: 'STR_FONT_INVALID_FILE' missing in ID, using English fallback
  INFO: 'STR_FONT_REPLACEMENT_FAILED' missing in ES, using English fallback
  INFO: 'STR_FONT_REPLACEMENT_FAILED' missing in FR, using English fallback
  INFO: 'STR_FONT_REPLACEMENT_FAILED' missing in DE, using English fallback
  INFO: 'STR_FONT_REPLACEMENT_FAILED' missing in CS, using English fallback
  INFO: 'STR_FONT_REPLACEMENT_FAILED' missing in PT, using English fallback
  INFO: 'STR_FONT_REPLACEMENT_FAILED' missing in RU, using English fallback
  INFO: 'STR_FONT_REPLACEMENT_FAILED' missing in SV, using English fallback
  INFO: 'STR_FONT_REPLACEMENT_FAILED' missing in RO, using English fallback
  INFO: 'STR_FONT_REPLACEMENT_FAILED' missing in CA, using English fallback
  INFO: 'STR_FONT_REPLACEMENT_FAILED' missing in UK, using English fallback
  INFO: 'STR_FONT_REPLACEMENT_FAILED' missing in BE, using English fallback
  INFO: 'STR_FONT_REPLACEMENT_FAILED' missing in IT, using English fallback
  INFO: 'STR_FONT_REPLACEMENT_FAILED' missing in PL, using English fallback
  INFO: 'STR_FONT_REPLACEMENT_FAILED' missing in FI, using English fallback
  INFO: 'STR_FONT_REPLACEMENT_FAILED' missing in DA, using English fallback
  INFO: 'STR_FONT_REPLACEMENT_FAILED' missing in NL, using English fallback
  INFO: 'STR_FONT_REPLACEMENT_FAILED' missing in TR, using English fallback
  INFO: 'STR_FONT_REPLACEMENT_FAILED' missing in KK, using English fallback
  INFO: 'STR_FONT_REPLACEMENT_FAILED' missing in HU, using English fallback
  INFO: 'STR_FONT_REPLACEMENT_FAILED' missing in LT, using English fallback
  INFO: 'STR_FONT_REPLACEMENT_FAILED' missing in SI, using English fallback
  INFO: 'STR_FONT_REPLACEMENT_FAILED' missing in CAV, using English fallback
  INFO: 'STR_FONT_REPLACEMENT_FAILED' missing in HE, using English fallback
  INFO: 'STR_FONT_REPLACEMENT_FAILED' missing in SK, using English fallback
  INFO: 'STR_FONT_REPLACEMENT_FAILED' missing in VI, using English fallback
  INFO: 'STR_FONT_REPLACEMENT_FAILED' missing in NB, using English fallback
  INFO: 'STR_FONT_REPLACEMENT_FAILED' missing in P2, using English fallback
  INFO: 'STR_FONT_REPLACEMENT_FAILED' missing in AR, using English fallback
  INFO: 'STR_FONT_REPLACEMENT_FAILED' missing in BS, using English fallback
  INFO: 'STR_FONT_REPLACEMENT_FAILED' missing in ID, using English fallback
  INFO: 'STR_FONT_ROLLBACK_FAILED' missing in ES, using English fallback
  INFO: 'STR_FONT_ROLLBACK_FAILED' missing in FR, using English fallback
  INFO: 'STR_FONT_ROLLBACK_FAILED' missing in DE, using English fallback
  INFO: 'STR_FONT_ROLLBACK_FAILED' missing in CS, using English fallback
  INFO: 'STR_FONT_ROLLBACK_FAILED' missing in PT, using English fallback
  INFO: 'STR_FONT_ROLLBACK_FAILED' missing in RU, using English fallback
  INFO: 'STR_FONT_ROLLBACK_FAILED' missing in SV, using English fallback
  INFO: 'STR_FONT_ROLLBACK_FAILED' missing in RO, using English fallback
  INFO: 'STR_FONT_ROLLBACK_FAILED' missing in CA, using English fallback
  INFO: 'STR_FONT_ROLLBACK_FAILED' missing in UK, using English fallback
  INFO: 'STR_FONT_ROLLBACK_FAILED' missing in BE, using English fallback
  INFO: 'STR_FONT_ROLLBACK_FAILED' missing in IT, using English fallback
  INFO: 'STR_FONT_ROLLBACK_FAILED' missing in PL, using English fallback
  INFO: 'STR_FONT_ROLLBACK_FAILED' missing in FI, using English fallback
  INFO: 'STR_FONT_ROLLBACK_FAILED' missing in DA, using English fallback
  INFO: 'STR_FONT_ROLLBACK_FAILED' missing in NL, using English fallback
  INFO: 'STR_FONT_ROLLBACK_FAILED' missing in TR, using English fallback
  INFO: 'STR_FONT_ROLLBACK_FAILED' missing in KK, using English fallback
  INFO: 'STR_FONT_ROLLBACK_FAILED' missing in HU, using English fallback
  INFO: 'STR_FONT_ROLLBACK_FAILED' missing in LT, using English fallback
  INFO: 'STR_FONT_ROLLBACK_FAILED' missing in SI, using English fallback
  INFO: 'STR_FONT_ROLLBACK_FAILED' missing in CAV, using English fallback
  INFO: 'STR_FONT_ROLLBACK_FAILED' missing in HE, using English fallback
  INFO: 'STR_FONT_ROLLBACK_FAILED' missing in SK, using English fallback
  INFO: 'STR_FONT_ROLLBACK_FAILED' missing in VI, using English fallback
  INFO: 'STR_FONT_ROLLBACK_FAILED' missing in NB, using English fallback
  INFO: 'STR_FONT_ROLLBACK_FAILED' missing in P2, using English fallback
  INFO: 'STR_FONT_ROLLBACK_FAILED' missing in AR, using English fallback
  INFO: 'STR_FONT_ROLLBACK_FAILED' missing in BS, using English fallback
  INFO: 'STR_FONT_ROLLBACK_FAILED' missing in ID, using English fallback
  INFO: 'STR_UPDATE_AVAILABLE' missing in FR, using English fallback
  INFO: 'STR_UPDATE_AVAILABLE' missing in CS, using English fallback
  INFO: 'STR_UPDATE_AVAILABLE' missing in RO, using English fallback
  INFO: 'STR_UPDATE_AVAILABLE' missing in BE, using English fallback
  INFO: 'STR_UPDATE_AVAILABLE' missing in FI, using English fallback
  INFO: 'STR_UPDATE_AVAILABLE' missing in DA, using English fallback
  INFO: 'STR_UPDATE_AVAILABLE' missing in NL, using English fallback
  INFO: 'STR_UPDATE_AVAILABLE' missing in KK, using English fallback
  INFO: 'STR_UPDATE_AVAILABLE' missing in LT, using English fallback
  INFO: 'STR_UPDATE_AVAILABLE' missing in SI, using English fallback
  INFO: 'STR_CRASH_TITLE' missing in FR, using English fallback
  INFO: 'STR_CRASH_TITLE' missing in CS, using English fallback
  INFO: 'STR_CRASH_TITLE' missing in RO, using English fallback
  INFO: 'STR_CRASH_TITLE' missing in BE, using English fallback
  INFO: 'STR_CRASH_TITLE' missing in FI, using English fallback
  INFO: 'STR_CRASH_TITLE' missing in DA, using English fallback
  INFO: 'STR_CRASH_TITLE' missing in NL, using English fallback
  INFO: 'STR_CRASH_TITLE' missing in KK, using English fallback
  INFO: 'STR_CRASH_TITLE' missing in LT, using English fallback
  INFO: 'STR_CRASH_TITLE' missing in SI, using English fallback
  INFO: 'STR_CRASH_DESCRIPTION' missing in FR, using English fallback
  INFO: 'STR_CRASH_DESCRIPTION' missing in CS, using English fallback
  INFO: 'STR_CRASH_DESCRIPTION' missing in RO, using English fallback
  INFO: 'STR_CRASH_DESCRIPTION' missing in BE, using English fallback
  INFO: 'STR_CRASH_DESCRIPTION' missing in FI, using English fallback
  INFO: 'STR_CRASH_DESCRIPTION' missing in DA, using English fallback
  INFO: 'STR_CRASH_DESCRIPTION' missing in NL, using English fallback
  INFO: 'STR_CRASH_DESCRIPTION' missing in KK, using English fallback
  INFO: 'STR_CRASH_DESCRIPTION' missing in LT, using English fallback
  INFO: 'STR_CRASH_DESCRIPTION' missing in SI, using English fallback
  INFO: 'STR_CRASH_REASON' missing in FR, using English fallback
  INFO: 'STR_CRASH_REASON' missing in CS, using English fallback
  INFO: 'STR_CRASH_REASON' missing in RO, using English fallback
  INFO: 'STR_CRASH_REASON' missing in BE, using English fallback
  INFO: 'STR_CRASH_REASON' missing in FI, using English fallback
  INFO: 'STR_CRASH_REASON' missing in DA, using English fallback
  INFO: 'STR_CRASH_REASON' missing in NL, using English fallback
  INFO: 'STR_CRASH_REASON' missing in KK, using English fallback
  INFO: 'STR_CRASH_REASON' missing in LT, using English fallback
  INFO: 'STR_CRASH_REASON' missing in SI, using English fallback
  INFO: 'STR_CRASH_NO_REASON' missing in FR, using English fallback
  INFO: 'STR_CRASH_NO_REASON' missing in CS, using English fallback
  INFO: 'STR_CRASH_NO_REASON' missing in RO, using English fallback
  INFO: 'STR_CRASH_NO_REASON' missing in BE, using English fallback
  INFO: 'STR_CRASH_NO_REASON' missing in FI, using English fallback
  INFO: 'STR_CRASH_NO_REASON' missing in DA, using English fallback
  INFO: 'STR_CRASH_NO_REASON' missing in NL, using English fallback
  INFO: 'STR_CRASH_NO_REASON' missing in KK, using English fallback
  INFO: 'STR_CRASH_NO_REASON' missing in LT, using English fallback
  INFO: 'STR_CRASH_NO_REASON' missing in SI, using English fallback
  INFO: 'STR_KB_HINT_MOVE_CURSOR' missing in FR, using English fallback
  INFO: 'STR_KB_HINT_MOVE_CURSOR' missing in CS, using English fallback
  INFO: 'STR_KB_HINT_MOVE_CURSOR' missing in RO, using English fallback
  INFO: 'STR_KB_HINT_MOVE_CURSOR' missing in BE, using English fallback
  INFO: 'STR_KB_HINT_MOVE_CURSOR' missing in FI, using English fallback
  INFO: 'STR_KB_HINT_MOVE_CURSOR' missing in DA, using English fallback
  INFO: 'STR_KB_HINT_MOVE_CURSOR' missing in NL, using English fallback
  INFO: 'STR_KB_HINT_MOVE_CURSOR' missing in KK, using English fallback
  INFO: 'STR_KB_HINT_MOVE_CURSOR' missing in LT, using English fallback
  INFO: 'STR_KB_HINT_MOVE_CURSOR' missing in SI, using English fallback
  INFO: 'STR_KB_HINT_RETURN_CURSOR' missing in FR, using English fallback
  INFO: 'STR_KB_HINT_RETURN_CURSOR' missing in CS, using English fallback
  INFO: 'STR_KB_HINT_RETURN_CURSOR' missing in RO, using English fallback
  INFO: 'STR_KB_HINT_RETURN_CURSOR' missing in BE, using English fallback
  INFO: 'STR_KB_HINT_RETURN_CURSOR' missing in FI, using English fallback
  INFO: 'STR_KB_HINT_RETURN_CURSOR' missing in DA, using English fallback
  INFO: 'STR_KB_HINT_RETURN_CURSOR' missing in NL, using English fallback
  INFO: 'STR_KB_HINT_RETURN_CURSOR' missing in KK, using English fallback
  INFO: 'STR_KB_HINT_RETURN_CURSOR' missing in LT, using English fallback
  INFO: 'STR_KB_HINT_RETURN_CURSOR' missing in SI, using English fallback
  INFO: 'STR_KB_HINT_HIDE_PASSWORD' missing in FR, using English fallback
  INFO: 'STR_KB_HINT_HIDE_PASSWORD' missing in CS, using English fallback
  INFO: 'STR_KB_HINT_HIDE_PASSWORD' missing in RO, using English fallback
  INFO: 'STR_KB_HINT_HIDE_PASSWORD' missing in BE, using English fallback
  INFO: 'STR_KB_HINT_HIDE_PASSWORD' missing in FI, using English fallback
  INFO: 'STR_KB_HINT_HIDE_PASSWORD' missing in DA, using English fallback
  INFO: 'STR_KB_HINT_HIDE_PASSWORD' missing in NL, using English fallback
  INFO: 'STR_KB_HINT_HIDE_PASSWORD' missing in KK, using English fallback
  INFO: 'STR_KB_HINT_HIDE_PASSWORD' missing in LT, using English fallback
  INFO: 'STR_KB_HINT_HIDE_PASSWORD' missing in SI, using English fallback
  INFO: 'STR_KB_HINT_SHOW_PASSWORD' missing in FR, using English fallback
  INFO: 'STR_KB_HINT_SHOW_PASSWORD' missing in CS, using English fallback
  INFO: 'STR_KB_HINT_SHOW_PASSWORD' missing in RO, using English fallback
  INFO: 'STR_KB_HINT_SHOW_PASSWORD' missing in BE, using English fallback
  INFO: 'STR_KB_HINT_SHOW_PASSWORD' missing in FI, using English fallback
  INFO: 'STR_KB_HINT_SHOW_PASSWORD' missing in DA, using English fallback
  INFO: 'STR_KB_HINT_SHOW_PASSWORD' missing in NL, using English fallback
  INFO: 'STR_KB_HINT_SHOW_PASSWORD' missing in KK, using English fallback
  INFO: 'STR_KB_HINT_SHOW_PASSWORD' missing in LT, using English fallback
  INFO: 'STR_KB_HINT_SHOW_PASSWORD' missing in SI, using English fallback
  INFO: 'STR_KB_HINT_TOGGLE_HIDE_PASSWORD' missing in FR, using English fallback
  INFO: 'STR_KB_HINT_TOGGLE_HIDE_PASSWORD' missing in CS, using English fallback
  INFO: 'STR_KB_HINT_TOGGLE_HIDE_PASSWORD' missing in RO, using English fallback
  INFO: 'STR_KB_HINT_TOGGLE_HIDE_PASSWORD' missing in BE, using English fallback
  INFO: 'STR_KB_HINT_TOGGLE_HIDE_PASSWORD' missing in FI, using English fallback
  INFO: 'STR_KB_HINT_TOGGLE_HIDE_PASSWORD' missing in DA, using English fallback
  INFO: 'STR_KB_HINT_TOGGLE_HIDE_PASSWORD' missing in NL, using English fallback
  INFO: 'STR_KB_HINT_TOGGLE_HIDE_PASSWORD' missing in KK, using English fallback
  INFO: 'STR_KB_HINT_TOGGLE_HIDE_PASSWORD' missing in LT, using English fallback
  INFO: 'STR_KB_HINT_TOGGLE_HIDE_PASSWORD' missing in SI, using English fallback
  INFO: 'STR_KB_HINT_TOGGLE_SHOW_PASSWORD' missing in FR, using English fallback
  INFO: 'STR_KB_HINT_TOGGLE_SHOW_PASSWORD' missing in CS, using English fallback
  INFO: 'STR_KB_HINT_TOGGLE_SHOW_PASSWORD' missing in RO, using English fallback
  INFO: 'STR_KB_HINT_TOGGLE_SHOW_PASSWORD' missing in BE, using English fallback
  INFO: 'STR_KB_HINT_TOGGLE_SHOW_PASSWORD' missing in FI, using English fallback
  INFO: 'STR_KB_HINT_TOGGLE_SHOW_PASSWORD' missing in DA, using English fallback
  INFO: 'STR_KB_HINT_TOGGLE_SHOW_PASSWORD' missing in NL, using English fallback
  INFO: 'STR_KB_HINT_TOGGLE_SHOW_PASSWORD' missing in KK, using English fallback
  INFO: 'STR_KB_HINT_TOGGLE_SHOW_PASSWORD' missing in LT, using English fallback
  INFO: 'STR_KB_HINT_TOGGLE_SHOW_PASSWORD' missing in SI, using English fallback
  INFO: 'STR_KB_HINT_EDIT_ENTRY' missing in FR, using English fallback
  INFO: 'STR_KB_HINT_EDIT_ENTRY' missing in CS, using English fallback
  INFO: 'STR_KB_HINT_EDIT_ENTRY' missing in RO, using English fallback
  INFO: 'STR_KB_HINT_EDIT_ENTRY' missing in BE, using English fallback
  INFO: 'STR_KB_HINT_EDIT_ENTRY' missing in FI, using English fallback
  INFO: 'STR_KB_HINT_EDIT_ENTRY' missing in DA, using English fallback
  INFO: 'STR_KB_HINT_EDIT_ENTRY' missing in NL, using English fallback
  INFO: 'STR_KB_HINT_EDIT_ENTRY' missing in KK, using English fallback
  INFO: 'STR_KB_HINT_EDIT_ENTRY' missing in LT, using English fallback
  INFO: 'STR_KB_HINT_EDIT_ENTRY' missing in SI, using English fallback
  INFO: 'STR_KB_TIPS' missing in FR, using English fallback
  INFO: 'STR_KB_TIPS' missing in CS, using English fallback
  INFO: 'STR_KB_TIPS' missing in RO, using English fallback
  INFO: 'STR_KB_TIPS' missing in BE, using English fallback
  INFO: 'STR_KB_TIPS' missing in FI, using English fallback
  INFO: 'STR_KB_TIPS' missing in DA, using English fallback
  INFO: 'STR_KB_TIPS' missing in NL, using English fallback
  INFO: 'STR_KB_TIPS' missing in KK, using English fallback
  INFO: 'STR_KB_TIPS' missing in LT, using English fallback
  INFO: 'STR_KB_TIPS' missing in SI, using English fallback
  INFO: 'STR_KB_HINT_RETURN_KEYBOARD' missing in FR, using English fallback
  INFO: 'STR_KB_HINT_RETURN_KEYBOARD' missing in CS, using English fallback
  INFO: 'STR_KB_HINT_RETURN_KEYBOARD' missing in RO, using English fallback
  INFO: 'STR_KB_HINT_RETURN_KEYBOARD' missing in BE, using English fallback
  INFO: 'STR_KB_HINT_RETURN_KEYBOARD' missing in FI, using English fallback
  INFO: 'STR_KB_HINT_RETURN_KEYBOARD' missing in DA, using English fallback
  INFO: 'STR_KB_HINT_RETURN_KEYBOARD' missing in NL, using English fallback
  INFO: 'STR_KB_HINT_RETURN_KEYBOARD' missing in KK, using English fallback
  INFO: 'STR_KB_HINT_RETURN_KEYBOARD' missing in LT, using English fallback
  INFO: 'STR_KB_HINT_RETURN_KEYBOARD' missing in SI, using English fallback
  INFO: 'STR_KB_HINT_EXIT_URL_MODE' missing in FR, using English fallback
  INFO: 'STR_KB_HINT_EXIT_URL_MODE' missing in CS, using English fallback
  INFO: 'STR_KB_HINT_EXIT_URL_MODE' missing in RO, using English fallback
  INFO: 'STR_KB_HINT_EXIT_URL_MODE' missing in BE, using English fallback
  INFO: 'STR_KB_HINT_EXIT_URL_MODE' missing in FI, using English fallback
  INFO: 'STR_KB_HINT_EXIT_URL_MODE' missing in DA, using English fallback
  INFO: 'STR_KB_HINT_EXIT_URL_MODE' missing in NL, using English fallback
  INFO: 'STR_KB_HINT_EXIT_URL_MODE' missing in KK, using English fallback
  INFO: 'STR_KB_HINT_EXIT_URL_MODE' missing in LT, using English fallback
  INFO: 'STR_KB_HINT_EXIT_URL_MODE' missing in SI, using English fallback
  INFO: 'STR_KB_HINT_CLEAR_TEXT' missing in FR, using English fallback
  INFO: 'STR_KB_HINT_CLEAR_TEXT' missing in CS, using English fallback
  INFO: 'STR_KB_HINT_CLEAR_TEXT' missing in RO, using English fallback
  INFO: 'STR_KB_HINT_CLEAR_TEXT' missing in BE, using English fallback
  INFO: 'STR_KB_HINT_CLEAR_TEXT' missing in FI, using English fallback
  INFO: 'STR_KB_HINT_CLEAR_TEXT' missing in DA, using English fallback
  INFO: 'STR_KB_HINT_CLEAR_TEXT' missing in NL, using English fallback
  INFO: 'STR_KB_HINT_CLEAR_TEXT' missing in KK, using English fallback
  INFO: 'STR_KB_HINT_CLEAR_TEXT' missing in LT, using English fallback
  INFO: 'STR_KB_HINT_CLEAR_TEXT' missing in SI, using English fallback
  INFO: 'STR_KB_HINT_SECONDARY_CHAR' missing in FR, using English fallback
  INFO: 'STR_KB_HINT_SECONDARY_CHAR' missing in CS, using English fallback
  INFO: 'STR_KB_HINT_SECONDARY_CHAR' missing in RO, using English fallback
  INFO: 'STR_KB_HINT_SECONDARY_CHAR' missing in BE, using English fallback
  INFO: 'STR_KB_HINT_SECONDARY_CHAR' missing in FI, using English fallback
  INFO: 'STR_KB_HINT_SECONDARY_CHAR' missing in DA, using English fallback
  INFO: 'STR_KB_HINT_SECONDARY_CHAR' missing in NL, using English fallback
  INFO: 'STR_KB_HINT_SECONDARY_CHAR' missing in KK, using English fallback
  INFO: 'STR_KB_HINT_SECONDARY_CHAR' missing in LT, using English fallback
  INFO: 'STR_KB_HINT_SECONDARY_CHAR' missing in SI, using English fallback
  INFO: 'STR_KB_HINT_UPPER_SECONDARY' missing in FR, using English fallback
  INFO: 'STR_KB_HINT_UPPER_SECONDARY' missing in CS, using English fallback
  INFO: 'STR_KB_HINT_UPPER_SECONDARY' missing in RO, using English fallback
  INFO: 'STR_KB_HINT_UPPER_SECONDARY' missing in BE, using English fallback
  INFO: 'STR_KB_HINT_UPPER_SECONDARY' missing in FI, using English fallback
  INFO: 'STR_KB_HINT_UPPER_SECONDARY' missing in DA, using English fallback
  INFO: 'STR_KB_HINT_UPPER_SECONDARY' missing in NL, using English fallback
  INFO: 'STR_KB_HINT_UPPER_SECONDARY' missing in KK, using English fallback
  INFO: 'STR_KB_HINT_UPPER_SECONDARY' missing in LT, using English fallback
  INFO: 'STR_KB_HINT_UPPER_SECONDARY' missing in SI, using English fallback
  INFO: 'STR_KB_HINT_LOWER_SECONDARY' missing in FR, using English fallback
  INFO: 'STR_KB_HINT_LOWER_SECONDARY' missing in CS, using English fallback
  INFO: 'STR_KB_HINT_LOWER_SECONDARY' missing in RO, using English fallback
  INFO: 'STR_KB_HINT_LOWER_SECONDARY' missing in BE, using English fallback
  INFO: 'STR_KB_HINT_LOWER_SECONDARY' missing in FI, using English fallback
  INFO: 'STR_KB_HINT_LOWER_SECONDARY' missing in DA, using English fallback
  INFO: 'STR_KB_HINT_LOWER_SECONDARY' missing in NL, using English fallback
  INFO: 'STR_KB_HINT_LOWER_SECONDARY' missing in KK, using English fallback
  INFO: 'STR_KB_HINT_LOWER_SECONDARY' missing in LT, using English fallback
  INFO: 'STR_KB_HINT_LOWER_SECONDARY' missing in SI, using English fallback
  INFO: 'STR_KB_HINT_URL_SNIPPETS' missing in FR, using English fallback
  INFO: 'STR_KB_HINT_URL_SNIPPETS' missing in CS, using English fallback
  INFO: 'STR_KB_HINT_URL_SNIPPETS' missing in RO, using English fallback
  INFO: 'STR_KB_HINT_URL_SNIPPETS' missing in BE, using English fallback
  INFO: 'STR_KB_HINT_URL_SNIPPETS' missing in FI, using English fallback
  INFO: 'STR_KB_HINT_URL_SNIPPETS' missing in DA, using English fallback
  INFO: 'STR_KB_HINT_URL_SNIPPETS' missing in NL, using English fallback
  INFO: 'STR_KB_HINT_URL_SNIPPETS' missing in KK, using English fallback
  INFO: 'STR_KB_HINT_URL_SNIPPETS' missing in LT, using English fallback
  INFO: 'STR_KB_HINT_URL_SNIPPETS' missing in SI, using English fallback
  INFO: 'STR_SD_FIRMWARE_UPDATE' missing in FR, using English fallback
  INFO: 'STR_SD_FIRMWARE_UPDATE' missing in CS, using English fallback
  INFO: 'STR_SD_FIRMWARE_UPDATE' missing in RO, using English fallback
  INFO: 'STR_SD_FIRMWARE_UPDATE' missing in BE, using English fallback
  INFO: 'STR_SD_FIRMWARE_UPDATE' missing in FI, using English fallback
  INFO: 'STR_SD_FIRMWARE_UPDATE' missing in DA, using English fallback
  INFO: 'STR_SD_FIRMWARE_UPDATE' missing in NL, using English fallback
  INFO: 'STR_SD_FIRMWARE_UPDATE' missing in KK, using English fallback
  INFO: 'STR_SD_FIRMWARE_UPDATE' missing in LT, using English fallback
  INFO: 'STR_SD_FIRMWARE_UPDATE' missing in SI, using English fallback
  INFO: 'STR_SELECT_FIRMWARE_FILE' missing in FR, using English fallback
  INFO: 'STR_SELECT_FIRMWARE_FILE' missing in CS, using English fallback
  INFO: 'STR_SELECT_FIRMWARE_FILE' missing in RO, using English fallback
  INFO: 'STR_SELECT_FIRMWARE_FILE' missing in BE, using English fallback
  INFO: 'STR_SELECT_FIRMWARE_FILE' missing in FI, using English fallback
  INFO: 'STR_SELECT_FIRMWARE_FILE' missing in DA, using English fallback
  INFO: 'STR_SELECT_FIRMWARE_FILE' missing in NL, using English fallback
  INFO: 'STR_SELECT_FIRMWARE_FILE' missing in KK, using English fallback
  INFO: 'STR_SELECT_FIRMWARE_FILE' missing in LT, using English fallback
  INFO: 'STR_SELECT_FIRMWARE_FILE' missing in SI, using English fallback
  INFO: 'STR_NO_BIN_FILES' missing in FR, using English fallback
  INFO: 'STR_NO_BIN_FILES' missing in CS, using English fallback
  INFO: 'STR_NO_BIN_FILES' missing in RO, using English fallback
  INFO: 'STR_NO_BIN_FILES' missing in BE, using English fallback
  INFO: 'STR_NO_BIN_FILES' missing in FI, using English fallback
  INFO: 'STR_NO_BIN_FILES' missing in DA, using English fallback
  INFO: 'STR_NO_BIN_FILES' missing in NL, using English fallback
  INFO: 'STR_NO_BIN_FILES' missing in KK, using English fallback
  INFO: 'STR_NO_BIN_FILES' missing in LT, using English fallback
  INFO: 'STR_NO_BIN_FILES' missing in SI, using English fallback
  INFO: 'STR_VALIDATING_FIRMWARE' missing in FR, using English fallback
  INFO: 'STR_VALIDATING_FIRMWARE' missing in CS, using English fallback
  INFO: 'STR_VALIDATING_FIRMWARE' missing in RO, using English fallback
  INFO: 'STR_VALIDATING_FIRMWARE' missing in BE, using English fallback
  INFO: 'STR_VALIDATING_FIRMWARE' missing in FI, using English fallback
  INFO: 'STR_VALIDATING_FIRMWARE' missing in DA, using English fallback
  INFO: 'STR_VALIDATING_FIRMWARE' missing in NL, using English fallback
  INFO: 'STR_VALIDATING_FIRMWARE' missing in KK, using English fallback
  INFO: 'STR_VALIDATING_FIRMWARE' missing in LT, using English fallback
  INFO: 'STR_VALIDATING_FIRMWARE' missing in SI, using English fallback
  INFO: 'STR_INVALID_FIRMWARE' missing in FR, using English fallback
  INFO: 'STR_INVALID_FIRMWARE' missing in CS, using English fallback
  INFO: 'STR_INVALID_FIRMWARE' missing in RO, using English fallback
  INFO: 'STR_INVALID_FIRMWARE' missing in BE, using English fallback
  INFO: 'STR_INVALID_FIRMWARE' missing in FI, using English fallback
  INFO: 'STR_INVALID_FIRMWARE' missing in DA, using English fallback
  INFO: 'STR_INVALID_FIRMWARE' missing in NL, using English fallback
  INFO: 'STR_INVALID_FIRMWARE' missing in KK, using English fallback
  INFO: 'STR_INVALID_FIRMWARE' missing in LT, using English fallback
  INFO: 'STR_INVALID_FIRMWARE' missing in SI, using English fallback
  INFO: 'STR_FIRMWARE_TOO_LARGE' missing in FR, using English fallback
  INFO: 'STR_FIRMWARE_TOO_LARGE' missing in CS, using English fallback
  INFO: 'STR_FIRMWARE_TOO_LARGE' missing in RO, using English fallback
  INFO: 'STR_FIRMWARE_TOO_LARGE' missing in BE, using English fallback
  INFO: 'STR_FIRMWARE_TOO_LARGE' missing in FI, using English fallback
  INFO: 'STR_FIRMWARE_TOO_LARGE' missing in DA, using English fallback
  INFO: 'STR_FIRMWARE_TOO_LARGE' missing in NL, using English fallback
  INFO: 'STR_FIRMWARE_TOO_LARGE' missing in KK, using English fallback
  INFO: 'STR_FIRMWARE_TOO_LARGE' missing in LT, using English fallback
  INFO: 'STR_FIRMWARE_TOO_LARGE' missing in SI, using English fallback
  INFO: 'STR_FIRMWARE_TOO_SMALL' missing in FR, using English fallback
  INFO: 'STR_FIRMWARE_TOO_SMALL' missing in CS, using English fallback
  INFO: 'STR_FIRMWARE_TOO_SMALL' missing in RO, using English fallback
  INFO: 'STR_FIRMWARE_TOO_SMALL' missing in BE, using English fallback
  INFO: 'STR_FIRMWARE_TOO_SMALL' missing in FI, using English fallback
  INFO: 'STR_FIRMWARE_TOO_SMALL' missing in DA, using English fallback
  INFO: 'STR_FIRMWARE_TOO_SMALL' missing in NL, using English fallback
  INFO: 'STR_FIRMWARE_TOO_SMALL' missing in KK, using English fallback
  INFO: 'STR_FIRMWARE_TOO_SMALL' missing in LT, using English fallback
  INFO: 'STR_FIRMWARE_TOO_SMALL' missing in SI, using English fallback
  INFO: 'STR_FIRMWARE_UPDATE_PROMPT' missing in FR, using English fallback
  INFO: 'STR_FIRMWARE_UPDATE_PROMPT' missing in CS, using English fallback
  INFO: 'STR_FIRMWARE_UPDATE_PROMPT' missing in RO, using English fallback
  INFO: 'STR_FIRMWARE_UPDATE_PROMPT' missing in BE, using English fallback
  INFO: 'STR_FIRMWARE_UPDATE_PROMPT' missing in FI, using English fallback
  INFO: 'STR_FIRMWARE_UPDATE_PROMPT' missing in DA, using English fallback
  INFO: 'STR_FIRMWARE_UPDATE_PROMPT' missing in NL, using English fallback
  INFO: 'STR_FIRMWARE_UPDATE_PROMPT' missing in KK, using English fallback
  INFO: 'STR_FIRMWARE_UPDATE_PROMPT' missing in LT, using English fallback
  INFO: 'STR_FIRMWARE_UPDATE_PROMPT' missing in SI, using English fallback
  INFO: 'STR_FIRMWARE_FILE_OPEN_FAILED' missing in FR, using English fallback
  INFO: 'STR_FIRMWARE_FILE_OPEN_FAILED' missing in CS, using English fallback
  INFO: 'STR_FIRMWARE_FILE_OPEN_FAILED' missing in RO, using English fallback
  INFO: 'STR_FIRMWARE_FILE_OPEN_FAILED' missing in BE, using English fallback
  INFO: 'STR_FIRMWARE_FILE_OPEN_FAILED' missing in FI, using English fallback
  INFO: 'STR_FIRMWARE_FILE_OPEN_FAILED' missing in DA, using English fallback
  INFO: 'STR_FIRMWARE_FILE_OPEN_FAILED' missing in NL, using English fallback
  INFO: 'STR_FIRMWARE_FILE_OPEN_FAILED' missing in KK, using English fallback
  INFO: 'STR_FIRMWARE_FILE_OPEN_FAILED' missing in LT, using English fallback
  INFO: 'STR_FIRMWARE_FILE_OPEN_FAILED' missing in SI, using English fallback
  INFO: 'STR_FIRMWARE_WRITE_FAILED' missing in FR, using English fallback
  INFO: 'STR_FIRMWARE_WRITE_FAILED' missing in CS, using English fallback
  INFO: 'STR_FIRMWARE_WRITE_FAILED' missing in RO, using English fallback
  INFO: 'STR_FIRMWARE_WRITE_FAILED' missing in BE, using English fallback
  INFO: 'STR_FIRMWARE_WRITE_FAILED' missing in FI, using English fallback
  INFO: 'STR_FIRMWARE_WRITE_FAILED' missing in DA, using English fallback
  INFO: 'STR_FIRMWARE_WRITE_FAILED' missing in NL, using English fallback
  INFO: 'STR_FIRMWARE_WRITE_FAILED' missing in KK, using English fallback
  INFO: 'STR_FIRMWARE_WRITE_FAILED' missing in LT, using English fallback
  INFO: 'STR_FIRMWARE_WRITE_FAILED' missing in SI, using English fallback
  INFO: 'STR_FIRMWARE_UPDATE_DO_NOT_POWER_OFF' missing in FR, using English fallback
  INFO: 'STR_FIRMWARE_UPDATE_DO_NOT_POWER_OFF' missing in CS, using English fallback
  INFO: 'STR_FIRMWARE_UPDATE_DO_NOT_POWER_OFF' missing in RO, using English fallback
  INFO: 'STR_FIRMWARE_UPDATE_DO_NOT_POWER_OFF' missing in BE, using English fallback
  INFO: 'STR_FIRMWARE_UPDATE_DO_NOT_POWER_OFF' missing in FI, using English fallback
  INFO: 'STR_FIRMWARE_UPDATE_DO_NOT_POWER_OFF' missing in DA, using English fallback
  INFO: 'STR_FIRMWARE_UPDATE_DO_NOT_POWER_OFF' missing in NL, using English fallback
  INFO: 'STR_FIRMWARE_UPDATE_DO_NOT_POWER_OFF' missing in KK, using English fallback
  INFO: 'STR_FIRMWARE_UPDATE_DO_NOT_POWER_OFF' missing in LT, using English fallback
  INFO: 'STR_FIRMWARE_UPDATE_DO_NOT_POWER_OFF' missing in SI, using English fallback
  INFO: 'STR_RECOVERY_MODE' missing in FR, using English fallback
  INFO: 'STR_RECOVERY_MODE' missing in CS, using English fallback
  INFO: 'STR_RECOVERY_MODE' missing in RO, using English fallback
  INFO: 'STR_RECOVERY_MODE' missing in BE, using English fallback
  INFO: 'STR_RECOVERY_MODE' missing in FI, using English fallback
  INFO: 'STR_RECOVERY_MODE' missing in DA, using English fallback
  INFO: 'STR_RECOVERY_MODE' missing in NL, using English fallback
  INFO: 'STR_RECOVERY_MODE' missing in KK, using English fallback
  INFO: 'STR_RECOVERY_MODE' missing in LT, using English fallback
  INFO: 'STR_RECOVERY_MODE' missing in SI, using English fallback
  INFO: 'STR_RECOVERY_MODE_HINT' missing in FR, using English fallback
  INFO: 'STR_RECOVERY_MODE_HINT' missing in CS, using English fallback
  INFO: 'STR_RECOVERY_MODE_HINT' missing in RO, using English fallback
  INFO: 'STR_RECOVERY_MODE_HINT' missing in BE, using English fallback
  INFO: 'STR_RECOVERY_MODE_HINT' missing in FI, using English fallback
  INFO: 'STR_RECOVERY_MODE_HINT' missing in DA, using English fallback
  INFO: 'STR_RECOVERY_MODE_HINT' missing in NL, using English fallback
  INFO: 'STR_RECOVERY_MODE_HINT' missing in KK, using English fallback
  INFO: 'STR_RECOVERY_MODE_HINT' missing in LT, using English fallback
  INFO: 'STR_RECOVERY_MODE_HINT' missing in SI, using English fallback
  INFO: 'STR_READER_SETTINGS' missing in ES, using English fallback
  INFO: 'STR_READER_SETTINGS' missing in FR, using English fallback
  INFO: 'STR_READER_SETTINGS' missing in DE, using English fallback
  INFO: 'STR_READER_SETTINGS' missing in CS, using English fallback
  INFO: 'STR_READER_SETTINGS' missing in PT, using English fallback
  INFO: 'STR_READER_SETTINGS' missing in RU, using English fallback
  INFO: 'STR_READER_SETTINGS' missing in SV, using English fallback
  INFO: 'STR_READER_SETTINGS' missing in RO, using English fallback
  INFO: 'STR_READER_SETTINGS' missing in CA, using English fallback
  INFO: 'STR_READER_SETTINGS' missing in UK, using English fallback
  INFO: 'STR_READER_SETTINGS' missing in BE, using English fallback
  INFO: 'STR_READER_SETTINGS' missing in IT, using English fallback
  INFO: 'STR_READER_SETTINGS' missing in PL, using English fallback
  INFO: 'STR_READER_SETTINGS' missing in FI, using English fallback
  INFO: 'STR_READER_SETTINGS' missing in DA, using English fallback
  INFO: 'STR_READER_SETTINGS' missing in NL, using English fallback
  INFO: 'STR_READER_SETTINGS' missing in TR, using English fallback
  INFO: 'STR_READER_SETTINGS' missing in KK, using English fallback
  INFO: 'STR_READER_SETTINGS' missing in HU, using English fallback
  INFO: 'STR_READER_SETTINGS' missing in LT, using English fallback
  INFO: 'STR_READER_SETTINGS' missing in SI, using English fallback
  INFO: 'STR_READER_SETTINGS' missing in CAV, using English fallback
  INFO: 'STR_READER_SETTINGS' missing in HE, using English fallback
  INFO: 'STR_READER_SETTINGS' missing in SK, using English fallback
  INFO: 'STR_READER_SETTINGS' missing in VI, using English fallback
  INFO: 'STR_READER_SETTINGS' missing in NB, using English fallback
  INFO: 'STR_READER_SETTINGS' missing in P2, using English fallback
  INFO: 'STR_READER_SETTINGS' missing in AR, using English fallback
  INFO: 'STR_READER_SETTINGS' missing in BS, using English fallback
  INFO: 'STR_READER_SETTINGS' missing in ID, using English fallback
  INFO: 'STR_CALIBRE_LIBRARY' missing in ES, using English fallback
  INFO: 'STR_CALIBRE_LIBRARY' missing in FR, using English fallback
  INFO: 'STR_CALIBRE_LIBRARY' missing in DE, using English fallback
  INFO: 'STR_CALIBRE_LIBRARY' missing in CS, using English fallback
  INFO: 'STR_CALIBRE_LIBRARY' missing in PT, using English fallback
  INFO: 'STR_CALIBRE_LIBRARY' missing in RU, using English fallback
  INFO: 'STR_CALIBRE_LIBRARY' missing in SV, using English fallback
  INFO: 'STR_CALIBRE_LIBRARY' missing in RO, using English fallback
  INFO: 'STR_CALIBRE_LIBRARY' missing in CA, using English fallback
  INFO: 'STR_CALIBRE_LIBRARY' missing in UK, using English fallback
  INFO: 'STR_CALIBRE_LIBRARY' missing in BE, using English fallback
  INFO: 'STR_CALIBRE_LIBRARY' missing in IT, using English fallback
  INFO: 'STR_CALIBRE_LIBRARY' missing in PL, using English fallback
  INFO: 'STR_CALIBRE_LIBRARY' missing in FI, using English fallback
  INFO: 'STR_CALIBRE_LIBRARY' missing in DA, using English fallback
  INFO: 'STR_CALIBRE_LIBRARY' missing in NL, using English fallback
  INFO: 'STR_CALIBRE_LIBRARY' missing in TR, using English fallback
  INFO: 'STR_CALIBRE_LIBRARY' missing in KK, using English fallback
  INFO: 'STR_CALIBRE_LIBRARY' missing in HU, using English fallback
  INFO: 'STR_CALIBRE_LIBRARY' missing in LT, using English fallback
  INFO: 'STR_CALIBRE_LIBRARY' missing in SI, using English fallback
  INFO: 'STR_CALIBRE_LIBRARY' missing in CAV, using English fallback
  INFO: 'STR_CALIBRE_LIBRARY' missing in HE, using English fallback
  INFO: 'STR_CALIBRE_LIBRARY' missing in SK, using English fallback
  INFO: 'STR_CALIBRE_LIBRARY' missing in VI, using English fallback
  INFO: 'STR_CALIBRE_LIBRARY' missing in NB, using English fallback
  INFO: 'STR_CALIBRE_LIBRARY' missing in P2, using English fallback
  INFO: 'STR_CALIBRE_LIBRARY' missing in AR, using English fallback
  INFO: 'STR_CALIBRE_LIBRARY' missing in BS, using English fallback
  INFO: 'STR_CALIBRE_LIBRARY' missing in ID, using English fallback
  INFO: 'STR_CALIBRE_WEB_URL' missing in CAV, using English fallback
  INFO: 'STR_CALIBRE_WEB_URL' missing in SK, using English fallback
  INFO: 'STR_CALIBRE_WEB_URL' missing in VI, using English fallback
  INFO: 'STR_CALIBRE_WEB_URL' missing in NB, using English fallback
  INFO: 'STR_CALIBRE_WEB_URL' missing in P2, using English fallback
  INFO: 'STR_CALIBRE_WEB_URL' missing in AR, using English fallback
  INFO: 'STR_CALIBRE_WEB_URL' missing in BS, using English fallback
  INFO: 'STR_CALIBRE_WEB_URL' missing in ID, using English fallback
  INFO: 'STR_LONG_PRESS_SKIP' missing in CAV, using English fallback
  INFO: 'STR_LONG_PRESS_SKIP' missing in HE, using English fallback
  INFO: 'STR_LONG_PRESS_SKIP' missing in SK, using English fallback
  INFO: 'STR_LONG_PRESS_SKIP' missing in VI, using English fallback
  INFO: 'STR_LONG_PRESS_SKIP' missing in NB, using English fallback
  INFO: 'STR_LONG_PRESS_SKIP' missing in P2, using English fallback
  INFO: 'STR_LONG_PRESS_SKIP' missing in AR, using English fallback
  INFO: 'STR_LONG_PRESS_SKIP' missing in BS, using English fallback
  INFO: 'STR_LONG_PRESS_SKIP' missing in ID, using English fallback
  INFO: 'STR_BLUETOOTH_PAGE_TURN' missing in ES, using English fallback
  INFO: 'STR_BLUETOOTH_PAGE_TURN' missing in FR, using English fallback
  INFO: 'STR_BLUETOOTH_PAGE_TURN' missing in DE, using English fallback
  INFO: 'STR_BLUETOOTH_PAGE_TURN' missing in CS, using English fallback
  INFO: 'STR_BLUETOOTH_PAGE_TURN' missing in PT, using English fallback
  INFO: 'STR_BLUETOOTH_PAGE_TURN' missing in RU, using English fallback
  INFO: 'STR_BLUETOOTH_PAGE_TURN' missing in SV, using English fallback
  INFO: 'STR_BLUETOOTH_PAGE_TURN' missing in RO, using English fallback
  INFO: 'STR_BLUETOOTH_PAGE_TURN' missing in CA, using English fallback
  INFO: 'STR_BLUETOOTH_PAGE_TURN' missing in UK, using English fallback
  INFO: 'STR_BLUETOOTH_PAGE_TURN' missing in BE, using English fallback
  INFO: 'STR_BLUETOOTH_PAGE_TURN' missing in IT, using English fallback
  INFO: 'STR_BLUETOOTH_PAGE_TURN' missing in PL, using English fallback
  INFO: 'STR_BLUETOOTH_PAGE_TURN' missing in FI, using English fallback
  INFO: 'STR_BLUETOOTH_PAGE_TURN' missing in DA, using English fallback
  INFO: 'STR_BLUETOOTH_PAGE_TURN' missing in NL, using English fallback
  INFO: 'STR_BLUETOOTH_PAGE_TURN' missing in TR, using English fallback
  INFO: 'STR_BLUETOOTH_PAGE_TURN' missing in KK, using English fallback
  INFO: 'STR_BLUETOOTH_PAGE_TURN' missing in HU, using English fallback
  INFO: 'STR_BLUETOOTH_PAGE_TURN' missing in LT, using English fallback
  INFO: 'STR_BLUETOOTH_PAGE_TURN' missing in SI, using English fallback
  INFO: 'STR_BLUETOOTH_PAGE_TURN' missing in CAV, using English fallback
  INFO: 'STR_BLUETOOTH_PAGE_TURN' missing in HE, using English fallback
  INFO: 'STR_BLUETOOTH_PAGE_TURN' missing in SK, using English fallback
  INFO: 'STR_BLUETOOTH_PAGE_TURN' missing in VI, using English fallback
  INFO: 'STR_BLUETOOTH_PAGE_TURN' missing in NB, using English fallback
  INFO: 'STR_BLUETOOTH_PAGE_TURN' missing in P2, using English fallback
  INFO: 'STR_BLUETOOTH_PAGE_TURN' missing in AR, using English fallback
  INFO: 'STR_BLUETOOTH_PAGE_TURN' missing in BS, using English fallback
  INFO: 'STR_BLUETOOTH_PAGE_TURN' missing in ID, using English fallback
  INFO: 'STR_BLUETOOTH_SCAN_DEVICES' missing in ES, using English fallback
  INFO: 'STR_BLUETOOTH_SCAN_DEVICES' missing in FR, using English fallback
  INFO: 'STR_BLUETOOTH_SCAN_DEVICES' missing in DE, using English fallback
  INFO: 'STR_BLUETOOTH_SCAN_DEVICES' missing in CS, using English fallback
  INFO: 'STR_BLUETOOTH_SCAN_DEVICES' missing in PT, using English fallback
  INFO: 'STR_BLUETOOTH_SCAN_DEVICES' missing in RU, using English fallback
  INFO: 'STR_BLUETOOTH_SCAN_DEVICES' missing in SV, using English fallback
  INFO: 'STR_BLUETOOTH_SCAN_DEVICES' missing in RO, using English fallback
  INFO: 'STR_BLUETOOTH_SCAN_DEVICES' missing in CA, using English fallback
  INFO: 'STR_BLUETOOTH_SCAN_DEVICES' missing in UK, using English fallback
  INFO: 'STR_BLUETOOTH_SCAN_DEVICES' missing in BE, using English fallback
  INFO: 'STR_BLUETOOTH_SCAN_DEVICES' missing in IT, using English fallback
  INFO: 'STR_BLUETOOTH_SCAN_DEVICES' missing in PL, using English fallback
  INFO: 'STR_BLUETOOTH_SCAN_DEVICES' missing in FI, using English fallback
  INFO: 'STR_BLUETOOTH_SCAN_DEVICES' missing in DA, using English fallback
  INFO: 'STR_BLUETOOTH_SCAN_DEVICES' missing in NL, using English fallback
  INFO: 'STR_BLUETOOTH_SCAN_DEVICES' missing in TR, using English fallback
  INFO: 'STR_BLUETOOTH_SCAN_DEVICES' missing in KK, using English fallback
  INFO: 'STR_BLUETOOTH_SCAN_DEVICES' missing in HU, using English fallback
  INFO: 'STR_BLUETOOTH_SCAN_DEVICES' missing in LT, using English fallback
  INFO: 'STR_BLUETOOTH_SCAN_DEVICES' missing in SI, using English fallback
  INFO: 'STR_BLUETOOTH_SCAN_DEVICES' missing in CAV, using English fallback
  INFO: 'STR_BLUETOOTH_SCAN_DEVICES' missing in HE, using English fallback
  INFO: 'STR_BLUETOOTH_SCAN_DEVICES' missing in SK, using English fallback
  INFO: 'STR_BLUETOOTH_SCAN_DEVICES' missing in VI, using English fallback
  INFO: 'STR_BLUETOOTH_SCAN_DEVICES' missing in NB, using English fallback
  INFO: 'STR_BLUETOOTH_SCAN_DEVICES' missing in P2, using English fallback
  INFO: 'STR_BLUETOOTH_SCAN_DEVICES' missing in AR, using English fallback
  INFO: 'STR_BLUETOOTH_SCAN_DEVICES' missing in BS, using English fallback
  INFO: 'STR_BLUETOOTH_SCAN_DEVICES' missing in ID, using English fallback
  INFO: 'STR_BLUETOOTH_PAIRED_DEVICE' missing in ES, using English fallback
  INFO: 'STR_BLUETOOTH_PAIRED_DEVICE' missing in FR, using English fallback
  INFO: 'STR_BLUETOOTH_PAIRED_DEVICE' missing in DE, using English fallback
  INFO: 'STR_BLUETOOTH_PAIRED_DEVICE' missing in CS, using English fallback
  INFO: 'STR_BLUETOOTH_PAIRED_DEVICE' missing in PT, using English fallback
  INFO: 'STR_BLUETOOTH_PAIRED_DEVICE' missing in RU, using English fallback
  INFO: 'STR_BLUETOOTH_PAIRED_DEVICE' missing in SV, using English fallback
  INFO: 'STR_BLUETOOTH_PAIRED_DEVICE' missing in RO, using English fallback
  INFO: 'STR_BLUETOOTH_PAIRED_DEVICE' missing in CA, using English fallback
  INFO: 'STR_BLUETOOTH_PAIRED_DEVICE' missing in UK, using English fallback
  INFO: 'STR_BLUETOOTH_PAIRED_DEVICE' missing in BE, using English fallback
  INFO: 'STR_BLUETOOTH_PAIRED_DEVICE' missing in IT, using English fallback
  INFO: 'STR_BLUETOOTH_PAIRED_DEVICE' missing in PL, using English fallback
  INFO: 'STR_BLUETOOTH_PAIRED_DEVICE' missing in FI, using English fallback
  INFO: 'STR_BLUETOOTH_PAIRED_DEVICE' missing in DA, using English fallback
  INFO: 'STR_BLUETOOTH_PAIRED_DEVICE' missing in NL, using English fallback
  INFO: 'STR_BLUETOOTH_PAIRED_DEVICE' missing in TR, using English fallback
  INFO: 'STR_BLUETOOTH_PAIRED_DEVICE' missing in KK, using English fallback
  INFO: 'STR_BLUETOOTH_PAIRED_DEVICE' missing in HU, using English fallback
  INFO: 'STR_BLUETOOTH_PAIRED_DEVICE' missing in LT, using English fallback
  INFO: 'STR_BLUETOOTH_PAIRED_DEVICE' missing in SI, using English fallback
  INFO: 'STR_BLUETOOTH_PAIRED_DEVICE' missing in CAV, using English fallback
  INFO: 'STR_BLUETOOTH_PAIRED_DEVICE' missing in HE, using English fallback
  INFO: 'STR_BLUETOOTH_PAIRED_DEVICE' missing in SK, using English fallback
  INFO: 'STR_BLUETOOTH_PAIRED_DEVICE' missing in VI, using English fallback
  INFO: 'STR_BLUETOOTH_PAIRED_DEVICE' missing in NB, using English fallback
  INFO: 'STR_BLUETOOTH_PAIRED_DEVICE' missing in P2, using English fallback
  INFO: 'STR_BLUETOOTH_PAIRED_DEVICE' missing in AR, using English fallback
  INFO: 'STR_BLUETOOTH_PAIRED_DEVICE' missing in BS, using English fallback
  INFO: 'STR_BLUETOOTH_PAIRED_DEVICE' missing in ID, using English fallback
  INFO: 'STR_BLUETOOTH_READY' missing in ES, using English fallback
  INFO: 'STR_BLUETOOTH_READY' missing in FR, using English fallback
  INFO: 'STR_BLUETOOTH_READY' missing in DE, using English fallback
  INFO: 'STR_BLUETOOTH_READY' missing in CS, using English fallback
  INFO: 'STR_BLUETOOTH_READY' missing in PT, using English fallback
  INFO: 'STR_BLUETOOTH_READY' missing in RU, using English fallback
  INFO: 'STR_BLUETOOTH_READY' missing in SV, using English fallback
  INFO: 'STR_BLUETOOTH_READY' missing in RO, using English fallback
  INFO: 'STR_BLUETOOTH_READY' missing in CA, using English fallback
  INFO: 'STR_BLUETOOTH_READY' missing in UK, using English fallback
  INFO: 'STR_BLUETOOTH_READY' missing in BE, using English fallback
  INFO: 'STR_BLUETOOTH_READY' missing in IT, using English fallback
  INFO: 'STR_BLUETOOTH_READY' missing in PL, using English fallback
  INFO: 'STR_BLUETOOTH_READY' missing in FI, using English fallback
  INFO: 'STR_BLUETOOTH_READY' missing in DA, using English fallback
  INFO: 'STR_BLUETOOTH_READY' missing in NL, using English fallback
  INFO: 'STR_BLUETOOTH_READY' missing in TR, using English fallback
  INFO: 'STR_BLUETOOTH_READY' missing in KK, using English fallback
  INFO: 'STR_BLUETOOTH_READY' missing in HU, using English fallback
  INFO: 'STR_BLUETOOTH_READY' missing in LT, using English fallback
  INFO: 'STR_BLUETOOTH_READY' missing in SI, using English fallback
  INFO: 'STR_BLUETOOTH_READY' missing in CAV, using English fallback
  INFO: 'STR_BLUETOOTH_READY' missing in HE, using English fallback
  INFO: 'STR_BLUETOOTH_READY' missing in SK, using English fallback
  INFO: 'STR_BLUETOOTH_READY' missing in VI, using English fallback
  INFO: 'STR_BLUETOOTH_READY' missing in NB, using English fallback
  INFO: 'STR_BLUETOOTH_READY' missing in P2, using English fallback
  INFO: 'STR_BLUETOOTH_READY' missing in AR, using English fallback
  INFO: 'STR_BLUETOOTH_READY' missing in BS, using English fallback
  INFO: 'STR_BLUETOOTH_READY' missing in ID, using English fallback
  INFO: 'STR_BLUETOOTH_STACK_UNAVAILABLE' missing in ES, using English fallback
  INFO: 'STR_BLUETOOTH_STACK_UNAVAILABLE' missing in FR, using English fallback
  INFO: 'STR_BLUETOOTH_STACK_UNAVAILABLE' missing in DE, using English fallback
  INFO: 'STR_BLUETOOTH_STACK_UNAVAILABLE' missing in CS, using English fallback
  INFO: 'STR_BLUETOOTH_STACK_UNAVAILABLE' missing in PT, using English fallback
  INFO: 'STR_BLUETOOTH_STACK_UNAVAILABLE' missing in RU, using English fallback
  INFO: 'STR_BLUETOOTH_STACK_UNAVAILABLE' missing in SV, using English fallback
  INFO: 'STR_BLUETOOTH_STACK_UNAVAILABLE' missing in RO, using English fallback
  INFO: 'STR_BLUETOOTH_STACK_UNAVAILABLE' missing in CA, using English fallback
  INFO: 'STR_BLUETOOTH_STACK_UNAVAILABLE' missing in UK, using English fallback
  INFO: 'STR_BLUETOOTH_STACK_UNAVAILABLE' missing in BE, using English fallback
  INFO: 'STR_BLUETOOTH_STACK_UNAVAILABLE' missing in IT, using English fallback
  INFO: 'STR_BLUETOOTH_STACK_UNAVAILABLE' missing in PL, using English fallback
  INFO: 'STR_BLUETOOTH_STACK_UNAVAILABLE' missing in FI, using English fallback
  INFO: 'STR_BLUETOOTH_STACK_UNAVAILABLE' missing in DA, using English fallback
  INFO: 'STR_BLUETOOTH_STACK_UNAVAILABLE' missing in NL, using English fallback
  INFO: 'STR_BLUETOOTH_STACK_UNAVAILABLE' missing in TR, using English fallback
  INFO: 'STR_BLUETOOTH_STACK_UNAVAILABLE' missing in KK, using English fallback
  INFO: 'STR_BLUETOOTH_STACK_UNAVAILABLE' missing in HU, using English fallback
  INFO: 'STR_BLUETOOTH_STACK_UNAVAILABLE' missing in LT, using English fallback
  INFO: 'STR_BLUETOOTH_STACK_UNAVAILABLE' missing in SI, using English fallback
  INFO: 'STR_BLUETOOTH_STACK_UNAVAILABLE' missing in CAV, using English fallback
  INFO: 'STR_BLUETOOTH_STACK_UNAVAILABLE' missing in HE, using English fallback
  INFO: 'STR_BLUETOOTH_STACK_UNAVAILABLE' missing in SK, using English fallback
  INFO: 'STR_BLUETOOTH_STACK_UNAVAILABLE' missing in VI, using English fallback
  INFO: 'STR_BLUETOOTH_STACK_UNAVAILABLE' missing in NB, using English fallback
  INFO: 'STR_BLUETOOTH_STACK_UNAVAILABLE' missing in P2, using English fallback
  INFO: 'STR_BLUETOOTH_STACK_UNAVAILABLE' missing in AR, using English fallback
  INFO: 'STR_BLUETOOTH_STACK_UNAVAILABLE' missing in BS, using English fallback
  INFO: 'STR_BLUETOOTH_STACK_UNAVAILABLE' missing in ID, using English fallback
  INFO: 'STR_INSTALL_FIRMWARE_SD' missing in ES, using English fallback
  INFO: 'STR_INSTALL_FIRMWARE_SD' missing in FR, using English fallback
  INFO: 'STR_INSTALL_FIRMWARE_SD' missing in DE, using English fallback
  INFO: 'STR_INSTALL_FIRMWARE_SD' missing in CS, using English fallback
  INFO: 'STR_INSTALL_FIRMWARE_SD' missing in PT, using English fallback
  INFO: 'STR_INSTALL_FIRMWARE_SD' missing in RU, using English fallback
  INFO: 'STR_INSTALL_FIRMWARE_SD' missing in SV, using English fallback
  INFO: 'STR_INSTALL_FIRMWARE_SD' missing in RO, using English fallback
  INFO: 'STR_INSTALL_FIRMWARE_SD' missing in CA, using English fallback
  INFO: 'STR_INSTALL_FIRMWARE_SD' missing in UK, using English fallback
  INFO: 'STR_INSTALL_FIRMWARE_SD' missing in BE, using English fallback
  INFO: 'STR_INSTALL_FIRMWARE_SD' missing in IT, using English fallback
  INFO: 'STR_INSTALL_FIRMWARE_SD' missing in PL, using English fallback
  INFO: 'STR_INSTALL_FIRMWARE_SD' missing in FI, using English fallback
  INFO: 'STR_INSTALL_FIRMWARE_SD' missing in DA, using English fallback
  INFO: 'STR_INSTALL_FIRMWARE_SD' missing in NL, using English fallback
  INFO: 'STR_INSTALL_FIRMWARE_SD' missing in TR, using English fallback
  INFO: 'STR_INSTALL_FIRMWARE_SD' missing in KK, using English fallback
  INFO: 'STR_INSTALL_FIRMWARE_SD' missing in HU, using English fallback
  INFO: 'STR_INSTALL_FIRMWARE_SD' missing in LT, using English fallback
  INFO: 'STR_INSTALL_FIRMWARE_SD' missing in SI, using English fallback
  INFO: 'STR_INSTALL_FIRMWARE_SD' missing in CAV, using English fallback
  INFO: 'STR_INSTALL_FIRMWARE_SD' missing in HE, using English fallback
  INFO: 'STR_INSTALL_FIRMWARE_SD' missing in SK, using English fallback
  INFO: 'STR_INSTALL_FIRMWARE_SD' missing in VI, using English fallback
  INFO: 'STR_INSTALL_FIRMWARE_SD' missing in NB, using English fallback
  INFO: 'STR_INSTALL_FIRMWARE_SD' missing in P2, using English fallback
  INFO: 'STR_INSTALL_FIRMWARE_SD' missing in AR, using English fallback
  INFO: 'STR_INSTALL_FIRMWARE_SD' missing in BS, using English fallback
  INFO: 'STR_INSTALL_FIRMWARE_SD' missing in ID, using English fallback
  INFO: 'STR_SD_FIRMWARE_SCANNING' missing in ES, using English fallback
  INFO: 'STR_SD_FIRMWARE_SCANNING' missing in FR, using English fallback
  INFO: 'STR_SD_FIRMWARE_SCANNING' missing in DE, using English fallback
  INFO: 'STR_SD_FIRMWARE_SCANNING' missing in CS, using English fallback
  INFO: 'STR_SD_FIRMWARE_SCANNING' missing in PT, using English fallback
  INFO: 'STR_SD_FIRMWARE_SCANNING' missing in RU, using English fallback
  INFO: 'STR_SD_FIRMWARE_SCANNING' missing in SV, using English fallback
  INFO: 'STR_SD_FIRMWARE_SCANNING' missing in RO, using English fallback
  INFO: 'STR_SD_FIRMWARE_SCANNING' missing in CA, using English fallback
  INFO: 'STR_SD_FIRMWARE_SCANNING' missing in UK, using English fallback
  INFO: 'STR_SD_FIRMWARE_SCANNING' missing in BE, using English fallback
  INFO: 'STR_SD_FIRMWARE_SCANNING' missing in IT, using English fallback
  INFO: 'STR_SD_FIRMWARE_SCANNING' missing in PL, using English fallback
  INFO: 'STR_SD_FIRMWARE_SCANNING' missing in FI, using English fallback
  INFO: 'STR_SD_FIRMWARE_SCANNING' missing in DA, using English fallback
  INFO: 'STR_SD_FIRMWARE_SCANNING' missing in NL, using English fallback
  INFO: 'STR_SD_FIRMWARE_SCANNING' missing in TR, using English fallback
  INFO: 'STR_SD_FIRMWARE_SCANNING' missing in KK, using English fallback
  INFO: 'STR_SD_FIRMWARE_SCANNING' missing in HU, using English fallback
  INFO: 'STR_SD_FIRMWARE_SCANNING' missing in LT, using English fallback
  INFO: 'STR_SD_FIRMWARE_SCANNING' missing in SI, using English fallback
  INFO: 'STR_SD_FIRMWARE_SCANNING' missing in CAV, using English fallback
  INFO: 'STR_SD_FIRMWARE_SCANNING' missing in HE, using English fallback
  INFO: 'STR_SD_FIRMWARE_SCANNING' missing in SK, using English fallback
  INFO: 'STR_SD_FIRMWARE_SCANNING' missing in VI, using English fallback
  INFO: 'STR_SD_FIRMWARE_SCANNING' missing in NB, using English fallback
  INFO: 'STR_SD_FIRMWARE_SCANNING' missing in P2, using English fallback
  INFO: 'STR_SD_FIRMWARE_SCANNING' missing in AR, using English fallback
  INFO: 'STR_SD_FIRMWARE_SCANNING' missing in BS, using English fallback
  INFO: 'STR_SD_FIRMWARE_SCANNING' missing in ID, using English fallback
  INFO: 'STR_SD_FIRMWARE_NOT_FOUND' missing in ES, using English fallback
  INFO: 'STR_SD_FIRMWARE_NOT_FOUND' missing in FR, using English fallback
  INFO: 'STR_SD_FIRMWARE_NOT_FOUND' missing in DE, using English fallback
  INFO: 'STR_SD_FIRMWARE_NOT_FOUND' missing in CS, using English fallback
  INFO: 'STR_SD_FIRMWARE_NOT_FOUND' missing in PT, using English fallback
  INFO: 'STR_SD_FIRMWARE_NOT_FOUND' missing in RU, using English fallback
  INFO: 'STR_SD_FIRMWARE_NOT_FOUND' missing in SV, using English fallback
  INFO: 'STR_SD_FIRMWARE_NOT_FOUND' missing in RO, using English fallback
  INFO: 'STR_SD_FIRMWARE_NOT_FOUND' missing in CA, using English fallback
  INFO: 'STR_SD_FIRMWARE_NOT_FOUND' missing in UK, using English fallback
  INFO: 'STR_SD_FIRMWARE_NOT_FOUND' missing in BE, using English fallback
  INFO: 'STR_SD_FIRMWARE_NOT_FOUND' missing in IT, using English fallback
  INFO: 'STR_SD_FIRMWARE_NOT_FOUND' missing in PL, using English fallback
  INFO: 'STR_SD_FIRMWARE_NOT_FOUND' missing in FI, using English fallback
  INFO: 'STR_SD_FIRMWARE_NOT_FOUND' missing in DA, using English fallback
  INFO: 'STR_SD_FIRMWARE_NOT_FOUND' missing in NL, using English fallback
  INFO: 'STR_SD_FIRMWARE_NOT_FOUND' missing in TR, using English fallback
  INFO: 'STR_SD_FIRMWARE_NOT_FOUND' missing in KK, using English fallback
  INFO: 'STR_SD_FIRMWARE_NOT_FOUND' missing in HU, using English fallback
  INFO: 'STR_SD_FIRMWARE_NOT_FOUND' missing in LT, using English fallback
  INFO: 'STR_SD_FIRMWARE_NOT_FOUND' missing in SI, using English fallback
  INFO: 'STR_SD_FIRMWARE_NOT_FOUND' missing in CAV, using English fallback
  INFO: 'STR_SD_FIRMWARE_NOT_FOUND' missing in HE, using English fallback
  INFO: 'STR_SD_FIRMWARE_NOT_FOUND' missing in SK, using English fallback
  INFO: 'STR_SD_FIRMWARE_NOT_FOUND' missing in VI, using English fallback
  INFO: 'STR_SD_FIRMWARE_NOT_FOUND' missing in NB, using English fallback
  INFO: 'STR_SD_FIRMWARE_NOT_FOUND' missing in P2, using English fallback
  INFO: 'STR_SD_FIRMWARE_NOT_FOUND' missing in AR, using English fallback
  INFO: 'STR_SD_FIRMWARE_NOT_FOUND' missing in BS, using English fallback
  INFO: 'STR_SD_FIRMWARE_NOT_FOUND' missing in ID, using English fallback
  INFO: 'STR_SD_FIRMWARE_CONFIRM_TITLE' missing in ES, using English fallback
  INFO: 'STR_SD_FIRMWARE_CONFIRM_TITLE' missing in FR, using English fallback
  INFO: 'STR_SD_FIRMWARE_CONFIRM_TITLE' missing in DE, using English fallback
  INFO: 'STR_SD_FIRMWARE_CONFIRM_TITLE' missing in CS, using English fallback
  INFO: 'STR_SD_FIRMWARE_CONFIRM_TITLE' missing in PT, using English fallback
  INFO: 'STR_SD_FIRMWARE_CONFIRM_TITLE' missing in RU, using English fallback
  INFO: 'STR_SD_FIRMWARE_CONFIRM_TITLE' missing in SV, using English fallback
  INFO: 'STR_SD_FIRMWARE_CONFIRM_TITLE' missing in RO, using English fallback
  INFO: 'STR_SD_FIRMWARE_CONFIRM_TITLE' missing in CA, using English fallback
  INFO: 'STR_SD_FIRMWARE_CONFIRM_TITLE' missing in UK, using English fallback
  INFO: 'STR_SD_FIRMWARE_CONFIRM_TITLE' missing in BE, using English fallback
  INFO: 'STR_SD_FIRMWARE_CONFIRM_TITLE' missing in IT, using English fallback
  INFO: 'STR_SD_FIRMWARE_CONFIRM_TITLE' missing in PL, using English fallback
  INFO: 'STR_SD_FIRMWARE_CONFIRM_TITLE' missing in FI, using English fallback
  INFO: 'STR_SD_FIRMWARE_CONFIRM_TITLE' missing in DA, using English fallback
  INFO: 'STR_SD_FIRMWARE_CONFIRM_TITLE' missing in NL, using English fallback
  INFO: 'STR_SD_FIRMWARE_CONFIRM_TITLE' missing in TR, using English fallback
  INFO: 'STR_SD_FIRMWARE_CONFIRM_TITLE' missing in KK, using English fallback
  INFO: 'STR_SD_FIRMWARE_CONFIRM_TITLE' missing in HU, using English fallback
  INFO: 'STR_SD_FIRMWARE_CONFIRM_TITLE' missing in LT, using English fallback
  INFO: 'STR_SD_FIRMWARE_CONFIRM_TITLE' missing in SI, using English fallback
  INFO: 'STR_SD_FIRMWARE_CONFIRM_TITLE' missing in CAV, using English fallback
  INFO: 'STR_SD_FIRMWARE_CONFIRM_TITLE' missing in HE, using English fallback
  INFO: 'STR_SD_FIRMWARE_CONFIRM_TITLE' missing in SK, using English fallback
  INFO: 'STR_SD_FIRMWARE_CONFIRM_TITLE' missing in VI, using English fallback
  INFO: 'STR_SD_FIRMWARE_CONFIRM_TITLE' missing in NB, using English fallback
  INFO: 'STR_SD_FIRMWARE_CONFIRM_TITLE' missing in P2, using English fallback
  INFO: 'STR_SD_FIRMWARE_CONFIRM_TITLE' missing in AR, using English fallback
  INFO: 'STR_SD_FIRMWARE_CONFIRM_TITLE' missing in BS, using English fallback
  INFO: 'STR_SD_FIRMWARE_CONFIRM_TITLE' missing in ID, using English fallback
  INFO: 'STR_SD_FIRMWARE_WARNING_1' missing in ES, using English fallback
  INFO: 'STR_SD_FIRMWARE_WARNING_1' missing in FR, using English fallback
  INFO: 'STR_SD_FIRMWARE_WARNING_1' missing in DE, using English fallback
  INFO: 'STR_SD_FIRMWARE_WARNING_1' missing in CS, using English fallback
  INFO: 'STR_SD_FIRMWARE_WARNING_1' missing in PT, using English fallback
  INFO: 'STR_SD_FIRMWARE_WARNING_1' missing in RU, using English fallback
  INFO: 'STR_SD_FIRMWARE_WARNING_1' missing in SV, using English fallback
  INFO: 'STR_SD_FIRMWARE_WARNING_1' missing in RO, using English fallback
  INFO: 'STR_SD_FIRMWARE_WARNING_1' missing in CA, using English fallback
  INFO: 'STR_SD_FIRMWARE_WARNING_1' missing in UK, using English fallback
  INFO: 'STR_SD_FIRMWARE_WARNING_1' missing in BE, using English fallback
  INFO: 'STR_SD_FIRMWARE_WARNING_1' missing in IT, using English fallback
  INFO: 'STR_SD_FIRMWARE_WARNING_1' missing in PL, using English fallback
  INFO: 'STR_SD_FIRMWARE_WARNING_1' missing in FI, using English fallback
  INFO: 'STR_SD_FIRMWARE_WARNING_1' missing in DA, using English fallback
  INFO: 'STR_SD_FIRMWARE_WARNING_1' missing in NL, using English fallback
  INFO: 'STR_SD_FIRMWARE_WARNING_1' missing in TR, using English fallback
  INFO: 'STR_SD_FIRMWARE_WARNING_1' missing in KK, using English fallback
  INFO: 'STR_SD_FIRMWARE_WARNING_1' missing in HU, using English fallback
  INFO: 'STR_SD_FIRMWARE_WARNING_1' missing in LT, using English fallback
  INFO: 'STR_SD_FIRMWARE_WARNING_1' missing in SI, using English fallback
  INFO: 'STR_SD_FIRMWARE_WARNING_1' missing in CAV, using English fallback
  INFO: 'STR_SD_FIRMWARE_WARNING_1' missing in HE, using English fallback
  INFO: 'STR_SD_FIRMWARE_WARNING_1' missing in SK, using English fallback
  INFO: 'STR_SD_FIRMWARE_WARNING_1' missing in VI, using English fallback
  INFO: 'STR_SD_FIRMWARE_WARNING_1' missing in NB, using English fallback
  INFO: 'STR_SD_FIRMWARE_WARNING_1' missing in P2, using English fallback
  INFO: 'STR_SD_FIRMWARE_WARNING_1' missing in AR, using English fallback
  INFO: 'STR_SD_FIRMWARE_WARNING_1' missing in BS, using English fallback
  INFO: 'STR_SD_FIRMWARE_WARNING_1' missing in ID, using English fallback
  INFO: 'STR_SD_FIRMWARE_WARNING_2' missing in ES, using English fallback
  INFO: 'STR_SD_FIRMWARE_WARNING_2' missing in FR, using English fallback
  INFO: 'STR_SD_FIRMWARE_WARNING_2' missing in DE, using English fallback
  INFO: 'STR_SD_FIRMWARE_WARNING_2' missing in CS, using English fallback
  INFO: 'STR_SD_FIRMWARE_WARNING_2' missing in PT, using English fallback
  INFO: 'STR_SD_FIRMWARE_WARNING_2' missing in RU, using English fallback
  INFO: 'STR_SD_FIRMWARE_WARNING_2' missing in SV, using English fallback
  INFO: 'STR_SD_FIRMWARE_WARNING_2' missing in RO, using English fallback
  INFO: 'STR_SD_FIRMWARE_WARNING_2' missing in CA, using English fallback
  INFO: 'STR_SD_FIRMWARE_WARNING_2' missing in UK, using English fallback
  INFO: 'STR_SD_FIRMWARE_WARNING_2' missing in BE, using English fallback
  INFO: 'STR_SD_FIRMWARE_WARNING_2' missing in IT, using English fallback
  INFO: 'STR_SD_FIRMWARE_WARNING_2' missing in PL, using English fallback
  INFO: 'STR_SD_FIRMWARE_WARNING_2' missing in FI, using English fallback
  INFO: 'STR_SD_FIRMWARE_WARNING_2' missing in DA, using English fallback
  INFO: 'STR_SD_FIRMWARE_WARNING_2' missing in NL, using English fallback
  INFO: 'STR_SD_FIRMWARE_WARNING_2' missing in TR, using English fallback
  INFO: 'STR_SD_FIRMWARE_WARNING_2' missing in KK, using English fallback
  INFO: 'STR_SD_FIRMWARE_WARNING_2' missing in HU, using English fallback
  INFO: 'STR_SD_FIRMWARE_WARNING_2' missing in LT, using English fallback
  INFO: 'STR_SD_FIRMWARE_WARNING_2' missing in SI, using English fallback
  INFO: 'STR_SD_FIRMWARE_WARNING_2' missing in CAV, using English fallback
  INFO: 'STR_SD_FIRMWARE_WARNING_2' missing in HE, using English fallback
  INFO: 'STR_SD_FIRMWARE_WARNING_2' missing in SK, using English fallback
  INFO: 'STR_SD_FIRMWARE_WARNING_2' missing in VI, using English fallback
  INFO: 'STR_SD_FIRMWARE_WARNING_2' missing in NB, using English fallback
  INFO: 'STR_SD_FIRMWARE_WARNING_2' missing in P2, using English fallback
  INFO: 'STR_SD_FIRMWARE_WARNING_2' missing in AR, using English fallback
  INFO: 'STR_SD_FIRMWARE_WARNING_2' missing in BS, using English fallback
  INFO: 'STR_SD_FIRMWARE_WARNING_2' missing in ID, using English fallback
  INFO: 'STR_SD_FIRMWARE_WARNING_3' missing in ES, using English fallback
  INFO: 'STR_SD_FIRMWARE_WARNING_3' missing in FR, using English fallback
  INFO: 'STR_SD_FIRMWARE_WARNING_3' missing in DE, using English fallback
  INFO: 'STR_SD_FIRMWARE_WARNING_3' missing in CS, using English fallback
  INFO: 'STR_SD_FIRMWARE_WARNING_3' missing in PT, using English fallback
  INFO: 'STR_SD_FIRMWARE_WARNING_3' missing in RU, using English fallback
  INFO: 'STR_SD_FIRMWARE_WARNING_3' missing in SV, using English fallback
  INFO: 'STR_SD_FIRMWARE_WARNING_3' missing in RO, using English fallback
  INFO: 'STR_SD_FIRMWARE_WARNING_3' missing in CA, using English fallback
  INFO: 'STR_SD_FIRMWARE_WARNING_3' missing in UK, using English fallback
  INFO: 'STR_SD_FIRMWARE_WARNING_3' missing in BE, using English fallback
  INFO: 'STR_SD_FIRMWARE_WARNING_3' missing in IT, using English fallback
  INFO: 'STR_SD_FIRMWARE_WARNING_3' missing in PL, using English fallback
  INFO: 'STR_SD_FIRMWARE_WARNING_3' missing in FI, using English fallback
  INFO: 'STR_SD_FIRMWARE_WARNING_3' missing in DA, using English fallback
  INFO: 'STR_SD_FIRMWARE_WARNING_3' missing in NL, using English fallback
  INFO: 'STR_SD_FIRMWARE_WARNING_3' missing in TR, using English fallback
  INFO: 'STR_SD_FIRMWARE_WARNING_3' missing in KK, using English fallback
  INFO: 'STR_SD_FIRMWARE_WARNING_3' missing in HU, using English fallback
  INFO: 'STR_SD_FIRMWARE_WARNING_3' missing in LT, using English fallback
  INFO: 'STR_SD_FIRMWARE_WARNING_3' missing in SI, using English fallback
  INFO: 'STR_SD_FIRMWARE_WARNING_3' missing in CAV, using English fallback
  INFO: 'STR_SD_FIRMWARE_WARNING_3' missing in HE, using English fallback
  INFO: 'STR_SD_FIRMWARE_WARNING_3' missing in SK, using English fallback
  INFO: 'STR_SD_FIRMWARE_WARNING_3' missing in VI, using English fallback
  INFO: 'STR_SD_FIRMWARE_WARNING_3' missing in NB, using English fallback
  INFO: 'STR_SD_FIRMWARE_WARNING_3' missing in P2, using English fallback
  INFO: 'STR_SD_FIRMWARE_WARNING_3' missing in AR, using English fallback
  INFO: 'STR_SD_FIRMWARE_WARNING_3' missing in BS, using English fallback
  INFO: 'STR_SD_FIRMWARE_WARNING_3' missing in ID, using English fallback
  INFO: 'STR_SD_FIRMWARE_WARNING_4' missing in ES, using English fallback
  INFO: 'STR_SD_FIRMWARE_WARNING_4' missing in FR, using English fallback
  INFO: 'STR_SD_FIRMWARE_WARNING_4' missing in DE, using English fallback
  INFO: 'STR_SD_FIRMWARE_WARNING_4' missing in CS, using English fallback
  INFO: 'STR_SD_FIRMWARE_WARNING_4' missing in PT, using English fallback
  INFO: 'STR_SD_FIRMWARE_WARNING_4' missing in RU, using English fallback
  INFO: 'STR_SD_FIRMWARE_WARNING_4' missing in SV, using English fallback
  INFO: 'STR_SD_FIRMWARE_WARNING_4' missing in RO, using English fallback
  INFO: 'STR_SD_FIRMWARE_WARNING_4' missing in CA, using English fallback
  INFO: 'STR_SD_FIRMWARE_WARNING_4' missing in UK, using English fallback
  INFO: 'STR_SD_FIRMWARE_WARNING_4' missing in BE, using English fallback
  INFO: 'STR_SD_FIRMWARE_WARNING_4' missing in IT, using English fallback
  INFO: 'STR_SD_FIRMWARE_WARNING_4' missing in PL, using English fallback
  INFO: 'STR_SD_FIRMWARE_WARNING_4' missing in FI, using English fallback
  INFO: 'STR_SD_FIRMWARE_WARNING_4' missing in DA, using English fallback
  INFO: 'STR_SD_FIRMWARE_WARNING_4' missing in NL, using English fallback
  INFO: 'STR_SD_FIRMWARE_WARNING_4' missing in TR, using English fallback
  INFO: 'STR_SD_FIRMWARE_WARNING_4' missing in KK, using English fallback
  INFO: 'STR_SD_FIRMWARE_WARNING_4' missing in HU, using English fallback
  INFO: 'STR_SD_FIRMWARE_WARNING_4' missing in LT, using English fallback
  INFO: 'STR_SD_FIRMWARE_WARNING_4' missing in SI, using English fallback
  INFO: 'STR_SD_FIRMWARE_WARNING_4' missing in CAV, using English fallback
  INFO: 'STR_SD_FIRMWARE_WARNING_4' missing in HE, using English fallback
  INFO: 'STR_SD_FIRMWARE_WARNING_4' missing in SK, using English fallback
  INFO: 'STR_SD_FIRMWARE_WARNING_4' missing in VI, using English fallback
  INFO: 'STR_SD_FIRMWARE_WARNING_4' missing in NB, using English fallback
  INFO: 'STR_SD_FIRMWARE_WARNING_4' missing in P2, using English fallback
  INFO: 'STR_SD_FIRMWARE_WARNING_4' missing in AR, using English fallback
  INFO: 'STR_SD_FIRMWARE_WARNING_4' missing in BS, using English fallback
  INFO: 'STR_SD_FIRMWARE_WARNING_4' missing in ID, using English fallback
  INFO: 'STR_SD_FIRMWARE_FILE' missing in ES, using English fallback
  INFO: 'STR_SD_FIRMWARE_FILE' missing in FR, using English fallback
  INFO: 'STR_SD_FIRMWARE_FILE' missing in DE, using English fallback
  INFO: 'STR_SD_FIRMWARE_FILE' missing in CS, using English fallback
  INFO: 'STR_SD_FIRMWARE_FILE' missing in PT, using English fallback
  INFO: 'STR_SD_FIRMWARE_FILE' missing in RU, using English fallback
  INFO: 'STR_SD_FIRMWARE_FILE' missing in SV, using English fallback
  INFO: 'STR_SD_FIRMWARE_FILE' missing in RO, using English fallback
  INFO: 'STR_SD_FIRMWARE_FILE' missing in CA, using English fallback
  INFO: 'STR_SD_FIRMWARE_FILE' missing in UK, using English fallback
  INFO: 'STR_SD_FIRMWARE_FILE' missing in BE, using English fallback
  INFO: 'STR_SD_FIRMWARE_FILE' missing in IT, using English fallback
  INFO: 'STR_SD_FIRMWARE_FILE' missing in PL, using English fallback
  INFO: 'STR_SD_FIRMWARE_FILE' missing in FI, using English fallback
  INFO: 'STR_SD_FIRMWARE_FILE' missing in DA, using English fallback
  INFO: 'STR_SD_FIRMWARE_FILE' missing in NL, using English fallback
  INFO: 'STR_SD_FIRMWARE_FILE' missing in TR, using English fallback
  INFO: 'STR_SD_FIRMWARE_FILE' missing in KK, using English fallback
  INFO: 'STR_SD_FIRMWARE_FILE' missing in HU, using English fallback
  INFO: 'STR_SD_FIRMWARE_FILE' missing in LT, using English fallback
  INFO: 'STR_SD_FIRMWARE_FILE' missing in SI, using English fallback
  INFO: 'STR_SD_FIRMWARE_FILE' missing in CAV, using English fallback
  INFO: 'STR_SD_FIRMWARE_FILE' missing in HE, using English fallback
  INFO: 'STR_SD_FIRMWARE_FILE' missing in SK, using English fallback
  INFO: 'STR_SD_FIRMWARE_FILE' missing in VI, using English fallback
  INFO: 'STR_SD_FIRMWARE_FILE' missing in NB, using English fallback
  INFO: 'STR_SD_FIRMWARE_FILE' missing in P2, using English fallback
  INFO: 'STR_SD_FIRMWARE_FILE' missing in AR, using English fallback
  INFO: 'STR_SD_FIRMWARE_FILE' missing in BS, using English fallback
  INFO: 'STR_SD_FIRMWARE_FILE' missing in ID, using English fallback
  INFO: 'STR_SD_FIRMWARE_SIZE' missing in ES, using English fallback
  INFO: 'STR_SD_FIRMWARE_SIZE' missing in FR, using English fallback
  INFO: 'STR_SD_FIRMWARE_SIZE' missing in DE, using English fallback
  INFO: 'STR_SD_FIRMWARE_SIZE' missing in CS, using English fallback
  INFO: 'STR_SD_FIRMWARE_SIZE' missing in PT, using English fallback
  INFO: 'STR_SD_FIRMWARE_SIZE' missing in RU, using English fallback
  INFO: 'STR_SD_FIRMWARE_SIZE' missing in SV, using English fallback
  INFO: 'STR_SD_FIRMWARE_SIZE' missing in RO, using English fallback
  INFO: 'STR_SD_FIRMWARE_SIZE' missing in CA, using English fallback
  INFO: 'STR_SD_FIRMWARE_SIZE' missing in UK, using English fallback
  INFO: 'STR_SD_FIRMWARE_SIZE' missing in BE, using English fallback
  INFO: 'STR_SD_FIRMWARE_SIZE' missing in IT, using English fallback
  INFO: 'STR_SD_FIRMWARE_SIZE' missing in PL, using English fallback
  INFO: 'STR_SD_FIRMWARE_SIZE' missing in FI, using English fallback
  INFO: 'STR_SD_FIRMWARE_SIZE' missing in DA, using English fallback
  INFO: 'STR_SD_FIRMWARE_SIZE' missing in NL, using English fallback
  INFO: 'STR_SD_FIRMWARE_SIZE' missing in TR, using English fallback
  INFO: 'STR_SD_FIRMWARE_SIZE' missing in KK, using English fallback
  INFO: 'STR_SD_FIRMWARE_SIZE' missing in HU, using English fallback
  INFO: 'STR_SD_FIRMWARE_SIZE' missing in LT, using English fallback
  INFO: 'STR_SD_FIRMWARE_SIZE' missing in SI, using English fallback
  INFO: 'STR_SD_FIRMWARE_SIZE' missing in CAV, using English fallback
  INFO: 'STR_SD_FIRMWARE_SIZE' missing in HE, using English fallback
  INFO: 'STR_SD_FIRMWARE_SIZE' missing in SK, using English fallback
  INFO: 'STR_SD_FIRMWARE_SIZE' missing in VI, using English fallback
  INFO: 'STR_SD_FIRMWARE_SIZE' missing in NB, using English fallback
  INFO: 'STR_SD_FIRMWARE_SIZE' missing in P2, using English fallback
  INFO: 'STR_SD_FIRMWARE_SIZE' missing in AR, using English fallback
  INFO: 'STR_SD_FIRMWARE_SIZE' missing in BS, using English fallback
  INFO: 'STR_SD_FIRMWARE_SIZE' missing in ID, using English fallback
  INFO: 'STR_SD_FIRMWARE_SELECT' missing in ES, using English fallback
  INFO: 'STR_SD_FIRMWARE_SELECT' missing in FR, using English fallback
  INFO: 'STR_SD_FIRMWARE_SELECT' missing in DE, using English fallback
  INFO: 'STR_SD_FIRMWARE_SELECT' missing in CS, using English fallback
  INFO: 'STR_SD_FIRMWARE_SELECT' missing in PT, using English fallback
  INFO: 'STR_SD_FIRMWARE_SELECT' missing in RU, using English fallback
  INFO: 'STR_SD_FIRMWARE_SELECT' missing in SV, using English fallback
  INFO: 'STR_SD_FIRMWARE_SELECT' missing in RO, using English fallback
  INFO: 'STR_SD_FIRMWARE_SELECT' missing in CA, using English fallback
  INFO: 'STR_SD_FIRMWARE_SELECT' missing in UK, using English fallback
  INFO: 'STR_SD_FIRMWARE_SELECT' missing in BE, using English fallback
  INFO: 'STR_SD_FIRMWARE_SELECT' missing in IT, using English fallback
  INFO: 'STR_SD_FIRMWARE_SELECT' missing in PL, using English fallback
  INFO: 'STR_SD_FIRMWARE_SELECT' missing in FI, using English fallback
  INFO: 'STR_SD_FIRMWARE_SELECT' missing in DA, using English fallback
  INFO: 'STR_SD_FIRMWARE_SELECT' missing in NL, using English fallback
  INFO: 'STR_SD_FIRMWARE_SELECT' missing in TR, using English fallback
  INFO: 'STR_SD_FIRMWARE_SELECT' missing in KK, using English fallback
  INFO: 'STR_SD_FIRMWARE_SELECT' missing in HU, using English fallback
  INFO: 'STR_SD_FIRMWARE_SELECT' missing in LT, using English fallback
  INFO: 'STR_SD_FIRMWARE_SELECT' missing in SI, using English fallback
  INFO: 'STR_SD_FIRMWARE_SELECT' missing in CAV, using English fallback
  INFO: 'STR_SD_FIRMWARE_SELECT' missing in HE, using English fallback
  INFO: 'STR_SD_FIRMWARE_SELECT' missing in SK, using English fallback
  INFO: 'STR_SD_FIRMWARE_SELECT' missing in VI, using English fallback
  INFO: 'STR_SD_FIRMWARE_SELECT' missing in NB, using English fallback
  INFO: 'STR_SD_FIRMWARE_SELECT' missing in P2, using English fallback
  INFO: 'STR_SD_FIRMWARE_SELECT' missing in AR, using English fallback
  INFO: 'STR_SD_FIRMWARE_SELECT' missing in BS, using English fallback
  INFO: 'STR_SD_FIRMWARE_SELECT' missing in ID, using English fallback
  INFO: 'STR_SD_FIRMWARE_ERR_INVALID' missing in ES, using English fallback
  INFO: 'STR_SD_FIRMWARE_ERR_INVALID' missing in FR, using English fallback
  INFO: 'STR_SD_FIRMWARE_ERR_INVALID' missing in DE, using English fallback
  INFO: 'STR_SD_FIRMWARE_ERR_INVALID' missing in CS, using English fallback
  INFO: 'STR_SD_FIRMWARE_ERR_INVALID' missing in PT, using English fallback
  INFO: 'STR_SD_FIRMWARE_ERR_INVALID' missing in RU, using English fallback
  INFO: 'STR_SD_FIRMWARE_ERR_INVALID' missing in SV, using English fallback
  INFO: 'STR_SD_FIRMWARE_ERR_INVALID' missing in RO, using English fallback
  INFO: 'STR_SD_FIRMWARE_ERR_INVALID' missing in CA, using English fallback
  INFO: 'STR_SD_FIRMWARE_ERR_INVALID' missing in UK, using English fallback
  INFO: 'STR_SD_FIRMWARE_ERR_INVALID' missing in BE, using English fallback
  INFO: 'STR_SD_FIRMWARE_ERR_INVALID' missing in IT, using English fallback
  INFO: 'STR_SD_FIRMWARE_ERR_INVALID' missing in PL, using English fallback
  INFO: 'STR_SD_FIRMWARE_ERR_INVALID' missing in FI, using English fallback
  INFO: 'STR_SD_FIRMWARE_ERR_INVALID' missing in DA, using English fallback
  INFO: 'STR_SD_FIRMWARE_ERR_INVALID' missing in NL, using English fallback
  INFO: 'STR_SD_FIRMWARE_ERR_INVALID' missing in TR, using English fallback
  INFO: 'STR_SD_FIRMWARE_ERR_INVALID' missing in KK, using English fallback
  INFO: 'STR_SD_FIRMWARE_ERR_INVALID' missing in HU, using English fallback
  INFO: 'STR_SD_FIRMWARE_ERR_INVALID' missing in LT, using English fallback
  INFO: 'STR_SD_FIRMWARE_ERR_INVALID' missing in SI, using English fallback
  INFO: 'STR_SD_FIRMWARE_ERR_INVALID' missing in CAV, using English fallback
  INFO: 'STR_SD_FIRMWARE_ERR_INVALID' missing in HE, using English fallback
  INFO: 'STR_SD_FIRMWARE_ERR_INVALID' missing in SK, using English fallback
  INFO: 'STR_SD_FIRMWARE_ERR_INVALID' missing in VI, using English fallback
  INFO: 'STR_SD_FIRMWARE_ERR_INVALID' missing in NB, using English fallback
  INFO: 'STR_SD_FIRMWARE_ERR_INVALID' missing in P2, using English fallback
  INFO: 'STR_SD_FIRMWARE_ERR_INVALID' missing in AR, using English fallback
  INFO: 'STR_SD_FIRMWARE_ERR_INVALID' missing in BS, using English fallback
  INFO: 'STR_SD_FIRMWARE_ERR_INVALID' missing in ID, using English fallback
  INFO: 'STR_SD_FIRMWARE_ERR_READ' missing in ES, using English fallback
  INFO: 'STR_SD_FIRMWARE_ERR_READ' missing in FR, using English fallback
  INFO: 'STR_SD_FIRMWARE_ERR_READ' missing in DE, using English fallback
  INFO: 'STR_SD_FIRMWARE_ERR_READ' missing in CS, using English fallback
  INFO: 'STR_SD_FIRMWARE_ERR_READ' missing in PT, using English fallback
  INFO: 'STR_SD_FIRMWARE_ERR_READ' missing in RU, using English fallback
  INFO: 'STR_SD_FIRMWARE_ERR_READ' missing in SV, using English fallback
  INFO: 'STR_SD_FIRMWARE_ERR_READ' missing in RO, using English fallback
  INFO: 'STR_SD_FIRMWARE_ERR_READ' missing in CA, using English fallback
  INFO: 'STR_SD_FIRMWARE_ERR_READ' missing in UK, using English fallback
  INFO: 'STR_SD_FIRMWARE_ERR_READ' missing in BE, using English fallback
  INFO: 'STR_SD_FIRMWARE_ERR_READ' missing in IT, using English fallback
  INFO: 'STR_SD_FIRMWARE_ERR_READ' missing in PL, using English fallback
  INFO: 'STR_SD_FIRMWARE_ERR_READ' missing in FI, using English fallback
  INFO: 'STR_SD_FIRMWARE_ERR_READ' missing in DA, using English fallback
  INFO: 'STR_SD_FIRMWARE_ERR_READ' missing in NL, using English fallback
  INFO: 'STR_SD_FIRMWARE_ERR_READ' missing in TR, using English fallback
  INFO: 'STR_SD_FIRMWARE_ERR_READ' missing in KK, using English fallback
  INFO: 'STR_SD_FIRMWARE_ERR_READ' missing in HU, using English fallback
  INFO: 'STR_SD_FIRMWARE_ERR_READ' missing in LT, using English fallback
  INFO: 'STR_SD_FIRMWARE_ERR_READ' missing in SI, using English fallback
  INFO: 'STR_SD_FIRMWARE_ERR_READ' missing in CAV, using English fallback
  INFO: 'STR_SD_FIRMWARE_ERR_READ' missing in HE, using English fallback
  INFO: 'STR_SD_FIRMWARE_ERR_READ' missing in SK, using English fallback
  INFO: 'STR_SD_FIRMWARE_ERR_READ' missing in VI, using English fallback
  INFO: 'STR_SD_FIRMWARE_ERR_READ' missing in NB, using English fallback
  INFO: 'STR_SD_FIRMWARE_ERR_READ' missing in P2, using English fallback
  INFO: 'STR_SD_FIRMWARE_ERR_READ' missing in AR, using English fallback
  INFO: 'STR_SD_FIRMWARE_ERR_READ' missing in BS, using English fallback
  INFO: 'STR_SD_FIRMWARE_ERR_READ' missing in ID, using English fallback
  INFO: 'STR_SD_FIRMWARE_ERR_TOO_LARGE' missing in ES, using English fallback
  INFO: 'STR_SD_FIRMWARE_ERR_TOO_LARGE' missing in FR, using English fallback
  INFO: 'STR_SD_FIRMWARE_ERR_TOO_LARGE' missing in DE, using English fallback
  INFO: 'STR_SD_FIRMWARE_ERR_TOO_LARGE' missing in CS, using English fallback
  INFO: 'STR_SD_FIRMWARE_ERR_TOO_LARGE' missing in PT, using English fallback
  INFO: 'STR_SD_FIRMWARE_ERR_TOO_LARGE' missing in RU, using English fallback
  INFO: 'STR_SD_FIRMWARE_ERR_TOO_LARGE' missing in SV, using English fallback
  INFO: 'STR_SD_FIRMWARE_ERR_TOO_LARGE' missing in RO, using English fallback
  INFO: 'STR_SD_FIRMWARE_ERR_TOO_LARGE' missing in CA, using English fallback
  INFO: 'STR_SD_FIRMWARE_ERR_TOO_LARGE' missing in UK, using English fallback
  INFO: 'STR_SD_FIRMWARE_ERR_TOO_LARGE' missing in BE, using English fallback
  INFO: 'STR_SD_FIRMWARE_ERR_TOO_LARGE' missing in IT, using English fallback
  INFO: 'STR_SD_FIRMWARE_ERR_TOO_LARGE' missing in PL, using English fallback
  INFO: 'STR_SD_FIRMWARE_ERR_TOO_LARGE' missing in FI, using English fallback
  INFO: 'STR_SD_FIRMWARE_ERR_TOO_LARGE' missing in DA, using English fallback
  INFO: 'STR_SD_FIRMWARE_ERR_TOO_LARGE' missing in NL, using English fallback
  INFO: 'STR_SD_FIRMWARE_ERR_TOO_LARGE' missing in TR, using English fallback
  INFO: 'STR_SD_FIRMWARE_ERR_TOO_LARGE' missing in KK, using English fallback
  INFO: 'STR_SD_FIRMWARE_ERR_TOO_LARGE' missing in HU, using English fallback
  INFO: 'STR_SD_FIRMWARE_ERR_TOO_LARGE' missing in LT, using English fallback
  INFO: 'STR_SD_FIRMWARE_ERR_TOO_LARGE' missing in SI, using English fallback
  INFO: 'STR_SD_FIRMWARE_ERR_TOO_LARGE' missing in CAV, using English fallback
  INFO: 'STR_SD_FIRMWARE_ERR_TOO_LARGE' missing in HE, using English fallback
  INFO: 'STR_SD_FIRMWARE_ERR_TOO_LARGE' missing in SK, using English fallback
  INFO: 'STR_SD_FIRMWARE_ERR_TOO_LARGE' missing in VI, using English fallback
  INFO: 'STR_SD_FIRMWARE_ERR_TOO_LARGE' missing in NB, using English fallback
  INFO: 'STR_SD_FIRMWARE_ERR_TOO_LARGE' missing in P2, using English fallback
  INFO: 'STR_SD_FIRMWARE_ERR_TOO_LARGE' missing in AR, using English fallback
  INFO: 'STR_SD_FIRMWARE_ERR_TOO_LARGE' missing in BS, using English fallback
  INFO: 'STR_SD_FIRMWARE_ERR_TOO_LARGE' missing in ID, using English fallback
  INFO: 'STR_SD_FIRMWARE_ERR_FLASH' missing in ES, using English fallback
  INFO: 'STR_SD_FIRMWARE_ERR_FLASH' missing in FR, using English fallback
  INFO: 'STR_SD_FIRMWARE_ERR_FLASH' missing in DE, using English fallback
  INFO: 'STR_SD_FIRMWARE_ERR_FLASH' missing in CS, using English fallback
  INFO: 'STR_SD_FIRMWARE_ERR_FLASH' missing in PT, using English fallback
  INFO: 'STR_SD_FIRMWARE_ERR_FLASH' missing in RU, using English fallback
  INFO: 'STR_SD_FIRMWARE_ERR_FLASH' missing in SV, using English fallback
  INFO: 'STR_SD_FIRMWARE_ERR_FLASH' missing in RO, using English fallback
  INFO: 'STR_SD_FIRMWARE_ERR_FLASH' missing in CA, using English fallback
  INFO: 'STR_SD_FIRMWARE_ERR_FLASH' missing in UK, using English fallback
  INFO: 'STR_SD_FIRMWARE_ERR_FLASH' missing in BE, using English fallback
  INFO: 'STR_SD_FIRMWARE_ERR_FLASH' missing in IT, using English fallback
  INFO: 'STR_SD_FIRMWARE_ERR_FLASH' missing in PL, using English fallback
  INFO: 'STR_SD_FIRMWARE_ERR_FLASH' missing in FI, using English fallback
  INFO: 'STR_SD_FIRMWARE_ERR_FLASH' missing in DA, using English fallback
  INFO: 'STR_SD_FIRMWARE_ERR_FLASH' missing in NL, using English fallback
  INFO: 'STR_SD_FIRMWARE_ERR_FLASH' missing in TR, using English fallback
  INFO: 'STR_SD_FIRMWARE_ERR_FLASH' missing in KK, using English fallback
  INFO: 'STR_SD_FIRMWARE_ERR_FLASH' missing in HU, using English fallback
  INFO: 'STR_SD_FIRMWARE_ERR_FLASH' missing in LT, using English fallback
  INFO: 'STR_SD_FIRMWARE_ERR_FLASH' missing in SI, using English fallback
  INFO: 'STR_SD_FIRMWARE_ERR_FLASH' missing in CAV, using English fallback
  INFO: 'STR_SD_FIRMWARE_ERR_FLASH' missing in HE, using English fallback
  INFO: 'STR_SD_FIRMWARE_ERR_FLASH' missing in SK, using English fallback
  INFO: 'STR_SD_FIRMWARE_ERR_FLASH' missing in VI, using English fallback
  INFO: 'STR_SD_FIRMWARE_ERR_FLASH' missing in NB, using English fallback
  INFO: 'STR_SD_FIRMWARE_ERR_FLASH' missing in P2, using English fallback
  INFO: 'STR_SD_FIRMWARE_ERR_FLASH' missing in AR, using English fallback
  INFO: 'STR_SD_FIRMWARE_ERR_FLASH' missing in BS, using English fallback
  INFO: 'STR_SD_FIRMWARE_ERR_FLASH' missing in ID, using English fallback
  INFO: 'STR_SD_FIRMWARE_ERR_PARTITION' missing in ES, using English fallback
  INFO: 'STR_SD_FIRMWARE_ERR_PARTITION' missing in FR, using English fallback
  INFO: 'STR_SD_FIRMWARE_ERR_PARTITION' missing in DE, using English fallback
  INFO: 'STR_SD_FIRMWARE_ERR_PARTITION' missing in CS, using English fallback
  INFO: 'STR_SD_FIRMWARE_ERR_PARTITION' missing in PT, using English fallback
  INFO: 'STR_SD_FIRMWARE_ERR_PARTITION' missing in RU, using English fallback
  INFO: 'STR_SD_FIRMWARE_ERR_PARTITION' missing in SV, using English fallback
  INFO: 'STR_SD_FIRMWARE_ERR_PARTITION' missing in RO, using English fallback
  INFO: 'STR_SD_FIRMWARE_ERR_PARTITION' missing in CA, using English fallback
  INFO: 'STR_SD_FIRMWARE_ERR_PARTITION' missing in UK, using English fallback
  INFO: 'STR_SD_FIRMWARE_ERR_PARTITION' missing in BE, using English fallback
  INFO: 'STR_SD_FIRMWARE_ERR_PARTITION' missing in IT, using English fallback
  INFO: 'STR_SD_FIRMWARE_ERR_PARTITION' missing in PL, using English fallback
  INFO: 'STR_SD_FIRMWARE_ERR_PARTITION' missing in FI, using English fallback
  INFO: 'STR_SD_FIRMWARE_ERR_PARTITION' missing in DA, using English fallback
  INFO: 'STR_SD_FIRMWARE_ERR_PARTITION' missing in NL, using English fallback
  INFO: 'STR_SD_FIRMWARE_ERR_PARTITION' missing in TR, using English fallback
  INFO: 'STR_SD_FIRMWARE_ERR_PARTITION' missing in KK, using English fallback
  INFO: 'STR_SD_FIRMWARE_ERR_PARTITION' missing in HU, using English fallback
  INFO: 'STR_SD_FIRMWARE_ERR_PARTITION' missing in LT, using English fallback
  INFO: 'STR_SD_FIRMWARE_ERR_PARTITION' missing in SI, using English fallback
  INFO: 'STR_SD_FIRMWARE_ERR_PARTITION' missing in CAV, using English fallback
  INFO: 'STR_SD_FIRMWARE_ERR_PARTITION' missing in HE, using English fallback
  INFO: 'STR_SD_FIRMWARE_ERR_PARTITION' missing in SK, using English fallback
  INFO: 'STR_SD_FIRMWARE_ERR_PARTITION' missing in VI, using English fallback
  INFO: 'STR_SD_FIRMWARE_ERR_PARTITION' missing in NB, using English fallback
  INFO: 'STR_SD_FIRMWARE_ERR_PARTITION' missing in P2, using English fallback
  INFO: 'STR_SD_FIRMWARE_ERR_PARTITION' missing in AR, using English fallback
  INFO: 'STR_SD_FIRMWARE_ERR_PARTITION' missing in BS, using English fallback
  INFO: 'STR_SD_FIRMWARE_ERR_PARTITION' missing in ID, using English fallback
  INFO: 'STR_SD_FIRMWARE_DO_NOT_POWER_OFF' missing in ES, using English fallback
  INFO: 'STR_SD_FIRMWARE_DO_NOT_POWER_OFF' missing in FR, using English fallback
  INFO: 'STR_SD_FIRMWARE_DO_NOT_POWER_OFF' missing in DE, using English fallback
  INFO: 'STR_SD_FIRMWARE_DO_NOT_POWER_OFF' missing in CS, using English fallback
  INFO: 'STR_SD_FIRMWARE_DO_NOT_POWER_OFF' missing in PT, using English fallback
  INFO: 'STR_SD_FIRMWARE_DO_NOT_POWER_OFF' missing in RU, using English fallback
  INFO: 'STR_SD_FIRMWARE_DO_NOT_POWER_OFF' missing in SV, using English fallback
  INFO: 'STR_SD_FIRMWARE_DO_NOT_POWER_OFF' missing in RO, using English fallback
  INFO: 'STR_SD_FIRMWARE_DO_NOT_POWER_OFF' missing in CA, using English fallback
  INFO: 'STR_SD_FIRMWARE_DO_NOT_POWER_OFF' missing in UK, using English fallback
  INFO: 'STR_SD_FIRMWARE_DO_NOT_POWER_OFF' missing in BE, using English fallback
  INFO: 'STR_SD_FIRMWARE_DO_NOT_POWER_OFF' missing in IT, using English fallback
  INFO: 'STR_SD_FIRMWARE_DO_NOT_POWER_OFF' missing in PL, using English fallback
  INFO: 'STR_SD_FIRMWARE_DO_NOT_POWER_OFF' missing in FI, using English fallback
  INFO: 'STR_SD_FIRMWARE_DO_NOT_POWER_OFF' missing in DA, using English fallback
  INFO: 'STR_SD_FIRMWARE_DO_NOT_POWER_OFF' missing in NL, using English fallback
  INFO: 'STR_SD_FIRMWARE_DO_NOT_POWER_OFF' missing in TR, using English fallback
  INFO: 'STR_SD_FIRMWARE_DO_NOT_POWER_OFF' missing in KK, using English fallback
  INFO: 'STR_SD_FIRMWARE_DO_NOT_POWER_OFF' missing in HU, using English fallback
  INFO: 'STR_SD_FIRMWARE_DO_NOT_POWER_OFF' missing in LT, using English fallback
  INFO: 'STR_SD_FIRMWARE_DO_NOT_POWER_OFF' missing in SI, using English fallback
  INFO: 'STR_SD_FIRMWARE_DO_NOT_POWER_OFF' missing in CAV, using English fallback
  INFO: 'STR_SD_FIRMWARE_DO_NOT_POWER_OFF' missing in HE, using English fallback
  INFO: 'STR_SD_FIRMWARE_DO_NOT_POWER_OFF' missing in SK, using English fallback
  INFO: 'STR_SD_FIRMWARE_DO_NOT_POWER_OFF' missing in VI, using English fallback
  INFO: 'STR_SD_FIRMWARE_DO_NOT_POWER_OFF' missing in NB, using English fallback
  INFO: 'STR_SD_FIRMWARE_DO_NOT_POWER_OFF' missing in P2, using English fallback
  INFO: 'STR_SD_FIRMWARE_DO_NOT_POWER_OFF' missing in AR, using English fallback
  INFO: 'STR_SD_FIRMWARE_DO_NOT_POWER_OFF' missing in BS, using English fallback
  INFO: 'STR_SD_FIRMWARE_DO_NOT_POWER_OFF' missing in ID, using English fallback
  INFO: 'STR_SD_FIRMWARE_PRESS_CONFIRM_RESTART' missing in ES, using English fallback
  INFO: 'STR_SD_FIRMWARE_PRESS_CONFIRM_RESTART' missing in FR, using English fallback
  INFO: 'STR_SD_FIRMWARE_PRESS_CONFIRM_RESTART' missing in DE, using English fallback
  INFO: 'STR_SD_FIRMWARE_PRESS_CONFIRM_RESTART' missing in CS, using English fallback
  INFO: 'STR_SD_FIRMWARE_PRESS_CONFIRM_RESTART' missing in PT, using English fallback
  INFO: 'STR_SD_FIRMWARE_PRESS_CONFIRM_RESTART' missing in RU, using English fallback
  INFO: 'STR_SD_FIRMWARE_PRESS_CONFIRM_RESTART' missing in SV, using English fallback
  INFO: 'STR_SD_FIRMWARE_PRESS_CONFIRM_RESTART' missing in RO, using English fallback
  INFO: 'STR_SD_FIRMWARE_PRESS_CONFIRM_RESTART' missing in CA, using English fallback
  INFO: 'STR_SD_FIRMWARE_PRESS_CONFIRM_RESTART' missing in UK, using English fallback
  INFO: 'STR_SD_FIRMWARE_PRESS_CONFIRM_RESTART' missing in BE, using English fallback
  INFO: 'STR_SD_FIRMWARE_PRESS_CONFIRM_RESTART' missing in IT, using English fallback
  INFO: 'STR_SD_FIRMWARE_PRESS_CONFIRM_RESTART' missing in PL, using English fallback
  INFO: 'STR_SD_FIRMWARE_PRESS_CONFIRM_RESTART' missing in FI, using English fallback
  INFO: 'STR_SD_FIRMWARE_PRESS_CONFIRM_RESTART' missing in DA, using English fallback
  INFO: 'STR_SD_FIRMWARE_PRESS_CONFIRM_RESTART' missing in NL, using English fallback
  INFO: 'STR_SD_FIRMWARE_PRESS_CONFIRM_RESTART' missing in TR, using English fallback
  INFO: 'STR_SD_FIRMWARE_PRESS_CONFIRM_RESTART' missing in KK, using English fallback
  INFO: 'STR_SD_FIRMWARE_PRESS_CONFIRM_RESTART' missing in HU, using English fallback
  INFO: 'STR_SD_FIRMWARE_PRESS_CONFIRM_RESTART' missing in LT, using English fallback
  INFO: 'STR_SD_FIRMWARE_PRESS_CONFIRM_RESTART' missing in SI, using English fallback
  INFO: 'STR_SD_FIRMWARE_PRESS_CONFIRM_RESTART' missing in CAV, using English fallback
  INFO: 'STR_SD_FIRMWARE_PRESS_CONFIRM_RESTART' missing in HE, using English fallback
  INFO: 'STR_SD_FIRMWARE_PRESS_CONFIRM_RESTART' missing in SK, using English fallback
  INFO: 'STR_SD_FIRMWARE_PRESS_CONFIRM_RESTART' missing in VI, using English fallback
  INFO: 'STR_SD_FIRMWARE_PRESS_CONFIRM_RESTART' missing in NB, using English fallback
  INFO: 'STR_SD_FIRMWARE_PRESS_CONFIRM_RESTART' missing in P2, using English fallback
  INFO: 'STR_SD_FIRMWARE_PRESS_CONFIRM_RESTART' missing in AR, using English fallback
  INFO: 'STR_SD_FIRMWARE_PRESS_CONFIRM_RESTART' missing in BS, using English fallback
  INFO: 'STR_SD_FIRMWARE_PRESS_CONFIRM_RESTART' missing in ID, using English fallback
  INFO: 'STR_SD_FIRMWARE_INVALID_FOUND' missing in ES, using English fallback
  INFO: 'STR_SD_FIRMWARE_INVALID_FOUND' missing in FR, using English fallback
  INFO: 'STR_SD_FIRMWARE_INVALID_FOUND' missing in DE, using English fallback
  INFO: 'STR_SD_FIRMWARE_INVALID_FOUND' missing in CS, using English fallback
  INFO: 'STR_SD_FIRMWARE_INVALID_FOUND' missing in PT, using English fallback
  INFO: 'STR_SD_FIRMWARE_INVALID_FOUND' missing in RU, using English fallback
  INFO: 'STR_SD_FIRMWARE_INVALID_FOUND' missing in SV, using English fallback
  INFO: 'STR_SD_FIRMWARE_INVALID_FOUND' missing in RO, using English fallback
  INFO: 'STR_SD_FIRMWARE_INVALID_FOUND' missing in CA, using English fallback
  INFO: 'STR_SD_FIRMWARE_INVALID_FOUND' missing in UK, using English fallback
  INFO: 'STR_SD_FIRMWARE_INVALID_FOUND' missing in BE, using English fallback
  INFO: 'STR_SD_FIRMWARE_INVALID_FOUND' missing in IT, using English fallback
  INFO: 'STR_SD_FIRMWARE_INVALID_FOUND' missing in PL, using English fallback
  INFO: 'STR_SD_FIRMWARE_INVALID_FOUND' missing in FI, using English fallback
  INFO: 'STR_SD_FIRMWARE_INVALID_FOUND' missing in DA, using English fallback
  INFO: 'STR_SD_FIRMWARE_INVALID_FOUND' missing in NL, using English fallback
  INFO: 'STR_SD_FIRMWARE_INVALID_FOUND' missing in TR, using English fallback
  INFO: 'STR_SD_FIRMWARE_INVALID_FOUND' missing in KK, using English fallback
  INFO: 'STR_SD_FIRMWARE_INVALID_FOUND' missing in HU, using English fallback
  INFO: 'STR_SD_FIRMWARE_INVALID_FOUND' missing in LT, using English fallback
  INFO: 'STR_SD_FIRMWARE_INVALID_FOUND' missing in SI, using English fallback
  INFO: 'STR_SD_FIRMWARE_INVALID_FOUND' missing in CAV, using English fallback
  INFO: 'STR_SD_FIRMWARE_INVALID_FOUND' missing in HE, using English fallback
  INFO: 'STR_SD_FIRMWARE_INVALID_FOUND' missing in SK, using English fallback
  INFO: 'STR_SD_FIRMWARE_INVALID_FOUND' missing in VI, using English fallback
  INFO: 'STR_SD_FIRMWARE_INVALID_FOUND' missing in NB, using English fallback
  INFO: 'STR_SD_FIRMWARE_INVALID_FOUND' missing in P2, using English fallback
  INFO: 'STR_SD_FIRMWARE_INVALID_FOUND' missing in AR, using English fallback
  INFO: 'STR_SD_FIRMWARE_INVALID_FOUND' missing in BS, using English fallback
  INFO: 'STR_SD_FIRMWARE_INVALID_FOUND' missing in ID, using English fallback
  INFO: 'STR_SET' missing in ES, using English fallback
  INFO: 'STR_SET' missing in FR, using English fallback
  INFO: 'STR_SET' missing in DE, using English fallback
  INFO: 'STR_SET' missing in CS, using English fallback
  INFO: 'STR_SET' missing in PT, using English fallback
  INFO: 'STR_SET' missing in RU, using English fallback
  INFO: 'STR_SET' missing in SV, using English fallback
  INFO: 'STR_SET' missing in RO, using English fallback
  INFO: 'STR_SET' missing in CA, using English fallback
  INFO: 'STR_SET' missing in UK, using English fallback
  INFO: 'STR_SET' missing in BE, using English fallback
  INFO: 'STR_SET' missing in IT, using English fallback
  INFO: 'STR_SET' missing in PL, using English fallback
  INFO: 'STR_SET' missing in FI, using English fallback
  INFO: 'STR_SET' missing in DA, using English fallback
  INFO: 'STR_SET' missing in NL, using English fallback
  INFO: 'STR_SET' missing in TR, using English fallback
  INFO: 'STR_SET' missing in KK, using English fallback
  INFO: 'STR_SET' missing in HU, using English fallback
  INFO: 'STR_SET' missing in LT, using English fallback
  INFO: 'STR_SET' missing in SI, using English fallback
  INFO: 'STR_SET' missing in CAV, using English fallback
  INFO: 'STR_SET' missing in HE, using English fallback
  INFO: 'STR_SET' missing in SK, using English fallback
  INFO: 'STR_SET' missing in VI, using English fallback
  INFO: 'STR_SET' missing in NB, using English fallback
  INFO: 'STR_SET' missing in P2, using English fallback
  INFO: 'STR_SET' missing in AR, using English fallback
  INFO: 'STR_SET' missing in BS, using English fallback
  INFO: 'STR_SET' missing in ID, using English fallback
  INFO: 'STR_COLOR_MODE' missing in ES, using English fallback
  INFO: 'STR_COLOR_MODE' missing in FR, using English fallback
  INFO: 'STR_COLOR_MODE' missing in DE, using English fallback
  INFO: 'STR_COLOR_MODE' missing in CS, using English fallback
  INFO: 'STR_COLOR_MODE' missing in PT, using English fallback
  INFO: 'STR_COLOR_MODE' missing in RU, using English fallback
  INFO: 'STR_COLOR_MODE' missing in SV, using English fallback
  INFO: 'STR_COLOR_MODE' missing in RO, using English fallback
  INFO: 'STR_COLOR_MODE' missing in CA, using English fallback
  INFO: 'STR_COLOR_MODE' missing in UK, using English fallback
  INFO: 'STR_COLOR_MODE' missing in BE, using English fallback
  INFO: 'STR_COLOR_MODE' missing in IT, using English fallback
  INFO: 'STR_COLOR_MODE' missing in PL, using English fallback
  INFO: 'STR_COLOR_MODE' missing in FI, using English fallback
  INFO: 'STR_COLOR_MODE' missing in DA, using English fallback
  INFO: 'STR_COLOR_MODE' missing in NL, using English fallback
  INFO: 'STR_COLOR_MODE' missing in TR, using English fallback
  INFO: 'STR_COLOR_MODE' missing in KK, using English fallback
  INFO: 'STR_COLOR_MODE' missing in HU, using English fallback
  INFO: 'STR_COLOR_MODE' missing in LT, using English fallback
  INFO: 'STR_COLOR_MODE' missing in SI, using English fallback
  INFO: 'STR_COLOR_MODE' missing in CAV, using English fallback
  INFO: 'STR_COLOR_MODE' missing in HE, using English fallback
  INFO: 'STR_COLOR_MODE' missing in SK, using English fallback
  INFO: 'STR_COLOR_MODE' missing in VI, using English fallback
  INFO: 'STR_COLOR_MODE' missing in NB, using English fallback
  INFO: 'STR_COLOR_MODE' missing in P2, using English fallback
  INFO: 'STR_COLOR_MODE' missing in AR, using English fallback
  INFO: 'STR_COLOR_MODE' missing in BS, using English fallback
  INFO: 'STR_COLOR_MODE' missing in ID, using English fallback
  INFO: 'STR_EXTERNAL_FONT' missing in ES, using English fallback
  INFO: 'STR_EXTERNAL_FONT' missing in FR, using English fallback
  INFO: 'STR_EXTERNAL_FONT' missing in DE, using English fallback
  INFO: 'STR_EXTERNAL_FONT' missing in CS, using English fallback
  INFO: 'STR_EXTERNAL_FONT' missing in PT, using English fallback
  INFO: 'STR_EXTERNAL_FONT' missing in RU, using English fallback
  INFO: 'STR_EXTERNAL_FONT' missing in SV, using English fallback
  INFO: 'STR_EXTERNAL_FONT' missing in RO, using English fallback
  INFO: 'STR_EXTERNAL_FONT' missing in CA, using English fallback
  INFO: 'STR_EXTERNAL_FONT' missing in UK, using English fallback
  INFO: 'STR_EXTERNAL_FONT' missing in BE, using English fallback
  INFO: 'STR_EXTERNAL_FONT' missing in IT, using English fallback
  INFO: 'STR_EXTERNAL_FONT' missing in PL, using English fallback
  INFO: 'STR_EXTERNAL_FONT' missing in FI, using English fallback
  INFO: 'STR_EXTERNAL_FONT' missing in DA, using English fallback
  INFO: 'STR_EXTERNAL_FONT' missing in NL, using English fallback
  INFO: 'STR_EXTERNAL_FONT' missing in TR, using English fallback
  INFO: 'STR_EXTERNAL_FONT' missing in KK, using English fallback
  INFO: 'STR_EXTERNAL_FONT' missing in HU, using English fallback
  INFO: 'STR_EXTERNAL_FONT' missing in LT, using English fallback
  INFO: 'STR_EXTERNAL_FONT' missing in SI, using English fallback
  INFO: 'STR_EXTERNAL_FONT' missing in CAV, using English fallback
  INFO: 'STR_EXTERNAL_FONT' missing in HE, using English fallback
  INFO: 'STR_EXTERNAL_FONT' missing in SK, using English fallback
  INFO: 'STR_EXTERNAL_FONT' missing in VI, using English fallback
  INFO: 'STR_EXTERNAL_FONT' missing in NB, using English fallback
  INFO: 'STR_EXTERNAL_FONT' missing in P2, using English fallback
  INFO: 'STR_EXTERNAL_FONT' missing in AR, using English fallback
  INFO: 'STR_EXTERNAL_FONT' missing in BS, using English fallback
  INFO: 'STR_EXTERNAL_FONT' missing in ID, using English fallback
  INFO: 'STR_EXT_READER_FONT' missing in ES, using English fallback
  INFO: 'STR_EXT_READER_FONT' missing in FR, using English fallback
  INFO: 'STR_EXT_READER_FONT' missing in DE, using English fallback
  INFO: 'STR_EXT_READER_FONT' missing in CS, using English fallback
  INFO: 'STR_EXT_READER_FONT' missing in PT, using English fallback
  INFO: 'STR_EXT_READER_FONT' missing in RU, using English fallback
  INFO: 'STR_EXT_READER_FONT' missing in SV, using English fallback
  INFO: 'STR_EXT_READER_FONT' missing in RO, using English fallback
  INFO: 'STR_EXT_READER_FONT' missing in CA, using English fallback
  INFO: 'STR_EXT_READER_FONT' missing in UK, using English fallback
  INFO: 'STR_EXT_READER_FONT' missing in BE, using English fallback
  INFO: 'STR_EXT_READER_FONT' missing in IT, using English fallback
  INFO: 'STR_EXT_READER_FONT' missing in PL, using English fallback
  INFO: 'STR_EXT_READER_FONT' missing in FI, using English fallback
  INFO: 'STR_EXT_READER_FONT' missing in DA, using English fallback
  INFO: 'STR_EXT_READER_FONT' missing in NL, using English fallback
  INFO: 'STR_EXT_READER_FONT' missing in TR, using English fallback
  INFO: 'STR_EXT_READER_FONT' missing in KK, using English fallback
  INFO: 'STR_EXT_READER_FONT' missing in HU, using English fallback
  INFO: 'STR_EXT_READER_FONT' missing in LT, using English fallback
  INFO: 'STR_EXT_READER_FONT' missing in SI, using English fallback
  INFO: 'STR_EXT_READER_FONT' missing in CAV, using English fallback
  INFO: 'STR_EXT_READER_FONT' missing in HE, using English fallback
  INFO: 'STR_EXT_READER_FONT' missing in SK, using English fallback
  INFO: 'STR_EXT_READER_FONT' missing in VI, using English fallback
  INFO: 'STR_EXT_READER_FONT' missing in NB, using English fallback
  INFO: 'STR_EXT_READER_FONT' missing in P2, using English fallback
  INFO: 'STR_EXT_READER_FONT' missing in AR, using English fallback
  INFO: 'STR_EXT_READER_FONT' missing in BS, using English fallback
  INFO: 'STR_EXT_READER_FONT' missing in ID, using English fallback
  INFO: 'STR_EXT_CHINESE_FONT' missing in ES, using English fallback
  INFO: 'STR_EXT_CHINESE_FONT' missing in FR, using English fallback
  INFO: 'STR_EXT_CHINESE_FONT' missing in DE, using English fallback
  INFO: 'STR_EXT_CHINESE_FONT' missing in CS, using English fallback
  INFO: 'STR_EXT_CHINESE_FONT' missing in PT, using English fallback
  INFO: 'STR_EXT_CHINESE_FONT' missing in RU, using English fallback
  INFO: 'STR_EXT_CHINESE_FONT' missing in SV, using English fallback
  INFO: 'STR_EXT_CHINESE_FONT' missing in RO, using English fallback
  INFO: 'STR_EXT_CHINESE_FONT' missing in CA, using English fallback
  INFO: 'STR_EXT_CHINESE_FONT' missing in UK, using English fallback
  INFO: 'STR_EXT_CHINESE_FONT' missing in BE, using English fallback
  INFO: 'STR_EXT_CHINESE_FONT' missing in IT, using English fallback
  INFO: 'STR_EXT_CHINESE_FONT' missing in PL, using English fallback
  INFO: 'STR_EXT_CHINESE_FONT' missing in FI, using English fallback
  INFO: 'STR_EXT_CHINESE_FONT' missing in DA, using English fallback
  INFO: 'STR_EXT_CHINESE_FONT' missing in NL, using English fallback
  INFO: 'STR_EXT_CHINESE_FONT' missing in TR, using English fallback
  INFO: 'STR_EXT_CHINESE_FONT' missing in KK, using English fallback
  INFO: 'STR_EXT_CHINESE_FONT' missing in HU, using English fallback
  INFO: 'STR_EXT_CHINESE_FONT' missing in LT, using English fallback
  INFO: 'STR_EXT_CHINESE_FONT' missing in SI, using English fallback
  INFO: 'STR_EXT_CHINESE_FONT' missing in CAV, using English fallback
  INFO: 'STR_EXT_CHINESE_FONT' missing in HE, using English fallback
  INFO: 'STR_EXT_CHINESE_FONT' missing in SK, using English fallback
  INFO: 'STR_EXT_CHINESE_FONT' missing in VI, using English fallback
  INFO: 'STR_EXT_CHINESE_FONT' missing in NB, using English fallback
  INFO: 'STR_EXT_CHINESE_FONT' missing in P2, using English fallback
  INFO: 'STR_EXT_CHINESE_FONT' missing in AR, using English fallback
  INFO: 'STR_EXT_CHINESE_FONT' missing in BS, using English fallback
  INFO: 'STR_EXT_CHINESE_FONT' missing in ID, using English fallback
  INFO: 'STR_EXT_UI_FONT' missing in ES, using English fallback
  INFO: 'STR_EXT_UI_FONT' missing in FR, using English fallback
  INFO: 'STR_EXT_UI_FONT' missing in DE, using English fallback
  INFO: 'STR_EXT_UI_FONT' missing in CS, using English fallback
  INFO: 'STR_EXT_UI_FONT' missing in PT, using English fallback
  INFO: 'STR_EXT_UI_FONT' missing in RU, using English fallback
  INFO: 'STR_EXT_UI_FONT' missing in SV, using English fallback
  INFO: 'STR_EXT_UI_FONT' missing in RO, using English fallback
  INFO: 'STR_EXT_UI_FONT' missing in CA, using English fallback
  INFO: 'STR_EXT_UI_FONT' missing in UK, using English fallback
  INFO: 'STR_EXT_UI_FONT' missing in BE, using English fallback
  INFO: 'STR_EXT_UI_FONT' missing in IT, using English fallback
  INFO: 'STR_EXT_UI_FONT' missing in PL, using English fallback
  INFO: 'STR_EXT_UI_FONT' missing in FI, using English fallback
  INFO: 'STR_EXT_UI_FONT' missing in DA, using English fallback
  INFO: 'STR_EXT_UI_FONT' missing in NL, using English fallback
  INFO: 'STR_EXT_UI_FONT' missing in TR, using English fallback
  INFO: 'STR_EXT_UI_FONT' missing in KK, using English fallback
  INFO: 'STR_EXT_UI_FONT' missing in HU, using English fallback
  INFO: 'STR_EXT_UI_FONT' missing in LT, using English fallback
  INFO: 'STR_EXT_UI_FONT' missing in SI, using English fallback
  INFO: 'STR_EXT_UI_FONT' missing in CAV, using English fallback
  INFO: 'STR_EXT_UI_FONT' missing in HE, using English fallback
  INFO: 'STR_EXT_UI_FONT' missing in SK, using English fallback
  INFO: 'STR_EXT_UI_FONT' missing in VI, using English fallback
  INFO: 'STR_EXT_UI_FONT' missing in NB, using English fallback
  INFO: 'STR_EXT_UI_FONT' missing in P2, using English fallback
  INFO: 'STR_EXT_UI_FONT' missing in AR, using English fallback
  INFO: 'STR_EXT_UI_FONT' missing in BS, using English fallback
  INFO: 'STR_EXT_UI_FONT' missing in ID, using English fallback
  INFO: 'STR_READER_AND_UI' missing in ES, using English fallback
  INFO: 'STR_READER_AND_UI' missing in FR, using English fallback
  INFO: 'STR_READER_AND_UI' missing in DE, using English fallback
  INFO: 'STR_READER_AND_UI' missing in CS, using English fallback
  INFO: 'STR_READER_AND_UI' missing in PT, using English fallback
  INFO: 'STR_READER_AND_UI' missing in RU, using English fallback
  INFO: 'STR_READER_AND_UI' missing in SV, using English fallback
  INFO: 'STR_READER_AND_UI' missing in RO, using English fallback
  INFO: 'STR_READER_AND_UI' missing in CA, using English fallback
  INFO: 'STR_READER_AND_UI' missing in UK, using English fallback
  INFO: 'STR_READER_AND_UI' missing in BE, using English fallback
  INFO: 'STR_READER_AND_UI' missing in IT, using English fallback
  INFO: 'STR_READER_AND_UI' missing in PL, using English fallback
  INFO: 'STR_READER_AND_UI' missing in FI, using English fallback
  INFO: 'STR_READER_AND_UI' missing in DA, using English fallback
  INFO: 'STR_READER_AND_UI' missing in NL, using English fallback
  INFO: 'STR_READER_AND_UI' missing in TR, using English fallback
  INFO: 'STR_READER_AND_UI' missing in KK, using English fallback
  INFO: 'STR_READER_AND_UI' missing in HU, using English fallback
  INFO: 'STR_READER_AND_UI' missing in LT, using English fallback
  INFO: 'STR_READER_AND_UI' missing in SI, using English fallback
  INFO: 'STR_READER_AND_UI' missing in CAV, using English fallback
  INFO: 'STR_READER_AND_UI' missing in HE, using English fallback
  INFO: 'STR_READER_AND_UI' missing in SK, using English fallback
  INFO: 'STR_READER_AND_UI' missing in VI, using English fallback
  INFO: 'STR_READER_AND_UI' missing in NB, using English fallback
  INFO: 'STR_READER_AND_UI' missing in P2, using English fallback
  INFO: 'STR_READER_AND_UI' missing in AR, using English fallback
  INFO: 'STR_READER_AND_UI' missing in BS, using English fallback
  INFO: 'STR_READER_AND_UI' missing in ID, using English fallback
  INFO: 'STR_BUILTIN_DISABLED' missing in ES, using English fallback
  INFO: 'STR_BUILTIN_DISABLED' missing in FR, using English fallback
  INFO: 'STR_BUILTIN_DISABLED' missing in DE, using English fallback
  INFO: 'STR_BUILTIN_DISABLED' missing in CS, using English fallback
  INFO: 'STR_BUILTIN_DISABLED' missing in PT, using English fallback
  INFO: 'STR_BUILTIN_DISABLED' missing in RU, using English fallback
  INFO: 'STR_BUILTIN_DISABLED' missing in SV, using English fallback
  INFO: 'STR_BUILTIN_DISABLED' missing in RO, using English fallback
  INFO: 'STR_BUILTIN_DISABLED' missing in CA, using English fallback
  INFO: 'STR_BUILTIN_DISABLED' missing in UK, using English fallback
  INFO: 'STR_BUILTIN_DISABLED' missing in BE, using English fallback
  INFO: 'STR_BUILTIN_DISABLED' missing in IT, using English fallback
  INFO: 'STR_BUILTIN_DISABLED' missing in PL, using English fallback
  INFO: 'STR_BUILTIN_DISABLED' missing in FI, using English fallback
  INFO: 'STR_BUILTIN_DISABLED' missing in DA, using English fallback
  INFO: 'STR_BUILTIN_DISABLED' missing in NL, using English fallback
  INFO: 'STR_BUILTIN_DISABLED' missing in TR, using English fallback
  INFO: 'STR_BUILTIN_DISABLED' missing in KK, using English fallback
  INFO: 'STR_BUILTIN_DISABLED' missing in HU, using English fallback
  INFO: 'STR_BUILTIN_DISABLED' missing in LT, using English fallback
  INFO: 'STR_BUILTIN_DISABLED' missing in SI, using English fallback
  INFO: 'STR_BUILTIN_DISABLED' missing in CAV, using English fallback
  INFO: 'STR_BUILTIN_DISABLED' missing in HE, using English fallback
  INFO: 'STR_BUILTIN_DISABLED' missing in SK, using English fallback
  INFO: 'STR_BUILTIN_DISABLED' missing in VI, using English fallback
  INFO: 'STR_BUILTIN_DISABLED' missing in NB, using English fallback
  INFO: 'STR_BUILTIN_DISABLED' missing in P2, using English fallback
  INFO: 'STR_BUILTIN_DISABLED' missing in AR, using English fallback
  INFO: 'STR_BUILTIN_DISABLED' missing in BS, using English fallback
  INFO: 'STR_BUILTIN_DISABLED' missing in ID, using English fallback
  INFO: 'STR_ON_MARKER' missing in ES, using English fallback
  INFO: 'STR_ON_MARKER' missing in FR, using English fallback
  INFO: 'STR_ON_MARKER' missing in DE, using English fallback
  INFO: 'STR_ON_MARKER' missing in CS, using English fallback
  INFO: 'STR_ON_MARKER' missing in PT, using English fallback
  INFO: 'STR_ON_MARKER' missing in RU, using English fallback
  INFO: 'STR_ON_MARKER' missing in SV, using English fallback
  INFO: 'STR_ON_MARKER' missing in RO, using English fallback
  INFO: 'STR_ON_MARKER' missing in CA, using English fallback
  INFO: 'STR_ON_MARKER' missing in UK, using English fallback
  INFO: 'STR_ON_MARKER' missing in BE, using English fallback
  INFO: 'STR_ON_MARKER' missing in IT, using English fallback
  INFO: 'STR_ON_MARKER' missing in PL, using English fallback
  INFO: 'STR_ON_MARKER' missing in FI, using English fallback
  INFO: 'STR_ON_MARKER' missing in DA, using English fallback
  INFO: 'STR_ON_MARKER' missing in NL, using English fallback
  INFO: 'STR_ON_MARKER' missing in TR, using English fallback
  INFO: 'STR_ON_MARKER' missing in KK, using English fallback
  INFO: 'STR_ON_MARKER' missing in HU, using English fallback
  INFO: 'STR_ON_MARKER' missing in LT, using English fallback
  INFO: 'STR_ON_MARKER' missing in SI, using English fallback
  INFO: 'STR_ON_MARKER' missing in CAV, using English fallback
  INFO: 'STR_ON_MARKER' missing in HE, using English fallback
  INFO: 'STR_ON_MARKER' missing in SK, using English fallback
  INFO: 'STR_ON_MARKER' missing in VI, using English fallback
  INFO: 'STR_ON_MARKER' missing in NB, using English fallback
  INFO: 'STR_ON_MARKER' missing in P2, using English fallback
  INFO: 'STR_ON_MARKER' missing in AR, using English fallback
  INFO: 'STR_ON_MARKER' missing in BS, using English fallback
  INFO: 'STR_ON_MARKER' missing in ID, using English fallback
  INFO: 'STR_OPEN_DYSLEXIC' missing in CAV, using English fallback
  INFO: 'STR_OPEN_DYSLEXIC' missing in HE, using English fallback
  INFO: 'STR_OPEN_DYSLEXIC' missing in SK, using English fallback
  INFO: 'STR_OPEN_DYSLEXIC' missing in VI, using English fallback
  INFO: 'STR_OPEN_DYSLEXIC' missing in NB, using English fallback
  INFO: 'STR_OPEN_DYSLEXIC' missing in P2, using English fallback
  INFO: 'STR_OPEN_DYSLEXIC' missing in AR, using English fallback
  INFO: 'STR_OPEN_DYSLEXIC' missing in BS, using English fallback
  INFO: 'STR_OPEN_DYSLEXIC' missing in ID, using English fallback
  INFO: 'STR_MIN_1' missing in CAV, using English fallback
  INFO: 'STR_MIN_1' missing in HE, using English fallback
  INFO: 'STR_MIN_1' missing in SK, using English fallback
  INFO: 'STR_MIN_1' missing in VI, using English fallback
  INFO: 'STR_MIN_1' missing in NB, using English fallback
  INFO: 'STR_MIN_1' missing in P2, using English fallback
  INFO: 'STR_MIN_1' missing in AR, using English fallback
  INFO: 'STR_MIN_1' missing in BS, using English fallback
  INFO: 'STR_MIN_1' missing in ID, using English fallback
  INFO: 'STR_MIN_5' missing in CAV, using English fallback
  INFO: 'STR_MIN_5' missing in HE, using English fallback
  INFO: 'STR_MIN_5' missing in SK, using English fallback
  INFO: 'STR_MIN_5' missing in VI, using English fallback
  INFO: 'STR_MIN_5' missing in NB, using English fallback
  INFO: 'STR_MIN_5' missing in P2, using English fallback
  INFO: 'STR_MIN_5' missing in AR, using English fallback
  INFO: 'STR_MIN_5' missing in BS, using English fallback
  INFO: 'STR_MIN_5' missing in ID, using English fallback
  INFO: 'STR_MIN_10' missing in CAV, using English fallback
  INFO: 'STR_MIN_10' missing in HE, using English fallback
  INFO: 'STR_MIN_10' missing in SK, using English fallback
  INFO: 'STR_MIN_10' missing in VI, using English fallback
  INFO: 'STR_MIN_10' missing in NB, using English fallback
  INFO: 'STR_MIN_10' missing in P2, using English fallback
  INFO: 'STR_MIN_10' missing in AR, using English fallback
  INFO: 'STR_MIN_10' missing in BS, using English fallback
  INFO: 'STR_MIN_10' missing in ID, using English fallback
  INFO: 'STR_MIN_15' missing in CAV, using English fallback
  INFO: 'STR_MIN_15' missing in HE, using English fallback
  INFO: 'STR_MIN_15' missing in SK, using English fallback
  INFO: 'STR_MIN_15' missing in VI, using English fallback
  INFO: 'STR_MIN_15' missing in NB, using English fallback
  INFO: 'STR_MIN_15' missing in P2, using English fallback
  INFO: 'STR_MIN_15' missing in AR, using English fallback
  INFO: 'STR_MIN_15' missing in BS, using English fallback
  INFO: 'STR_MIN_15' missing in ID, using English fallback
  INFO: 'STR_MIN_30' missing in CAV, using English fallback
  INFO: 'STR_MIN_30' missing in HE, using English fallback
  INFO: 'STR_MIN_30' missing in SK, using English fallback
  INFO: 'STR_MIN_30' missing in VI, using English fallback
  INFO: 'STR_MIN_30' missing in NB, using English fallback
  INFO: 'STR_MIN_30' missing in P2, using English fallback
  INFO: 'STR_MIN_30' missing in AR, using English fallback
  INFO: 'STR_MIN_30' missing in BS, using English fallback
  INFO: 'STR_MIN_30' missing in ID, using English fallback
  INFO: 'STR_PERCENT_STEP_HINT' missing in CAV, using English fallback
  INFO: 'STR_PERCENT_STEP_HINT' missing in HE, using English fallback
  INFO: 'STR_PERCENT_STEP_HINT' missing in SK, using English fallback
  INFO: 'STR_PERCENT_STEP_HINT' missing in VI, using English fallback
  INFO: 'STR_PERCENT_STEP_HINT' missing in P2, using English fallback
  INFO: 'STR_PERCENT_STEP_HINT' missing in AR, using English fallback
  INFO: 'STR_PERCENT_STEP_HINT' missing in BS, using English fallback
  INFO: 'STR_PERCENT_STEP_HINT' missing in ID, using English fallback
  INFO: 'STR_UI_ORIENTATION' missing in ES, using English fallback
  INFO: 'STR_UI_ORIENTATION' missing in FR, using English fallback
  INFO: 'STR_UI_ORIENTATION' missing in DE, using English fallback
  INFO: 'STR_UI_ORIENTATION' missing in CS, using English fallback
  INFO: 'STR_UI_ORIENTATION' missing in PT, using English fallback
  INFO: 'STR_UI_ORIENTATION' missing in RU, using English fallback
  INFO: 'STR_UI_ORIENTATION' missing in SV, using English fallback
  INFO: 'STR_UI_ORIENTATION' missing in RO, using English fallback
  INFO: 'STR_UI_ORIENTATION' missing in CA, using English fallback
  INFO: 'STR_UI_ORIENTATION' missing in UK, using English fallback
  INFO: 'STR_UI_ORIENTATION' missing in BE, using English fallback
  INFO: 'STR_UI_ORIENTATION' missing in IT, using English fallback
  INFO: 'STR_UI_ORIENTATION' missing in PL, using English fallback
  INFO: 'STR_UI_ORIENTATION' missing in FI, using English fallback
  INFO: 'STR_UI_ORIENTATION' missing in DA, using English fallback
  INFO: 'STR_UI_ORIENTATION' missing in NL, using English fallback
  INFO: 'STR_UI_ORIENTATION' missing in TR, using English fallback
  INFO: 'STR_UI_ORIENTATION' missing in KK, using English fallback
  INFO: 'STR_UI_ORIENTATION' missing in HU, using English fallback
  INFO: 'STR_UI_ORIENTATION' missing in LT, using English fallback
  INFO: 'STR_UI_ORIENTATION' missing in SI, using English fallback
  INFO: 'STR_UI_ORIENTATION' missing in CAV, using English fallback
  INFO: 'STR_UI_ORIENTATION' missing in HE, using English fallback
  INFO: 'STR_UI_ORIENTATION' missing in SK, using English fallback
  INFO: 'STR_UI_ORIENTATION' missing in VI, using English fallback
  INFO: 'STR_UI_ORIENTATION' missing in NB, using English fallback
  INFO: 'STR_UI_ORIENTATION' missing in P2, using English fallback
  INFO: 'STR_UI_ORIENTATION' missing in AR, using English fallback
  INFO: 'STR_UI_ORIENTATION' missing in BS, using English fallback
  INFO: 'STR_UI_ORIENTATION' missing in ID, using English fallback
  INFO: 'STR_FIRST_LINE_INDENT' missing in ES, using English fallback
  INFO: 'STR_FIRST_LINE_INDENT' missing in FR, using English fallback
  INFO: 'STR_FIRST_LINE_INDENT' missing in DE, using English fallback
  INFO: 'STR_FIRST_LINE_INDENT' missing in CS, using English fallback
  INFO: 'STR_FIRST_LINE_INDENT' missing in PT, using English fallback
  INFO: 'STR_FIRST_LINE_INDENT' missing in RU, using English fallback
  INFO: 'STR_FIRST_LINE_INDENT' missing in SV, using English fallback
  INFO: 'STR_FIRST_LINE_INDENT' missing in RO, using English fallback
  INFO: 'STR_FIRST_LINE_INDENT' missing in CA, using English fallback
  INFO: 'STR_FIRST_LINE_INDENT' missing in UK, using English fallback
  INFO: 'STR_FIRST_LINE_INDENT' missing in BE, using English fallback
  INFO: 'STR_FIRST_LINE_INDENT' missing in IT, using English fallback
  INFO: 'STR_FIRST_LINE_INDENT' missing in PL, using English fallback
  INFO: 'STR_FIRST_LINE_INDENT' missing in FI, using English fallback
  INFO: 'STR_FIRST_LINE_INDENT' missing in DA, using English fallback
  INFO: 'STR_FIRST_LINE_INDENT' missing in NL, using English fallback
  INFO: 'STR_FIRST_LINE_INDENT' missing in TR, using English fallback
  INFO: 'STR_FIRST_LINE_INDENT' missing in KK, using English fallback
  INFO: 'STR_FIRST_LINE_INDENT' missing in HU, using English fallback
  INFO: 'STR_FIRST_LINE_INDENT' missing in LT, using English fallback
  INFO: 'STR_FIRST_LINE_INDENT' missing in SI, using English fallback
  INFO: 'STR_FIRST_LINE_INDENT' missing in CAV, using English fallback
  INFO: 'STR_FIRST_LINE_INDENT' missing in HE, using English fallback
  INFO: 'STR_FIRST_LINE_INDENT' missing in SK, using English fallback
  INFO: 'STR_FIRST_LINE_INDENT' missing in VI, using English fallback
  INFO: 'STR_FIRST_LINE_INDENT' missing in NB, using English fallback
  INFO: 'STR_FIRST_LINE_INDENT' missing in P2, using English fallback
  INFO: 'STR_FIRST_LINE_INDENT' missing in AR, using English fallback
  INFO: 'STR_FIRST_LINE_INDENT' missing in BS, using English fallback
  INFO: 'STR_FIRST_LINE_INDENT' missing in ID, using English fallback
  INFO: 'STR_INVERT_IMAGES' missing in ES, using English fallback
  INFO: 'STR_INVERT_IMAGES' missing in FR, using English fallback
  INFO: 'STR_INVERT_IMAGES' missing in DE, using English fallback
  INFO: 'STR_INVERT_IMAGES' missing in CS, using English fallback
  INFO: 'STR_INVERT_IMAGES' missing in PT, using English fallback
  INFO: 'STR_INVERT_IMAGES' missing in RU, using English fallback
  INFO: 'STR_INVERT_IMAGES' missing in SV, using English fallback
  INFO: 'STR_INVERT_IMAGES' missing in RO, using English fallback
  INFO: 'STR_INVERT_IMAGES' missing in CA, using English fallback
  INFO: 'STR_INVERT_IMAGES' missing in UK, using English fallback
  INFO: 'STR_INVERT_IMAGES' missing in BE, using English fallback
  INFO: 'STR_INVERT_IMAGES' missing in IT, using English fallback
  INFO: 'STR_INVERT_IMAGES' missing in PL, using English fallback
  INFO: 'STR_INVERT_IMAGES' missing in FI, using English fallback
  INFO: 'STR_INVERT_IMAGES' missing in DA, using English fallback
  INFO: 'STR_INVERT_IMAGES' missing in NL, using English fallback
  INFO: 'STR_INVERT_IMAGES' missing in TR, using English fallback
  INFO: 'STR_INVERT_IMAGES' missing in KK, using English fallback
  INFO: 'STR_INVERT_IMAGES' missing in HU, using English fallback
  INFO: 'STR_INVERT_IMAGES' missing in LT, using English fallback
  INFO: 'STR_INVERT_IMAGES' missing in SI, using English fallback
  INFO: 'STR_INVERT_IMAGES' missing in CAV, using English fallback
  INFO: 'STR_INVERT_IMAGES' missing in HE, using English fallback
  INFO: 'STR_INVERT_IMAGES' missing in SK, using English fallback
  INFO: 'STR_INVERT_IMAGES' missing in VI, using English fallback
  INFO: 'STR_INVERT_IMAGES' missing in NB, using English fallback
  INFO: 'STR_INVERT_IMAGES' missing in P2, using English fallback
  INFO: 'STR_INVERT_IMAGES' missing in AR, using English fallback
  INFO: 'STR_INVERT_IMAGES' missing in BS, using English fallback
  INFO: 'STR_INVERT_IMAGES' missing in ID, using English fallback
  INFO: 'STR_DELETE_CONFIRM' missing in ES, using English fallback
  INFO: 'STR_DELETE_CONFIRM' missing in FR, using English fallback
  INFO: 'STR_DELETE_CONFIRM' missing in DE, using English fallback
  INFO: 'STR_DELETE_CONFIRM' missing in CS, using English fallback
  INFO: 'STR_DELETE_CONFIRM' missing in PT, using English fallback
  INFO: 'STR_DELETE_CONFIRM' missing in SV, using English fallback
  INFO: 'STR_DELETE_CONFIRM' missing in RO, using English fallback
  INFO: 'STR_DELETE_CONFIRM' missing in CA, using English fallback
  INFO: 'STR_DELETE_CONFIRM' missing in UK, using English fallback
  INFO: 'STR_DELETE_CONFIRM' missing in BE, using English fallback
  INFO: 'STR_DELETE_CONFIRM' missing in IT, using English fallback
  INFO: 'STR_DELETE_CONFIRM' missing in PL, using English fallback
  INFO: 'STR_DELETE_CONFIRM' missing in FI, using English fallback
  INFO: 'STR_DELETE_CONFIRM' missing in DA, using English fallback
  INFO: 'STR_DELETE_CONFIRM' missing in NL, using English fallback
  INFO: 'STR_DELETE_CONFIRM' missing in TR, using English fallback
  INFO: 'STR_DELETE_CONFIRM' missing in KK, using English fallback
  INFO: 'STR_DELETE_CONFIRM' missing in HU, using English fallback
  INFO: 'STR_DELETE_CONFIRM' missing in LT, using English fallback
  INFO: 'STR_DELETE_CONFIRM' missing in SI, using English fallback
  INFO: 'STR_DELETE_CONFIRM' missing in CAV, using English fallback
  INFO: 'STR_DELETE_CONFIRM' missing in SK, using English fallback
  INFO: 'STR_DELETE_CONFIRM' missing in VI, using English fallback
  INFO: 'STR_DELETE_CONFIRM' missing in NB, using English fallback
  INFO: 'STR_DELETE_CONFIRM' missing in P2, using English fallback
  INFO: 'STR_DELETE_CONFIRM' missing in AR, using English fallback
  INFO: 'STR_DELETE_CONFIRM' missing in BS, using English fallback
  INFO: 'STR_DELETE_CONFIRM' missing in ID, using English fallback
Loaded 34 languages, 508 string keys
Generated: lib/I18n/I18nKeys.h
Generated: lib/I18n/I18nStrings.h
Generated: lib/I18n/I18nStrings.cpp

Code generation complete.
  Languages: 34
  String keys: 508
Patched JPEGDEC: safe pMCU for MCU_SKIP in JPEGDecodeMCU_P: /home/runner/work/crosspoint-reader-cjk/crosspoint-reader-cjk/.pio/libdeps/sticky/JPEGDEC/src/jpeg.inl
CONFIGURATION: https://docs.platformio.org/page/boards/espressif32/esp32-s3-devkitc1-n16r8.html
PLATFORM: Espressif 32 (55.3.37) > Espressif ESP32-S3-DevKitC-1-N16R8V (16 MB Flash Quad, 8 MB PSRAM Octal)
HARDWARE: ESP32S3 240MHz, 320KB RAM, 16MB Flash
DEBUG: Current (esp-builtin) On-board (esp-builtin) External (cmsis-dap, esp-bridge, esp-prog, iot-bus-jtag, jlink, minimodule, olimex-arm-usb-ocd, olimex-arm-usb-ocd-h, olimex-arm-usb-tiny-h, olimex-jtag-tiny, tumpa)
PACKAGES: 
 - contrib-piohome @ 3.4.4 
 - framework-arduinoespressif32 @ 3.3.7 
 - framework-arduinoespressif32-libs @ 5.5.0+sha.87912cd291 
 - framework-espidf @ 3.50502.0 (5.5.2) 
 - tool-cmake @ 4.0.3 
 - tool-cppcheck @ 2.11.0+230717 
 - tool-esp-rom-elfs @ 2024.10.11 
 - tool-esptoolpy @ 5.1.2 
 - tool-ninja @ 1.13.1 
 - tool-scons @ 4.40801.0 (4.8.1) 
 - toolchain-xtensa-esp-elf @ 14.2.0+20251107
*** Compile Arduino IDF libs for sticky ***
*** "custom_component" is used to deselect managed idf components ***
[ComponentManager] Created backup of build file
[ComponentManager] Removed component: espressif/esp_insights
[ComponentManager] Removed component: espressif/esp_rainmaker
[ComponentManager] Removed component: espressif/esp_diagnostics
[ComponentManager] Removed component: espressif/esp_diag_data_store
[ComponentManager] Component not found: espressif/esp_schedule
[ComponentManager] Component not found: espressif/esp_rcp_update
[ComponentManager] Component not found: espressif/esp_secure_cert_mgr
[ComponentManager] Removed component: espressif/cbor
[ComponentManager] Ignored library: bt (55 entries)
[ComponentManager] Updated build file (55 total removals)
[ComponentManager] Processed 1 ignored libraries
[ComponentManager] Session completed with 12 changes
*** Add "custom_sdkconfig" settings to IDF sdkconfig.defaults ***
Info: Unified frequency mode (>= 80MHz): 80MHz for both Flash and PSRAM
Replace: CONFIG_ESPTOOLPY_FLASHMODE_QIO=y with: # CONFIG_ESPTOOLPY_FLASHMODE_QIO is not set
Replace: # CONFIG_ESPTOOLPY_FLASHMODE_QOUT is not set with: # CONFIG_ESPTOOLPY_FLASHMODE_QOUT is not set
Replace: # CONFIG_ESPTOOLPY_FLASHMODE_DIO is not set with: CONFIG_ESPTOOLPY_FLASHMODE_DIO=y
Replace: # CONFIG_ESPTOOLPY_FLASHMODE_DOUT is not set with: # CONFIG_ESPTOOLPY_FLASHMODE_DOUT is not set
Replace: # CONFIG_ESPTOOLPY_FLASHFREQ_120M is not set with: # CONFIG_ESPTOOLPY_FLASHFREQ_120M is not set
Replace: CONFIG_ESPTOOLPY_FLASHFREQ_80M=y with: CONFIG_ESPTOOLPY_FLASHFREQ_80M=y
Replace: # CONFIG_ESPTOOLPY_FLASHFREQ_40M is not set with: # CONFIG_ESPTOOLPY_FLASHFREQ_40M is not set
Replace: # CONFIG_ESPTOOLPY_FLASHFREQ_20M is not set with: # CONFIG_ESPTOOLPY_FLASHFREQ_20M is not set
Replace: CONFIG_ESPTOOLPY_FLASHFREQ="80m" with: CONFIG_ESPTOOLPY_FLASHFREQ="80m"
Replace: # CONFIG_ESPTOOLPY_FLASHSIZE_4MB is not set with: # CONFIG_ESPTOOLPY_FLASHSIZE_4MB is not set
Replace: # CONFIG_ESPTOOLPY_FLASHSIZE_8MB is not set with: # CONFIG_ESPTOOLPY_FLASHSIZE_8MB is not set
Replace: CONFIG_ESPTOOLPY_FLASHSIZE_16MB=y with: CONFIG_ESPTOOLPY_FLASHSIZE_16MB=y
Replace: # CONFIG_ESPTOOLPY_FLASHSIZE_32MB is not set with: # CONFIG_ESPTOOLPY_FLASHSIZE_32MB is not set
Replace: # CONFIG_ESPTOOLPY_FLASHSIZE_64MB is not set with: # CONFIG_ESPTOOLPY_FLASHSIZE_64MB is not set
Replace: # CONFIG_ESPTOOLPY_FLASHSIZE_128MB is not set with: # CONFIG_ESPTOOLPY_FLASHSIZE_128MB is not set
Replace: CONFIG_ESPTOOLPY_FLASHSIZE="16MB" with: CONFIG_ESPTOOLPY_FLASHSIZE="16MB"
Replace: # CONFIG_ARDUINO_SELECTIVE_COMPILATION is not set with: CONFIG_ARDUINO_SELECTIVE_COMPILATION=y
Replace: CONFIG_SPIRAM=y with: CONFIG_SPIRAM=y
Replace: CONFIG_SPIRAM_MODE_QUAD=y with: # CONFIG_SPIRAM_MODE_QUAD is not set
Replace: # CONFIG_SPIRAM_MODE_OCT is not set with: CONFIG_SPIRAM_MODE_OCT=y
Replace: CONFIG_SPIRAM_TYPE_AUTO=y with: CONFIG_SPIRAM_TYPE_AUTO=y
Replace: # CONFIG_SPIRAM_SPEED_120M is not set with: # CONFIG_SPIRAM_SPEED_120M is not set
Replace: CONFIG_SPIRAM_SPEED_80M=y with: CONFIG_SPIRAM_SPEED_80M=y
Replace: # CONFIG_SPIRAM_SPEED_40M is not set with: # CONFIG_SPIRAM_SPEED_40M is not set
Replace: CONFIG_SPIRAM_SPEED=80 with: CONFIG_SPIRAM_SPEED=80
Replace: # CONFIG_ESP_DEFAULT_CPU_FREQ_MHZ_80 is not set with: # CONFIG_ESP_DEFAULT_CPU_FREQ_MHZ_80 is not set
Replace: # CONFIG_ESP_DEFAULT_CPU_FREQ_MHZ_160 is not set with: # CONFIG_ESP_DEFAULT_CPU_FREQ_MHZ_160 is not set
Replace: CONFIG_ESP_DEFAULT_CPU_FREQ_MHZ_240=y with: CONFIG_ESP_DEFAULT_CPU_FREQ_MHZ_240=y
Replace: CONFIG_ESP_DEFAULT_CPU_FREQ_MHZ=240 with: CONFIG_ESP_DEFAULT_CPU_FREQ_MHZ=240
Replace: CONFIG_ESP_TIMER_TASK_STACK_SIZE=8192 with: CONFIG_ESP_TIMER_TASK_STACK_SIZE=4096
Replace: # CONFIG_ESP_WIFI_IRAM_OPT is not set with: CONFIG_ESP_WIFI_IRAM_OPT=n
Replace: # CONFIG_ESP_WIFI_RX_IRAM_OPT is not set with: CONFIG_ESP_WIFI_RX_IRAM_OPT=n
Replace: CONFIG_FREERTOS_TIMER_TASK_STACK_DEPTH=3120 with: CONFIG_FREERTOS_TIMER_TASK_STACK_DEPTH=2560
Replace: # CONFIG_IDF_EXPERIMENTAL_FEATURES is not set with: CONFIG_IDF_EXPERIMENTAL_FEATURES=y
Replace: # CONFIG_ESP32S3_DEFAULT_CPU_FREQ_80 is not set with: # CONFIG_ESP32S3_DEFAULT_CPU_FREQ_80 is not set
Replace: # CONFIG_ESP32S3_DEFAULT_CPU_FREQ_160 is not set with: # CONFIG_ESP32S3_DEFAULT_CPU_FREQ_160 is not set
Replace: CONFIG_ESP32S3_DEFAULT_CPU_FREQ_240=y with: CONFIG_ESP32S3_DEFAULT_CPU_FREQ_240=y
Add: # CONFIG_ESPTOOLPY_FLASHFREQ_26M is not set
Add: # CONFIG_SPIRAM_SPEED_20M is not set
Add: # CONFIG_SPIRAM_SPEED_200M is not set
Add: CONFIG_ARDUINO_SELECTIVE_RainMaker=n
Add: CONFIG_ARDUINO_SELECTIVE_Insights=n
Add: CONFIG_ARDUINO_SELECTIVE_ESP_SR=n
Creating a new virtual environment for IDF Python dependencies using uv
Installing ESP-IDF's Python dependencies with uv
Warning: the 'src_filter' option cannot be used with ESP-IDF. Select source files to build in the project CMakeLists.txt file.

Reading CMake configuration...
[ESP-IDF] Ignoring components based on lib_ignore: bt
Generating assembly for certificate bundle...
LDF: Library Dependency Finder -> https://bit.ly/configure-pio-ldf
LDF Modes: Finder ~ chain, Compatibility ~ soft
Found 85 compatible libraries
Scanning dependencies...
Dependency Graph
|-- BatteryMonitor @ 2.0.0
|-- InputManager @ 2.0.0
|-- EInkDisplay @ 2.0.0
|-- SDCardManager @ 2.0.0
|-- BoardConfig @ 2.0.0
|-- PowerManager @ 1.0.0
|-- Rtc @ 1.0.0
|-- Imu @ 1.0.0
|-- SecureNet @ 1.0.0
|-- FreeInkUI @ 0.1.0
|-- Icons @ 1.0.0
|-- ArduinoJson @ 7.4.2
|-- QRCode @ 0.0.1
|-- PNGdec @ 1.1.6
|-- JPEGDEC @ 1.2.7+sha.8628297
|-- WebSockets @ 2.7.3
|-- Arduino-wolfSSL @ 5.7.2
Building in release mode
Compiling .pio/build/sticky/.dummy/sketch.cpp.o
Compiling .pio/build/sticky/.dummy/arduino-lib-builder-gcc.c.o
Compiling .pio/build/sticky/.dummy/arduino-lib-builder-cpp.cpp.o
Compiling .pio/build/sticky/.dummy/arduino-lib-builder-as.S.o
Compiling .pio/build/sticky/liba33/Wire/Wire.cpp.o
Compiling .pio/build/sticky/libe18/BatteryMonitor/BatteryMonitor.cpp.o
Compiling .pio/build/sticky/lib1c5/InputManager/InputManager.cpp.o
Compiling .pio/build/sticky/lib30b/SPI/SPI.cpp.o
Compiling .pio/build/sticky/libf27/FreeInkDisplay/FreeInkDisplay.cpp.o
Compiling .pio/build/sticky/libf27/FreeInkDisplay/bus/EpdBus.cpp.o
Compiling .pio/build/sticky/libf27/FreeInkDisplay/driver/Ed2208M5Driver.cpp.o
Compiling .pio/build/sticky/libf27/FreeInkDisplay/driver/It8951Driver.cpp.o
Compiling .pio/build/sticky/libf27/FreeInkDisplay/driver/LgfxEpdDriver.cpp.o
Compiling .pio/build/sticky/libf27/FreeInkDisplay/driver/M5OfficialDriver.cpp.o
Compiling .pio/build/sticky/libf27/FreeInkDisplay/driver/Ssd1677Driver.cpp.o
Compiling .pio/build/sticky/libf27/FreeInkDisplay/driver/Uc8253MurphyDriver.cpp.o
Compiling .pio/build/sticky/libf27/FreeInkDisplay/driver/Uc8253X3Driver.cpp.o
Compiling .pio/build/sticky/libf27/FreeInkDisplay/driver/Uc8279Driver.cpp.o
Compiling .pio/build/sticky/libb44/SdFat/ExFatLib/ExFatDbg.cpp.o
Compiling .pio/build/sticky/libb44/SdFat/ExFatLib/ExFatFile.cpp.o
Compiling .pio/build/sticky/libb44/SdFat/ExFatLib/ExFatFilePrint.cpp.o
Compiling .pio/build/sticky/libb44/SdFat/ExFatLib/ExFatFileWrite.cpp.o
Compiling .pio/build/sticky/libb44/SdFat/ExFatLib/ExFatFormatter.cpp.o
Compiling .pio/build/sticky/libb44/SdFat/ExFatLib/ExFatName.cpp.o
Compiling .pio/build/sticky/libb44/SdFat/ExFatLib/ExFatPartition.cpp.o
Compiling .pio/build/sticky/libb44/SdFat/ExFatLib/ExFatVolume.cpp.o
Compiling .pio/build/sticky/libb44/SdFat/FatLib/FatDbg.cpp.o
Compiling .pio/build/sticky/libb44/SdFat/FatLib/FatFile.cpp.o
Compiling .pio/build/sticky/libb44/SdFat/FatLib/FatFileLFN.cpp.o
Compiling .pio/build/sticky/libb44/SdFat/FatLib/FatFilePrint.cpp.o
Compiling .pio/build/sticky/libb44/SdFat/FatLib/FatFileSFN.cpp.o
Compiling .pio/build/sticky/libb44/SdFat/FatLib/FatFormatter.cpp.o
Compiling .pio/build/sticky/libb44/SdFat/FatLib/FatName.cpp.o
Compiling .pio/build/sticky/libb44/SdFat/FatLib/FatPartition.cpp.o
Compiling .pio/build/sticky/libb44/SdFat/FatLib/FatVolume.cpp.o
Compiling .pio/build/sticky/libb44/SdFat/FreeStack.cpp.o
Compiling .pio/build/sticky/libb44/SdFat/FsLib/FsFile.cpp.o
Compiling .pio/build/sticky/libb44/SdFat/FsLib/FsNew.cpp.o
Compiling .pio/build/sticky/libb44/SdFat/FsLib/FsVolume.cpp.o
Compiling .pio/build/sticky/libb44/SdFat/MinimumSerial.cpp.o
Compiling .pio/build/sticky/libb44/SdFat/SdCard/PioSdio/PioSdioCard.cpp.o
Compiling .pio/build/sticky/libb44/SdFat/SdCard/SdCardInfo.cpp.o
Compiling .pio/build/sticky/libb44/SdFat/SdCard/SdSpiCard/SdSpiCard.cpp.o
Compiling .pio/build/sticky/libb44/SdFat/SdCard/SdSpiCard/SpiDriver/SdSpiChipSelect.cpp.o
Compiling .pio/build/sticky/libb44/SdFat/SdCard/SdSpiCard/SpiDriver/SdSpiDue.cpp.o
Compiling .pio/build/sticky/libb44/SdFat/SdCard/SdSpiCard/SpiDriver/SdSpiSTM32Core.cpp.o
Compiling .pio/build/sticky/libb44/SdFat/SdCard/SdSpiCard/SpiDriver/SdSpiTeensy3.cpp.o
Compiling .pio/build/sticky/libb44/SdFat/SdCard/TeensySdio/TeensySdio.cpp.o
Compiling .pio/build/sticky/libb44/SdFat/common/FmtNumber.cpp.o
Compiling .pio/build/sticky/libb44/SdFat/common/FsCache.cpp.o
Compiling .pio/build/sticky/libb44/SdFat/common/FsDateTime.cpp.o
Compiling .pio/build/sticky/libb44/SdFat/common/FsName.cpp.o
Compiling .pio/build/sticky/libb44/SdFat/common/FsStructs.cpp.o
Compiling .pio/build/sticky/libb44/SdFat/common/FsUtf.cpp.o
Compiling .pio/build/sticky/libb44/SdFat/common/PrintBasic.cpp.o
Compiling .pio/build/sticky/libb44/SdFat/common/upcase.cpp.o
Compiling .pio/build/sticky/libb44/SdFat/iostream/StdioStream.cpp.o
Compiling .pio/build/sticky/libb44/SdFat/iostream/StreamBaseClass.cpp.o
Compiling .pio/build/sticky/libb44/SdFat/iostream/istream.cpp.o
Compiling .pio/build/sticky/libb44/SdFat/iostream/ostream.cpp.o
Compiling .pio/build/sticky/lib0a7/SDCardManager/SDCardManager.cpp.o
Compiling .pio/build/sticky/lib0a7/SDCardManager/SdmmcBlockDevice.cpp.o
Compiling .pio/build/sticky/libdf5/PowerManager/PowerManager.cpp.o
Compiling .pio/build/sticky/lib3eb/Rtc/Rtc.cpp.o
Compiling .pio/build/sticky/lib3ce/Imu/Imu.cpp.o
Compiling .pio/build/sticky/libbfb/PNGdec/PNGdec.cpp.o
Compiling .pio/build/sticky/libbfb/PNGdec/adler32.c.o
Compiling .pio/build/sticky/libbfb/PNGdec/crc32.c.o
Compiling .pio/build/sticky/libbfb/PNGdec/infback.c.o
Compiling .pio/build/sticky/libbfb/PNGdec/inffast.c.o
Compiling .pio/build/sticky/libbfb/PNGdec/inflate.c.o
Compiling .pio/build/sticky/libbfb/PNGdec/inftrees.c.o
Compiling .pio/build/sticky/libbfb/PNGdec/s3_simd_rgb565.S.o
Compiling .pio/build/sticky/libbfb/PNGdec/zutil.c.o
Compiling .pio/build/sticky/lib88b/Arduino-wolfSSL/src/bio.c.o
Compiling .pio/build/sticky/lib88b/Arduino-wolfSSL/src/conf.c.o
Compiling .pio/build/sticky/lib88b/Arduino-wolfSSL/src/crl.c.o
Compiling .pio/build/sticky/lib88b/Arduino-wolfSSL/src/dtls.c.o
Compiling .pio/build/sticky/lib88b/Arduino-wolfSSL/src/dtls13.c.o
Compiling .pio/build/sticky/lib88b/Arduino-wolfSSL/src/internal.c.o
Compiling .pio/build/sticky/lib88b/Arduino-wolfSSL/src/keys.c.o
Compiling .pio/build/sticky/lib88b/Arduino-wolfSSL/src/ocsp.c.o
Compiling .pio/build/sticky/lib88b/Arduino-wolfSSL/src/pk.c.o
Compiling .pio/build/sticky/lib88b/Arduino-wolfSSL/src/quic.c.o
Compiling .pio/build/sticky/lib88b/Arduino-wolfSSL/src/sniffer.c.o
Compiling .pio/build/sticky/lib88b/Arduino-wolfSSL/src/ssl.c.o
Compiling .pio/build/sticky/lib88b/Arduino-wolfSSL/src/ssl_asn1.c.o
Compiling .pio/build/sticky/lib88b/Arduino-wolfSSL/src/ssl_bn.c.o
Compiling .pio/build/sticky/lib88b/Arduino-wolfSSL/src/ssl_certman.c.o
Compiling .pio/build/sticky/lib88b/Arduino-wolfSSL/src/ssl_crypto.c.o
Compiling .pio/build/sticky/lib88b/Arduino-wolfSSL/src/ssl_load.c.o
Compiling .pio/build/sticky/lib88b/Arduino-wolfSSL/src/ssl_misc.c.o
Compiling .pio/build/sticky/lib88b/Arduino-wolfSSL/src/ssl_p7p12.c.o
Compiling .pio/build/sticky/lib88b/Arduino-wolfSSL/src/ssl_sess.c.o
Compiling .pio/build/sticky/lib88b/Arduino-wolfSSL/src/tls.c.o
Compiling .pio/build/sticky/lib88b/Arduino-wolfSSL/src/tls13.c.o
Compiling .pio/build/sticky/lib88b/Arduino-wolfSSL/src/wolfio.c.o
Compiling .pio/build/sticky/lib88b/Arduino-wolfSSL/src/x509.c.o
Compiling .pio/build/sticky/lib88b/Arduino-wolfSSL/src/x509_str.c.o
Compiling .pio/build/sticky/lib88b/Arduino-wolfSSL/wolfcrypt/src/aes.c.o
Compiling .pio/build/sticky/lib88b/Arduino-wolfSSL/wolfcrypt/src/arc4.c.o
Compiling .pio/build/sticky/lib88b/Arduino-wolfSSL/wolfcrypt/src/asm.c.o
Compiling .pio/build/sticky/lib88b/Arduino-wolfSSL/wolfcrypt/src/asn.c.o
Compiling .pio/build/sticky/lib88b/Arduino-wolfSSL/wolfcrypt/src/async.c.o
Compiling .pio/build/sticky/lib88b/Arduino-wolfSSL/wolfcrypt/src/bio.c.o
Compiling .pio/build/sticky/lib88b/Arduino-wolfSSL/wolfcrypt/src/blake2b.c.o
Compiling .pio/build/sticky/lib88b/Arduino-wolfSSL/wolfcrypt/src/blake2s.c.o
Compiling .pio/build/sticky/lib88b/Arduino-wolfSSL/wolfcrypt/src/camellia.c.o
Compiling .pio/build/sticky/lib88b/Arduino-wolfSSL/wolfcrypt/src/chacha.c.o
Compiling .pio/build/sticky/lib88b/Arduino-wolfSSL/wolfcrypt/src/chacha20_poly1305.c.o
Compiling .pio/build/sticky/lib88b/Arduino-wolfSSL/wolfcrypt/src/cmac.c.o
Compiling .pio/build/sticky/lib88b/Arduino-wolfSSL/wolfcrypt/src/coding.c.o
Compiling .pio/build/sticky/lib88b/Arduino-wolfSSL/wolfcrypt/src/compress.c.o
Compiling .pio/build/sticky/lib88b/Arduino-wolfSSL/wolfcrypt/src/cpuid.c.o
Compiling .pio/build/sticky/lib88b/Arduino-wolfSSL/wolfcrypt/src/cryptocb.c.o
Compiling .pio/build/sticky/lib88b/Arduino-wolfSSL/wolfcrypt/src/curve25519.c.o
Compiling .pio/build/sticky/lib88b/Arduino-wolfSSL/wolfcrypt/src/curve448.c.o
Compiling .pio/build/sticky/lib88b/Arduino-wolfSSL/wolfcrypt/src/des3.c.o
Compiling .pio/build/sticky/lib88b/Arduino-wolfSSL/wolfcrypt/src/dh.c.o
Compiling .pio/build/sticky/lib88b/Arduino-wolfSSL/wolfcrypt/src/dilithium.c.o
Compiling .pio/build/sticky/lib88b/Arduino-wolfSSL/wolfcrypt/src/dsa.c.o
Compiling .pio/build/sticky/lib88b/Arduino-wolfSSL/wolfcrypt/src/ecc.c.o
Compiling .pio/build/sticky/lib88b/Arduino-wolfSSL/wolfcrypt/src/ecc_fp.c.o
Compiling .pio/build/sticky/lib88b/Arduino-wolfSSL/wolfcrypt/src/eccsi.c.o
Compiling .pio/build/sticky/lib88b/Arduino-wolfSSL/wolfcrypt/src/ed25519.c.o
Compiling .pio/build/sticky/lib88b/Arduino-wolfSSL/wolfcrypt/src/ed448.c.o
Compiling .pio/build/sticky/lib88b/Arduino-wolfSSL/wolfcrypt/src/error.c.o
Compiling .pio/build/sticky/lib88b/Arduino-wolfSSL/wolfcrypt/src/evp.c.o
Compiling .pio/build/sticky/lib88b/Arduino-wolfSSL/wolfcrypt/src/ext_kyber.c.o
Compiling .pio/build/sticky/lib88b/Arduino-wolfSSL/wolfcrypt/src/ext_lms.c.o
Compiling .pio/build/sticky/lib88b/Arduino-wolfSSL/wolfcrypt/src/ext_xmss.c.o
Compiling .pio/build/sticky/lib88b/Arduino-wolfSSL/wolfcrypt/src/falcon.c.o
Compiling .pio/build/sticky/lib88b/Arduino-wolfSSL/wolfcrypt/src/fe_448.c.o
Compiling .pio/build/sticky/lib88b/Arduino-wolfSSL/wolfcrypt/src/fe_low_mem.c.o
Compiling .pio/build/sticky/lib88b/Arduino-wolfSSL/wolfcrypt/src/fe_operations.c.o
Compiling .pio/build/sticky/lib88b/Arduino-wolfSSL/wolfcrypt/src/fips.c.o
Compiling .pio/build/sticky/lib88b/Arduino-wolfSSL/wolfcrypt/src/fips_test.c.o
Compiling .pio/build/sticky/lib88b/Arduino-wolfSSL/wolfcrypt/src/ge_448.c.o
Compiling .pio/build/sticky/lib88b/Arduino-wolfSSL/wolfcrypt/src/ge_low_mem.c.o
Compiling .pio/build/sticky/lib88b/Arduino-wolfSSL/wolfcrypt/src/ge_operations.c.o
Compiling .pio/build/sticky/lib88b/Arduino-wolfSSL/wolfcrypt/src/hash.c.o
Compiling .pio/build/sticky/lib88b/Arduino-wolfSSL/wolfcrypt/src/hmac.c.o
Compiling .pio/build/sticky/lib88b/Arduino-wolfSSL/wolfcrypt/src/hpke.c.o
Compiling .pio/build/sticky/lib88b/Arduino-wolfSSL/wolfcrypt/src/integer.c.o
Compiling .pio/build/sticky/lib88b/Arduino-wolfSSL/wolfcrypt/src/kdf.c.o
Compiling .pio/build/sticky/lib88b/Arduino-wolfSSL/wolfcrypt/src/logging.c.o
Compiling .pio/build/sticky/lib88b/Arduino-wolfSSL/wolfcrypt/src/md2.c.o
Compiling .pio/build/sticky/lib88b/Arduino-wolfSSL/wolfcrypt/src/md4.c.o
Compiling .pio/build/sticky/lib88b/Arduino-wolfSSL/wolfcrypt/src/md5.c.o
Compiling .pio/build/sticky/lib88b/Arduino-wolfSSL/wolfcrypt/src/memory.c.o
Compiling .pio/build/sticky/lib88b/Arduino-wolfSSL/wolfcrypt/src/misc.c.o
Compiling .pio/build/sticky/lib88b/Arduino-wolfSSL/wolfcrypt/src/pkcs12.c.o
Compiling .pio/build/sticky/lib88b/Arduino-wolfSSL/wolfcrypt/src/pkcs7.c.o
Compiling .pio/build/sticky/lib88b/Arduino-wolfSSL/wolfcrypt/src/poly1305.c.o
Compiling .pio/build/sticky/lib88b/Arduino-wolfSSL/wolfcrypt/src/port/Espressif/esp32_aes.c.o
Compiling .pio/build/sticky/lib88b/Arduino-wolfSSL/wolfcrypt/src/port/Espressif/esp32_mp.c.o
Compiling .pio/build/sticky/lib88b/Arduino-wolfSSL/wolfcrypt/src/port/Espressif/esp32_sha.c.o
Compiling .pio/build/sticky/lib88b/Arduino-wolfSSL/wolfcrypt/src/port/Espressif/esp32_util.c.o
Compiling .pio/build/sticky/lib88b/Arduino-wolfSSL/wolfcrypt/src/port/Espressif/esp_sdk_mem_lib.c.o
Compiling .pio/build/sticky/lib88b/Arduino-wolfSSL/wolfcrypt/src/port/Espressif/esp_sdk_time_lib.c.o
Compiling .pio/build/sticky/lib88b/Arduino-wolfSSL/wolfcrypt/src/port/Espressif/esp_sdk_wifi_lib.c.o
Compiling .pio/build/sticky/lib88b/Arduino-wolfSSL/wolfcrypt/src/port/atmel/atmel.c.o
Compiling .pio/build/sticky/lib88b/Arduino-wolfSSL/wolfcrypt/src/pwdbased.c.o
Compiling .pio/build/sticky/lib88b/Arduino-wolfSSL/wolfcrypt/src/random.c.o
Compiling .pio/build/sticky/lib88b/Arduino-wolfSSL/wolfcrypt/src/rc2.c.o
Compiling .pio/build/sticky/lib88b/Arduino-wolfSSL/wolfcrypt/src/ripemd.c.o
Compiling .pio/build/sticky/lib88b/Arduino-wolfSSL/wolfcrypt/src/rsa.c.o
Compiling .pio/build/sticky/lib88b/Arduino-wolfSSL/wolfcrypt/src/sakke.c.o
Compiling .pio/build/sticky/lib88b/Arduino-wolfSSL/wolfcrypt/src/selftest.c.o
Compiling .pio/build/sticky/lib88b/Arduino-wolfSSL/wolfcrypt/src/sha.c.o
Compiling .pio/build/sticky/lib88b/Arduino-wolfSSL/wolfcrypt/src/sha256.c.o
Compiling .pio/build/sticky/lib88b/Arduino-wolfSSL/wolfcrypt/src/sha3.c.o
Compiling .pio/build/sticky/lib88b/Arduino-wolfSSL/wolfcrypt/src/sha512.c.o
Compiling .pio/build/sticky/lib88b/Arduino-wolfSSL/wolfcrypt/src/signature.c.o
Compiling .pio/build/sticky/lib88b/Arduino-wolfSSL/wolfcrypt/src/siphash.c.o
Compiling .pio/build/sticky/lib88b/Arduino-wolfSSL/wolfcrypt/src/sm2.c.o
Compiling .pio/build/sticky/lib88b/Arduino-wolfSSL/wolfcrypt/src/sm3.c.o
Compiling .pio/build/sticky/lib88b/Arduino-wolfSSL/wolfcrypt/src/sm4.c.o
Compiling .pio/build/sticky/lib88b/Arduino-wolfSSL/wolfcrypt/src/sp_arm32.c.o
Compiling .pio/build/sticky/lib88b/Arduino-wolfSSL/wolfcrypt/src/sp_arm64.c.o
Compiling .pio/build/sticky/lib88b/Arduino-wolfSSL/wolfcrypt/src/sp_armthumb.c.o
Compiling .pio/build/sticky/lib88b/Arduino-wolfSSL/wolfcrypt/src/sp_c32.c.o
Compiling .pio/build/sticky/lib88b/Arduino-wolfSSL/wolfcrypt/src/sp_c64.c.o
Compiling .pio/build/sticky/lib88b/Arduino-wolfSSL/wolfcrypt/src/sp_cortexm.c.o
Compiling .pio/build/sticky/lib88b/Arduino-wolfSSL/wolfcrypt/src/sp_dsp32.c.o
Compiling .pio/build/sticky/lib88b/Arduino-wolfSSL/wolfcrypt/src/sp_int.c.o
Compiling .pio/build/sticky/lib88b/Arduino-wolfSSL/wolfcrypt/src/sp_sm2_arm32.c.o
Compiling .pio/build/sticky/lib88b/Arduino-wolfSSL/wolfcrypt/src/sp_sm2_arm64.c.o
Compiling .pio/build/sticky/lib88b/Arduino-wolfSSL/wolfcrypt/src/sp_sm2_armthumb.c.o
Compiling .pio/build/sticky/lib88b/Arduino-wolfSSL/wolfcrypt/src/sp_sm2_c32.c.o
Compiling .pio/build/sticky/lib88b/Arduino-wolfSSL/wolfcrypt/src/sp_sm2_c64.c.o
Compiling .pio/build/sticky/lib88b/Arduino-wolfSSL/wolfcrypt/src/sp_sm2_cortexm.c.o
Compiling .pio/build/sticky/lib88b/Arduino-wolfSSL/wolfcrypt/src/sp_sm2_x86_64.c.o
Compiling .pio/build/sticky/lib88b/Arduino-wolfSSL/wolfcrypt/src/sp_x86_64.c.o
Compiling .pio/build/sticky/lib88b/Arduino-wolfSSL/wolfcrypt/src/sphincs.c.o
Compiling .pio/build/sticky/lib88b/Arduino-wolfSSL/wolfcrypt/src/srp.c.o
Compiling .pio/build/sticky/lib88b/Arduino-wolfSSL/wolfcrypt/src/tfm.c.o
Compiling .pio/build/sticky/lib88b/Arduino-wolfSSL/wolfcrypt/src/wc_dsp.c.o
Compiling .pio/build/sticky/lib88b/Arduino-wolfSSL/wolfcrypt/src/wc_encrypt.c.o
Compiling .pio/build/sticky/lib88b/Arduino-wolfSSL/wolfcrypt/src/wc_kyber.c.o
Compiling .pio/build/sticky/lib88b/Arduino-wolfSSL/wolfcrypt/src/wc_kyber_poly.c.o
Compiling .pio/build/sticky/lib88b/Arduino-wolfSSL/wolfcrypt/src/wc_lms.c.o
Compiling .pio/build/sticky/lib88b/Arduino-wolfSSL/wolfcrypt/src/wc_lms_impl.c.o
Compiling .pio/build/sticky/lib88b/Arduino-wolfSSL/wolfcrypt/src/wc_pkcs11.c.o
Compiling .pio/build/sticky/lib88b/Arduino-wolfSSL/wolfcrypt/src/wc_port.c.o
Compiling .pio/build/sticky/lib88b/Arduino-wolfSSL/wolfcrypt/src/wc_xmss.c.o
Compiling .pio/build/sticky/lib88b/Arduino-wolfSSL/wolfcrypt/src/wc_xmss_impl.c.o
Compiling .pio/build/sticky/lib88b/Arduino-wolfSSL/wolfcrypt/src/wolfcrypt_first.c.o
Compiling .pio/build/sticky/lib88b/Arduino-wolfSSL/wolfcrypt/src/wolfcrypt_last.c.o
Compiling .pio/build/sticky/lib88b/Arduino-wolfSSL/wolfcrypt/src/wolfevent.c.o
Compiling .pio/build/sticky/lib88b/Arduino-wolfSSL/wolfcrypt/src/wolfmath.c.o
Compiling .pio/build/sticky/lib88b/Arduino-wolfSSL/wolfssl/bio.c.o
Compiling .pio/build/sticky/lib88b/Arduino-wolfSSL/wolfssl/evp.c.o
Compiling .pio/build/sticky/lib487/Network/NetworkClient.cpp.o
Compiling .pio/build/sticky/lib487/Network/NetworkEvents.cpp.o
Compiling .pio/build/sticky/lib487/Network/NetworkInterface.cpp.o
Compiling .pio/build/sticky/lib487/Network/NetworkManager.cpp.o
Compiling .pio/build/sticky/lib487/Network/NetworkServer.cpp.o
Compiling .pio/build/sticky/lib487/Network/NetworkUdp.cpp.o
Compiling .pio/build/sticky/lib989/WiFi/AP.cpp.o
Compiling .pio/build/sticky/lib989/WiFi/STA.cpp.o
Compiling .pio/build/sticky/lib989/WiFi/WiFi.cpp.o
Compiling .pio/build/sticky/lib989/WiFi/WiFiAP.cpp.o
Compiling .pio/build/sticky/lib989/WiFi/WiFiGeneric.cpp.o
Compiling .pio/build/sticky/lib989/WiFi/WiFiMulti.cpp.o
Compiling .pio/build/sticky/lib989/WiFi/WiFiSTA.cpp.o
Compiling .pio/build/sticky/lib989/WiFi/WiFiScan.cpp.o
Compiling .pio/build/sticky/lib641/SecureNet/SecureClient.cpp.o
Compiling .pio/build/sticky/lib03a/FreeInkUI/FreeInkUI.cpp.o
Compiling .pio/build/sticky/libbb9/QRCode/qrcode.c.o
Compiling .pio/build/sticky/lib7aa/FS/FS.cpp.o
Compiling .pio/build/sticky/lib7aa/FS/vfs_api.cpp.o
Compiling .pio/build/sticky/lib06e/JPEGDEC/JPEGDEC.cpp.o
Compiling .pio/build/sticky/lib06e/JPEGDEC/s3_simd_420.S.o
Compiling .pio/build/sticky/lib06e/JPEGDEC/s3_simd_444.S.o
Compiling .pio/build/sticky/lib06e/JPEGDEC/s3_simd_dequant.S.o
Compiling .pio/build/sticky/lib720/Ethernet/ETH.cpp.o
Compiling .pio/build/sticky/libf0e/NetworkClientSecure/NetworkClientSecure.cpp.o
Compiling .pio/build/sticky/libf0e/NetworkClientSecure/ssl_client.cpp.o
Compiling .pio/build/sticky/lib8b6/WebSockets/SocketIOclient.cpp.o
Compiling .pio/build/sticky/lib8b6/WebSockets/WebSockets.cpp.o
Compiling .pio/build/sticky/lib8b6/WebSockets/WebSocketsClient.cpp.o
Compiling .pio/build/sticky/lib8b6/WebSockets/WebSocketsServer.cpp.o
Compiling .pio/build/sticky/lib8b6/WebSockets/libb64/cdecode.c.o
Compiling .pio/build/sticky/lib8b6/WebSockets/libb64/cencode.c.o
Compiling .pio/build/sticky/lib8b6/WebSockets/libsha1/libsha1.c.o
Generating LD script .pio/build/sticky/esp-idf/esp_system/ld/memory.ld.in
Generating LD script .pio/build/sticky/memory.ld
Generating LD script .pio/build/sticky/esp-idf/esp_system/ld/sections.ld.in
Compiling .pio/build/sticky/app_trace/app_trace.c.o
Compiling .pio/build/sticky/app_trace/app_trace_util.c.o
Compiling .pio/build/sticky/app_trace/host_file_io.c.o
Compiling .pio/build/sticky/app_trace/port/port_uart.c.o
Compiling .pio/build/sticky/app_update/esp_ota_ops.c.o
Archiving .pio/build/sticky/esp-idf/app_trace/libapp_trace.a
Indexing .pio/build/sticky/esp-idf/app_trace/libapp_trace.a
Compiling .pio/build/sticky/app_update/esp_ota_app_desc.c.o
Compiling .pio/build/sticky/bootloader_support/src/bootloader_common.c.o
Compiling .pio/build/sticky/bootloader_support/src/bootloader_common_loader.c.o
Compiling .pio/build/sticky/bootloader_support/src/bootloader_clock_init.c.o
Compiling .pio/build/sticky/bootloader_support/src/bootloader_mem.c.o
Archiving .pio/build/sticky/esp-idf/app_update/libapp_update.a
Indexing .pio/build/sticky/esp-idf/app_update/libapp_update.a
Compiling .pio/build/sticky/bootloader_support/src/bootloader_random.c.o
Compiling .pio/build/sticky/bootloader_support/src/bootloader_efuse.c.o
Compiling .pio/build/sticky/bootloader_support/src/flash_encrypt.c.o
Compiling .pio/build/sticky/bootloader_support/src/secure_boot.c.o
Compiling .pio/build/sticky/bootloader_support/src/bootloader_random_esp32s3.c.o
Compiling .pio/build/sticky/bootloader_support/bootloader_flash/src/bootloader_flash.c.o
Compiling .pio/build/sticky/bootloader_support/bootloader_flash/src/flash_qio_mode.c.o
Compiling .pio/build/sticky/bootloader_support/bootloader_flash/src/bootloader_flash_config_esp32s3.c.o
Compiling .pio/build/sticky/bootloader_support/src/bootloader_utility.c.o
Compiling .pio/build/sticky/bootloader_support/src/flash_partitions.c.o
Compiling .pio/build/sticky/bootloader_support/src/esp_image_format.c.o
Compiling .pio/build/sticky/bootloader_support/src/bootloader_sha.c.o
Compiling .pio/build/sticky/bootloader_support/src/esp32s3/secure_boot_secure_features.c.o
Compiling .pio/build/sticky/bt/controller/esp32c3/bt.c.o
Compiling .pio/build/sticky/bt/common/btc/core/btc_alarm.c.o
Archiving .pio/build/sticky/esp-idf/bootloader_support/libbootloader_support.a
Indexing .pio/build/sticky/esp-idf/bootloader_support/libbootloader_support.a
Compiling .pio/build/sticky/bt/common/api/esp_blufi_api.c.o
Compiling .pio/build/sticky/bt/common/hci_log/bt_hci_log.c.o
Compiling .pio/build/sticky/bt/common/btc/core/btc_manage.c.o
Compiling .pio/build/sticky/bt/common/btc/core/btc_task.c.o
Compiling .pio/build/sticky/bt/common/btc/profile/esp/blufi/blufi_prf.c.o
Compiling .pio/build/sticky/bt/common/btc/profile/esp/blufi/blufi_protocol.c.o
Compiling .pio/build/sticky/bt/common/osi/alarm.c.o
Compiling .pio/build/sticky/bt/common/osi/allocator.c.o
Compiling .pio/build/sticky/bt/common/osi/buffer.c.o
Compiling .pio/build/sticky/bt/common/osi/config.c.o
Compiling .pio/build/sticky/bt/common/osi/fixed_queue.c.o
Compiling .pio/build/sticky/bt/common/osi/pkt_queue.c.o
Compiling .pio/build/sticky/bt/common/osi/fixed_pkt_queue.c.o
Compiling .pio/build/sticky/bt/common/osi/future.c.o
Compiling .pio/build/sticky/bt/common/osi/hash_functions.c.o
Compiling .pio/build/sticky/bt/common/osi/hash_map.c.o
Compiling .pio/build/sticky/bt/common/osi/list.c.o
Compiling .pio/build/sticky/bt/common/osi/mutex.c.o
Compiling .pio/build/sticky/bt/common/osi/thread.c.o
Compiling .pio/build/sticky/bt/common/osi/osi.c.o
Compiling .pio/build/sticky/bt/common/osi/semaphore.c.o
Compiling .pio/build/sticky/bt/porting/mem/bt_osi_mem.c.o
Compiling .pio/build/sticky/bt/common/ble_log/ble_log_spi_out.c.o
Compiling .pio/build/sticky/bt/common/ble_log/ble_log_uhci_out.c.o
Compiling .pio/build/sticky/bt/esp_ble_mesh/api/core/esp_ble_mesh_ble_api.c.o
Compiling .pio/build/sticky/bt/esp_ble_mesh/api/core/esp_ble_mesh_common_api.c.o
Compiling .pio/build/sticky/bt/esp_ble_mesh/api/core/esp_ble_mesh_local_data_operation_api.c.o
Compiling .pio/build/sticky/bt/esp_ble_mesh/api/core/esp_ble_mesh_low_power_api.c.o
Compiling .pio/build/sticky/bt/esp_ble_mesh/api/core/esp_ble_mesh_networking_api.c.o
Compiling .pio/build/sticky/bt/esp_ble_mesh/api/core/esp_ble_mesh_provisioning_api.c.o
Compiling .pio/build/sticky/bt/esp_ble_mesh/api/core/esp_ble_mesh_proxy_api.c.o
Compiling .pio/build/sticky/bt/esp_ble_mesh/api/models/esp_ble_mesh_config_model_api.c.o
Compiling .pio/build/sticky/bt/esp_ble_mesh/api/models/esp_ble_mesh_generic_model_api.c.o
Compiling .pio/build/sticky/bt/esp_ble_mesh/api/models/esp_ble_mesh_health_model_api.c.o
Compiling .pio/build/sticky/bt/esp_ble_mesh/api/models/esp_ble_mesh_lighting_model_api.c.o
Compiling .pio/build/sticky/bt/esp_ble_mesh/api/models/esp_ble_mesh_sensor_model_api.c.o
Compiling .pio/build/sticky/bt/esp_ble_mesh/api/models/esp_ble_mesh_time_scene_model_api.c.o
Compiling .pio/build/sticky/bt/esp_ble_mesh/btc/btc_ble_mesh_ble.c.o
Compiling .pio/build/sticky/bt/esp_ble_mesh/btc/btc_ble_mesh_config_model.c.o
Compiling .pio/build/sticky/bt/esp_ble_mesh/btc/btc_ble_mesh_generic_model.c.o
Compiling .pio/build/sticky/bt/esp_ble_mesh/btc/btc_ble_mesh_health_model.c.o
Compiling .pio/build/sticky/bt/esp_ble_mesh/btc/btc_ble_mesh_lighting_model.c.o
Compiling .pio/build/sticky/bt/esp_ble_mesh/btc/btc_ble_mesh_prov.c.o
Compiling .pio/build/sticky/bt/esp_ble_mesh/btc/btc_ble_mesh_sensor_model.c.o
Compiling .pio/build/sticky/bt/esp_ble_mesh/btc/btc_ble_mesh_time_scene_model.c.o
Compiling .pio/build/sticky/bt/esp_ble_mesh/common/atomic.c.o
Compiling .pio/build/sticky/bt/esp_ble_mesh/common/buf.c.o
Compiling .pio/build/sticky/bt/esp_ble_mesh/common/common.c.o
Compiling .pio/build/sticky/bt/esp_ble_mesh/common/kernel.c.o
Compiling .pio/build/sticky/bt/esp_ble_mesh/common/mutex.c.o
Compiling .pio/build/sticky/bt/esp_ble_mesh/common/queue.c.o
Compiling .pio/build/sticky/bt/esp_ble_mesh/common/timer.c.o
Compiling .pio/build/sticky/bt/esp_ble_mesh/common/utils.c.o
Compiling .pio/build/sticky/bt/esp_ble_mesh/common/crypto_tc.c.o
Compiling .pio/build/sticky/bt/esp_ble_mesh/core/storage/settings_nvs.c.o
Compiling .pio/build/sticky/bt/esp_ble_mesh/core/storage/settings_uid.c.o
Compiling .pio/build/sticky/bt/esp_ble_mesh/core/storage/settings.c.o
Compiling .pio/build/sticky/bt/esp_ble_mesh/core/access.c.o
Compiling .pio/build/sticky/bt/esp_ble_mesh/core/adv_common.c.o
Compiling .pio/build/sticky/bt/esp_ble_mesh/core/beacon.c.o
Compiling .pio/build/sticky/bt/esp_ble_mesh/core/cfg_cli.c.o
Compiling .pio/build/sticky/bt/esp_ble_mesh/core/cfg_srv.c.o
Compiling .pio/build/sticky/bt/esp_ble_mesh/core/crypto.c.o
Compiling .pio/build/sticky/bt/esp_ble_mesh/core/fast_prov.c.o
Compiling .pio/build/sticky/bt/esp_ble_mesh/core/friend.c.o
Compiling .pio/build/sticky/bt/esp_ble_mesh/core/health_cli.c.o
Compiling .pio/build/sticky/bt/esp_ble_mesh/core/health_srv.c.o
Compiling .pio/build/sticky/bt/esp_ble_mesh/core/heartbeat.c.o
Compiling .pio/build/sticky/bt/esp_ble_mesh/core/local.c.o
Compiling .pio/build/sticky/bt/esp_ble_mesh/core/lpn.c.o
Compiling .pio/build/sticky/bt/esp_ble_mesh/core/main.c.o
Compiling .pio/build/sticky/bt/esp_ble_mesh/core/net.c.o
Compiling .pio/build/sticky/bt/esp_ble_mesh/core/prov_common.c.o
Compiling .pio/build/sticky/bt/esp_ble_mesh/core/prov_node.c.o
Compiling .pio/build/sticky/bt/esp_ble_mesh/core/prov_pvnr.c.o
Compiling .pio/build/sticky/bt/esp_ble_mesh/core/proxy_client.c.o
Compiling .pio/build/sticky/bt/esp_ble_mesh/core/proxy_server.c.o
Compiling .pio/build/sticky/bt/esp_ble_mesh/core/pvnr_mgmt.c.o
Compiling .pio/build/sticky/bt/esp_ble_mesh/core/rpl.c.o
Compiling .pio/build/sticky/bt/esp_ble_mesh/core/scan.c.o
Compiling .pio/build/sticky/bt/esp_ble_mesh/core/test.c.o
Compiling .pio/build/sticky/bt/esp_ble_mesh/models/common/device_property.c.o
Compiling .pio/build/sticky/bt/esp_ble_mesh/models/common/model_common.c.o
Compiling .pio/build/sticky/bt/esp_ble_mesh/models/client/client_common.c.o
Compiling .pio/build/sticky/bt/esp_ble_mesh/models/client/generic_client.c.o
Compiling .pio/build/sticky/bt/esp_ble_mesh/models/client/lighting_client.c.o
Compiling .pio/build/sticky/bt/esp_ble_mesh/models/client/sensor_client.c.o
Compiling .pio/build/sticky/bt/esp_ble_mesh/models/client/time_scene_client.c.o
Compiling .pio/build/sticky/bt/esp_ble_mesh/models/server/generic_server.c.o
Compiling .pio/build/sticky/bt/esp_ble_mesh/models/server/lighting_server.c.o
Compiling .pio/build/sticky/bt/esp_ble_mesh/models/server/sensor_server.c.o
Compiling .pio/build/sticky/bt/esp_ble_mesh/models/server/server_common.c.o
Compiling .pio/build/sticky/bt/esp_ble_mesh/models/server/state_binding.c.o
Compiling .pio/build/sticky/bt/esp_ble_mesh/models/server/state_transition.c.o
Compiling .pio/build/sticky/bt/esp_ble_mesh/models/server/time_scene_server.c.o
Compiling .pio/build/sticky/bt/esp_ble_mesh/v1.1/api/core/esp_ble_mesh_agg_model_api.c.o
Compiling .pio/build/sticky/bt/esp_ble_mesh/v1.1/api/core/esp_ble_mesh_brc_model_api.c.o
Compiling .pio/build/sticky/bt/esp_ble_mesh/v1.1/api/core/esp_ble_mesh_cm_data_api.c.o
Compiling .pio/build/sticky/bt/esp_ble_mesh/v1.1/api/core/esp_ble_mesh_df_model_api.c.o
Compiling .pio/build/sticky/bt/esp_ble_mesh/v1.1/api/core/esp_ble_mesh_lcd_model_api.c.o
Compiling .pio/build/sticky/bt/esp_ble_mesh/v1.1/api/core/esp_ble_mesh_odp_model_api.c.o
Compiling .pio/build/sticky/bt/esp_ble_mesh/v1.1/api/core/esp_ble_mesh_prb_model_api.c.o
Compiling .pio/build/sticky/bt/esp_ble_mesh/v1.1/api/core/esp_ble_mesh_rpr_model_api.c.o
Compiling .pio/build/sticky/bt/esp_ble_mesh/v1.1/api/core/esp_ble_mesh_sar_model_api.c.o
Compiling .pio/build/sticky/bt/esp_ble_mesh/v1.1/api/core/esp_ble_mesh_srpl_model_api.c.o
Compiling .pio/build/sticky/bt/esp_ble_mesh/v1.1/api/models/esp_ble_mesh_mbt_model_api.c.o
Compiling .pio/build/sticky/bt/esp_ble_mesh/v1.1/api/models/esp_ble_mesh_dfu_model_api.c.o
Compiling .pio/build/sticky/bt/esp_ble_mesh/v1.1/api/models/esp_ble_mesh_dfu_slot_api.c.o
Compiling .pio/build/sticky/bt/esp_ble_mesh/v1.1/btc/btc_ble_mesh_agg_model.c.o
Compiling .pio/build/sticky/bt/esp_ble_mesh/v1.1/btc/btc_ble_mesh_brc_model.c.o
Compiling .pio/build/sticky/bt/esp_ble_mesh/v1.1/btc/btc_ble_mesh_df_model.c.o
Compiling .pio/build/sticky/bt/esp_ble_mesh/v1.1/btc/btc_ble_mesh_dfu_model.c.o
Compiling .pio/build/sticky/bt/esp_ble_mesh/v1.1/btc/btc_ble_mesh_dfu_slot.c.o
Compiling .pio/build/sticky/bt/esp_ble_mesh/v1.1/btc/btc_ble_mesh_lcd_model.c.o
Compiling .pio/build/sticky/bt/esp_ble_mesh/v1.1/btc/btc_ble_mesh_mbt_model.c.o
Compiling .pio/build/sticky/bt/esp_ble_mesh/v1.1/btc/btc_ble_mesh_odp_model.c.o
Compiling .pio/build/sticky/bt/esp_ble_mesh/v1.1/btc/btc_ble_mesh_prb_model.c.o
Compiling .pio/build/sticky/bt/esp_ble_mesh/v1.1/btc/btc_ble_mesh_rpr_model.c.o
Compiling .pio/build/sticky/bt/esp_ble_mesh/v1.1/btc/btc_ble_mesh_sar_model.c.o
Compiling .pio/build/sticky/bt/esp_ble_mesh/v1.1/btc/btc_ble_mesh_srpl_model.c.o
Compiling .pio/build/sticky/bt/esp_ble_mesh/v1.1/mbt/blob_srv.c.o
Compiling .pio/build/sticky/bt/esp_ble_mesh/v1.1/mbt/blob_cli.c.o
Compiling .pio/build/sticky/bt/esp_ble_mesh/v1.1/dfu/dfu_cli.c.o
Compiling .pio/build/sticky/bt/esp_ble_mesh/v1.1/dfu/dfu_srv.c.o
Compiling .pio/build/sticky/bt/esp_ble_mesh/v1.1/dfu/dfu_slot.c.o
Compiling .pio/build/sticky/bt/esp_ble_mesh/v1.1/dfu/dfu_metadata.c.o
Compiling .pio/build/sticky/bt/esp_ble_mesh/v1.1/dfu/dfd_srv.c.o
Compiling .pio/build/sticky/bt/esp_ble_mesh/v1.1/dfu/dfd_cli.c.o
Compiling .pio/build/sticky/bt/esp_ble_mesh/lib/ext.c.o
Compiling .pio/build/sticky/bt/esp_ble_mesh/core/transport.c.o
Compiling .pio/build/sticky/bt/esp_ble_mesh/core/adv.c.o
Compiling .pio/build/sticky/bt/common/tinycrypt/src/utils.c.o
Compiling .pio/build/sticky/bt/common/tinycrypt/src/sha256.c.o
Compiling .pio/build/sticky/bt/common/tinycrypt/src/ecc.c.o
Compiling .pio/build/sticky/bt/common/tinycrypt/src/ctr_prng.c.o
Compiling .pio/build/sticky/bt/common/tinycrypt/src/ctr_mode.c.o
Compiling .pio/build/sticky/bt/common/tinycrypt/src/aes_decrypt.c.o
Compiling .pio/build/sticky/bt/common/tinycrypt/src/aes_encrypt.c.o
Compiling .pio/build/sticky/bt/common/tinycrypt/src/ccm_mode.c.o
Compiling .pio/build/sticky/bt/common/tinycrypt/src/ecc_dsa.c.o
Compiling .pio/build/sticky/bt/common/tinycrypt/src/cmac_mode.c.o
Compiling .pio/build/sticky/bt/common/tinycrypt/src/ecc_dh.c.o
Compiling .pio/build/sticky/bt/common/tinycrypt/src/hmac_prng.c.o
Compiling .pio/build/sticky/bt/common/tinycrypt/src/ecc_platform_specific.c.o
Compiling .pio/build/sticky/bt/common/tinycrypt/src/hmac.c.o
Compiling .pio/build/sticky/bt/common/tinycrypt/src/cbc_mode.c.o
Compiling .pio/build/sticky/bt/common/tinycrypt/port/esp_tinycrypt_port.c.o
Compiling .pio/build/sticky/bt/host/nimble/nimble/nimble/transport/src/transport.c.o
Compiling .pio/build/sticky/bt/host/nimble/nimble/nimble/host/util/src/addr.c.o
Compiling .pio/build/sticky/bt/host/nimble/nimble/nimble/host/services/gatt/src/ble_svc_gatt.c.o
Compiling .pio/build/sticky/bt/host/nimble/nimble/nimble/host/services/tps/src/ble_svc_tps.c.o
Compiling .pio/build/sticky/bt/host/nimble/nimble/nimble/host/services/ias/src/ble_svc_ias.c.o
Compiling .pio/build/sticky/bt/host/nimble/nimble/nimble/host/services/ipss/src/ble_svc_ipss.c.o
Compiling .pio/build/sticky/bt/host/nimble/nimble/nimble/host/services/ans/src/ble_svc_ans.c.o
Compiling .pio/build/sticky/bt/host/nimble/nimble/nimble/host/services/hr/src/ble_svc_hr.c.o
Compiling .pio/build/sticky/bt/host/nimble/nimble/nimble/host/services/htp/src/ble_svc_htp.c.o
Compiling .pio/build/sticky/bt/host/nimble/nimble/nimble/host/services/gap/src/ble_svc_gap.c.o
Compiling .pio/build/sticky/bt/host/nimble/nimble/nimble/host/services/bas/src/ble_svc_bas.c.o
Compiling .pio/build/sticky/bt/host/nimble/nimble/nimble/host/services/dis/src/ble_svc_dis.c.o
Compiling .pio/build/sticky/bt/host/nimble/nimble/nimble/host/services/lls/src/ble_svc_lls.c.o
Compiling .pio/build/sticky/bt/host/nimble/nimble/nimble/host/services/prox/src/ble_svc_prox.c.o
Compiling .pio/build/sticky/bt/host/nimble/nimble/nimble/host/services/cts/src/ble_svc_cts.c.o
Compiling .pio/build/sticky/bt/host/nimble/nimble/nimble/host/services/hid/src/ble_svc_hid.c.o
Compiling .pio/build/sticky/bt/host/nimble/nimble/nimble/host/services/sps/src/ble_svc_sps.c.o
Compiling .pio/build/sticky/bt/host/nimble/nimble/nimble/host/services/cte/src/ble_svc_cte.c.o
Compiling .pio/build/sticky/bt/host/nimble/nimble/nimble/host/services/ras/src/ble_svc_ras.c.o
Compiling .pio/build/sticky/bt/host/nimble/nimble/nimble/host/src/ble_cs.c.o
Compiling .pio/build/sticky/bt/host/nimble/nimble/nimble/host/src/ble_hs_conn.c.o
Compiling .pio/build/sticky/bt/host/nimble/nimble/nimble/host/src/ble_store_util.c.o
Compiling .pio/build/sticky/bt/host/nimble/nimble/nimble/host/src/ble_sm.c.o
Compiling .pio/build/sticky/bt/host/nimble/nimble/nimble/host/src/ble_hs_shutdown.c.o
Compiling .pio/build/sticky/bt/host/nimble/nimble/nimble/host/src/ble_l2cap_sig_cmd.c.o
Compiling .pio/build/sticky/bt/host/nimble/nimble/nimble/host/src/ble_hs_hci_cmd.c.o
Compiling .pio/build/sticky/bt/host/nimble/nimble/nimble/host/src/ble_hs_id.c.o
Compiling .pio/build/sticky/bt/host/nimble/nimble/nimble/host/src/ble_att_svr.c.o
Compiling .pio/build/sticky/bt/host/nimble/nimble/nimble/host/src/ble_gatts_lcl.c.o
Compiling .pio/build/sticky/bt/host/nimble/nimble/nimble/host/src/ble_ibeacon.c.o
Compiling .pio/build/sticky/bt/host/nimble/nimble/nimble/host/src/ble_hs_atomic.c.o
Compiling .pio/build/sticky/bt/host/nimble/nimble/nimble/host/src/ble_sm_alg.c.o
Compiling .pio/build/sticky/bt/host/nimble/nimble/nimble/host/src/ble_hs_stop.c.o
Compiling .pio/build/sticky/bt/host/nimble/nimble/nimble/host/src/ble_hs.c.o
Compiling .pio/build/sticky/bt/host/nimble/nimble/nimble/host/src/ble_hs_hci_evt.c.o
Compiling .pio/build/sticky/bt/host/nimble/nimble/nimble/host/src/ble_hs_mqueue.c.o
Compiling .pio/build/sticky/bt/host/nimble/nimble/nimble/host/src/ble_hs_periodic_sync.c.o
Compiling .pio/build/sticky/bt/host/nimble/nimble/nimble/host/src/ble_att.c.o
Compiling .pio/build/sticky/bt/host/nimble/nimble/nimble/host/src/ble_ead.c.o
Compiling .pio/build/sticky/bt/host/nimble/nimble/nimble/host/src/ble_aes_ccm.c.o
Compiling .pio/build/sticky/bt/host/nimble/nimble/nimble/host/src/ble_gattc.c.o
Compiling .pio/build/sticky/bt/host/nimble/nimble/nimble/host/src/ble_store.c.o
Compiling .pio/build/sticky/bt/host/nimble/nimble/nimble/host/src/ble_sm_lgcy.c.o
Compiling .pio/build/sticky/bt/host/nimble/nimble/nimble/host/src/ble_hs_cfg.c.o
Compiling .pio/build/sticky/bt/host/nimble/nimble/nimble/host/src/ble_att_clt.c.o
Compiling .pio/build/sticky/bt/host/nimble/nimble/nimble/host/src/ble_l2cap_coc.c.o
Compiling .pio/build/sticky/bt/host/nimble/nimble/nimble/host/src/ble_hs_mbuf.c.o
Compiling .pio/build/sticky/bt/host/nimble/nimble/nimble/host/src/ble_att_cmd.c.o
Compiling .pio/build/sticky/bt/host/nimble/nimble/nimble/host/src/ble_hs_log.c.o
Compiling .pio/build/sticky/bt/host/nimble/nimble/nimble/host/src/ble_eddystone.c.o
Compiling .pio/build/sticky/bt/host/nimble/nimble/nimble/host/src/ble_hs_startup.c.o
Compiling .pio/build/sticky/bt/host/nimble/nimble/nimble/host/src/ble_l2cap_sig.c.o
Compiling .pio/build/sticky/bt/host/nimble/nimble/nimble/host/src/ble_gap.c.o
Compiling .pio/build/sticky/bt/host/nimble/nimble/nimble/host/src/ble_sm_cmd.c.o
Compiling .pio/build/sticky/bt/host/nimble/nimble/nimble/host/src/ble_uuid.c.o
Compiling .pio/build/sticky/bt/host/nimble/nimble/nimble/host/src/ble_hs_pvcy.c.o
Compiling .pio/build/sticky/bt/host/nimble/nimble/nimble/host/src/ble_hs_flow.c.o
Compiling .pio/build/sticky/bt/host/nimble/nimble/nimble/host/src/ble_l2cap.c.o
Compiling .pio/build/sticky/bt/host/nimble/nimble/nimble/host/src/ble_sm_sc.c.o
Compiling .pio/build/sticky/bt/host/nimble/nimble/nimble/host/src/ble_hs_misc.c.o
Compiling .pio/build/sticky/bt/host/nimble/nimble/nimble/host/src/ble_gatts.c.o
Compiling .pio/build/sticky/bt/host/nimble/nimble/nimble/host/src/ble_hs_adv.c.o
Compiling .pio/build/sticky/bt/host/nimble/nimble/nimble/host/src/ble_hs_hci.c.o
Compiling .pio/build/sticky/bt/host/nimble/nimble/nimble/host/src/ble_hs_hci_util.c.o
Compiling .pio/build/sticky/bt/host/nimble/nimble/nimble/host/src/ble_hs_resolv.c.o
Compiling .pio/build/sticky/bt/host/nimble/nimble/nimble/host/store/ram/src/ble_store_ram.c.o
Compiling .pio/build/sticky/bt/host/nimble/nimble/nimble/host/store/config/src/ble_store_config.c.o
Compiling .pio/build/sticky/bt/host/nimble/nimble/nimble/host/store/config/src/ble_store_nvs.c.o
Compiling .pio/build/sticky/bt/host/nimble/nimble/nimble/host/src/ble_gattc_cache.c.o
Compiling .pio/build/sticky/bt/host/nimble/nimble/nimble/host/src/ble_gattc_cache_conn.c.o
Compiling .pio/build/sticky/bt/host/nimble/nimble/nimble/host/src/ble_eatt.c.o
Compiling .pio/build/sticky/bt/host/nimble/nimble/porting/nimble/src/nimble_port.c.o
Compiling .pio/build/sticky/bt/host/nimble/nimble/porting/npl/freertos/src/nimble_port_freertos.c.o
Compiling .pio/build/sticky/bt/host/nimble/port/src/nvs_port.c.o
Compiling .pio/build/sticky/bt/host/nimble/nimble/porting/nimble/src/endian.c.o
Compiling .pio/build/sticky/bt/host/nimble/nimble/porting/nimble/src/os_mempool.c.o
Compiling .pio/build/sticky/bt/host/nimble/nimble/porting/nimble/src/mem.c.o
Compiling .pio/build/sticky/bt/host/nimble/nimble/porting/nimble/src/os_mbuf.c.o
Compiling .pio/build/sticky/bt/host/nimble/nimble/porting/nimble/src/os_msys_init.c.o
Compiling .pio/build/sticky/bt/host/nimble/nimble/porting/npl/freertos/src/npl_os_freertos.c.o
Compiling .pio/build/sticky/bt/host/nimble/esp-hci/src/esp_nimble_hci.c.o
Compiling .pio/build/sticky/bt/host/nimble/nimble/nimble/transport/esp_ipc_legacy/src/hci_esp_ipc_legacy.c.o
Compiling .pio/build/sticky/bt/common/btc/profile/esp/blufi/nimble_host/esp_blufi.c.o
Compiling .pio/build/sticky/bt/esp_ble_mesh/core/nimble_host/adapter.c.o
Compiling .pio/build/sticky/managed_components/chmorgan__esp-libhelix-mp3/libhelix-mp3/mp3dec.c.o
Compiling .pio/build/sticky/managed_components/chmorgan__esp-libhelix-mp3/libhelix-mp3/mp3tabs.c.o
Compiling .pio/build/sticky/managed_components/chmorgan__esp-libhelix-mp3/libhelix-mp3/real/bitstream.c.o
Compiling .pio/build/sticky/managed_components/chmorgan__esp-libhelix-mp3/libhelix-mp3/real/buffers.c.o
Compiling .pio/build/sticky/managed_components/chmorgan__esp-libhelix-mp3/libhelix-mp3/real/dct32.c.o
Compiling .pio/build/sticky/managed_components/chmorgan__esp-libhelix-mp3/libhelix-mp3/real/dequant.c.o
Compiling .pio/build/sticky/managed_components/chmorgan__esp-libhelix-mp3/libhelix-mp3/real/dqchan.c.o
Archiving .pio/build/sticky/esp-idf/bt/libbt.a
Compiling .pio/build/sticky/managed_components/chmorgan__esp-libhelix-mp3/libhelix-mp3/real/huffman.c.o
Compiling .pio/build/sticky/managed_components/chmorgan__esp-libhelix-mp3/libhelix-mp3/real/hufftabs.c.o
Compiling .pio/build/sticky/managed_components/chmorgan__esp-libhelix-mp3/libhelix-mp3/real/imdct.c.o
Compiling .pio/build/sticky/managed_components/chmorgan__esp-libhelix-mp3/libhelix-mp3/real/polyphase.c.o
Indexing .pio/build/sticky/esp-idf/bt/libbt.a
Compiling .pio/build/sticky/managed_components/chmorgan__esp-libhelix-mp3/libhelix-mp3/real/scalfact.c.o
Compiling .pio/build/sticky/managed_components/chmorgan__esp-libhelix-mp3/libhelix-mp3/real/stproc.c.o
Compiling .pio/build/sticky/managed_components/chmorgan__esp-libhelix-mp3/libhelix-mp3/real/subband.c.o
Compiling .pio/build/sticky/managed_components/chmorgan__esp-libhelix-mp3/libhelix-mp3/real/trigtabs.c.o
Compiling .pio/build/sticky/cmock/CMock/src/cmock.c.o
Compiling .pio/build/sticky/console/commands.c.o
Compiling .pio/build/sticky/console/esp_console_common.c.o
Archiving .pio/build/sticky/esp-idf/cmock/libcmock.a
Indexing .pio/build/sticky/esp-idf/cmock/libcmock.a
Compiling .pio/build/sticky/console/esp_console_repl_internal.c.o
Archiving .pio/build/sticky/esp-idf/chmorgan__esp-libhelix-mp3/libchmorgan__esp-libhelix-mp3.a
Indexing .pio/build/sticky/esp-idf/chmorgan__esp-libhelix-mp3/libchmorgan__esp-libhelix-mp3.a
Compiling .pio/build/sticky/console/split_argv.c.o
Compiling .pio/build/sticky/console/linenoise/linenoise.c.o
Compiling .pio/build/sticky/console/esp_console_repl_chip.c.o
Compiling .pio/build/sticky/console/argtable3/arg_cmd.c.o
Compiling .pio/build/sticky/console/argtable3/arg_date.c.o
Compiling .pio/build/sticky/console/argtable3/arg_dbl.c.o
Compiling .pio/build/sticky/console/argtable3/arg_dstr.c.o
Compiling .pio/build/sticky/console/argtable3/arg_end.c.o
Compiling .pio/build/sticky/console/argtable3/arg_file.c.o
Compiling .pio/build/sticky/console/argtable3/arg_hashtable.c.o
Compiling .pio/build/sticky/console/argtable3/arg_int.c.o
Compiling .pio/build/sticky/console/argtable3/arg_lit.c.o
Compiling .pio/build/sticky/console/argtable3/arg_rem.c.o
Compiling .pio/build/sticky/console/argtable3/arg_rex.c.o
Compiling .pio/build/sticky/console/argtable3/arg_str.c.o
Compiling .pio/build/sticky/console/argtable3/arg_utils.c.o
Compiling .pio/build/sticky/console/argtable3/argtable3.c.o
Compiling .pio/build/sticky/cxx/cxx_exception_stubs.cpp.o
Compiling .pio/build/sticky/cxx/cxx_guards.cpp.o
Compiling .pio/build/sticky/cxx/cxx_init.cpp.o
Compiling .pio/build/sticky/driver/deprecated/adc_legacy.c.o
Compiling .pio/build/sticky/driver/deprecated/adc_dma_legacy.c.o
Archiving .pio/build/sticky/esp-idf/console/libconsole.a
Indexing .pio/build/sticky/esp-idf/console/libconsole.a
Compiling .pio/build/sticky/driver/deprecated/timer_legacy.c.o
Archiving .pio/build/sticky/esp-idf/cxx/libcxx.a
Indexing .pio/build/sticky/esp-idf/cxx/libcxx.a
Compiling .pio/build/sticky/driver/i2c/i2c.c.o
Compiling .pio/build/sticky/driver/deprecated/i2s_legacy.c.o
Compiling .pio/build/sticky/driver/deprecated/mcpwm_legacy.c.o
Compiling .pio/build/sticky/driver/deprecated/pcnt_legacy.c.o
Compiling .pio/build/sticky/driver/deprecated/rmt_legacy.c.o
Compiling .pio/build/sticky/driver/deprecated/sigma_delta_legacy.c.o
Compiling .pio/build/sticky/driver/deprecated/rtc_temperature_legacy.c.o
Compiling .pio/build/sticky/driver/touch_sensor/touch_sensor_common.c.o
Compiling .pio/build/sticky/driver/touch_sensor/esp32s3/touch_sensor.c.o
Compiling .pio/build/sticky/driver/twai/twai.c.o
Compiling .pio/build/sticky/efuse/esp32s3/esp_efuse_table.c.o
Compiling .pio/build/sticky/efuse/esp32s3/esp_efuse_fields.c.o
Compiling .pio/build/sticky/efuse/esp32s3/esp_efuse_rtc_calib.c.o
Compiling .pio/build/sticky/efuse/esp32s3/esp_efuse_utility.c.o
Compiling .pio/build/sticky/efuse/src/esp_efuse_api.c.o
Compiling .pio/build/sticky/efuse/src/esp_efuse_fields.c.o
Compiling .pio/build/sticky/efuse/src/esp_efuse_utility.c.o
Compiling .pio/build/sticky/efuse/src/efuse_controller/keys/with_key_purposes/esp_efuse_api_key.c.o
Compiling .pio/build/sticky/efuse/src/esp_efuse_startup.c.o
Compiling .pio/build/sticky/esp-tls/esp_tls.c.o
Archiving .pio/build/sticky/esp-idf/efuse/libefuse.a
Archiving .pio/build/sticky/esp-idf/driver/libdriver.a
Indexing .pio/build/sticky/esp-idf/efuse/libefuse.a
Compiling .pio/build/sticky/esp-tls/esp-tls-crypto/esp_tls_crypto.c.o
Indexing .pio/build/sticky/esp-idf/driver/libdriver.a
Compiling .pio/build/sticky/esp-tls/esp_tls_error_capture.c.o
Compiling .pio/build/sticky/esp-tls/esp_tls_platform_port.c.o
Compiling .pio/build/sticky/esp-tls/esp_tls_mbedtls.c.o
Compiling .pio/build/sticky/esp_adc/adc_oneshot.c.o
Compiling .pio/build/sticky/esp_adc/adc_common.c.o
Compiling .pio/build/sticky/esp_adc/adc_cali.c.o
Compiling .pio/build/sticky/esp_adc/adc_cali_curve_fitting.c.o
Compiling .pio/build/sticky/esp_adc/deprecated/esp_adc_cal_common_legacy.c.o
Compiling .pio/build/sticky/esp_adc/adc_continuous.c.o
Archiving .pio/build/sticky/esp-idf/esp-tls/libesp-tls.a
Indexing .pio/build/sticky/esp-idf/esp-tls/libesp-tls.a
Compiling .pio/build/sticky/esp_adc/adc_monitor.c.o
Compiling .pio/build/sticky/esp_adc/gdma/adc_dma.c.o
Compiling .pio/build/sticky/esp_adc/adc_filter.c.o
Compiling .pio/build/sticky/esp_adc/esp32s3/curve_fitting_coefficients.c.o
Compiling .pio/build/sticky/esp_adc/deprecated/esp32s3/esp_adc_cal_legacy.c.o
Compiling .pio/build/sticky/esp_app_format/esp_app_desc.c.o
Compiling .pio/build/sticky/esp_bootloader_format/esp_bootloader_desc.c.o
Compiling .pio/build/sticky/esp_coex/src/coexist.c.o
Archiving .pio/build/sticky/esp-idf/esp_adc/libesp_adc.a
Archiving .pio/build/sticky/esp-idf/esp_app_format/libesp_app_format.a
Indexing .pio/build/sticky/esp-idf/esp_adc/libesp_adc.a
Archiving .pio/build/sticky/esp-idf/esp_bootloader_format/libesp_bootloader_format.a
Indexing .pio/build/sticky/esp-idf/esp_app_format/libesp_app_format.a
Indexing .pio/build/sticky/esp-idf/esp_bootloader_format/libesp_bootloader_format.a
Compiling .pio/build/sticky/esp_coex/src/lib_printf.c.o
Compiling .pio/build/sticky/esp_coex/esp32s3/esp_coex_adapter.c.o
Compiling .pio/build/sticky/esp_coex/src/coexist_debug_diagram.c.o
Compiling .pio/build/sticky/esp_coex/src/coexist_debug.c.o
Compiling .pio/build/sticky/esp_common/src/esp_err_to_name.c.o
Archiving .pio/build/sticky/esp-idf/esp_coex/libesp_coex.a
Compiling .pio/build/sticky/esp_driver_cam/esp_cam_ctlr.c.o
Indexing .pio/build/sticky/esp-idf/esp_coex/libesp_coex.a
Compiling .pio/build/sticky/esp_driver_cam/dvp_share_ctrl.c.o
Compiling .pio/build/sticky/esp_driver_cam/dvp/src/esp_cam_ctlr_dvp_gdma.c.o
Compiling .pio/build/sticky/esp_driver_cam/dvp/src/esp_cam_ctlr_dvp_cam.c.o
Compiling .pio/build/sticky/esp_driver_gpio/src/gpio.c.o
Compiling .pio/build/sticky/esp_driver_gpio/src/gpio_glitch_filter_ops.c.o
Archiving .pio/build/sticky/esp-idf/esp_common/libesp_common.a
Indexing .pio/build/sticky/esp-idf/esp_common/libesp_common.a
Compiling .pio/build/sticky/esp_driver_gpio/src/rtc_io.c.o
Compiling .pio/build/sticky/esp_driver_gpio/src/dedic_gpio.c.o
Compiling .pio/build/sticky/esp_driver_gpio/src/gpio_pin_glitch_filter.c.o
Compiling .pio/build/sticky/esp_driver_gptimer/src/gptimer.c.o
Archiving .pio/build/sticky/esp-idf/esp_driver_cam/libesp_driver_cam.a
Indexing .pio/build/sticky/esp-idf/esp_driver_cam/libesp_driver_cam.a
Compiling .pio/build/sticky/esp_driver_gptimer/src/gptimer_common.c.o
Compiling .pio/build/sticky/esp_driver_i2c/i2c_master.c.o
Compiling .pio/build/sticky/esp_driver_i2c/i2c_common.c.o
Archiving .pio/build/sticky/esp-idf/esp_driver_gpio/libesp_driver_gpio.a
Archiving .pio/build/sticky/esp-idf/esp_driver_gptimer/libesp_driver_gptimer.a
Indexing .pio/build/sticky/esp-idf/esp_driver_gpio/libesp_driver_gpio.a
Indexing .pio/build/sticky/esp-idf/esp_driver_gptimer/libesp_driver_gptimer.a
Compiling .pio/build/sticky/esp_driver_i2c/i2c_slave.c.o
Compiling .pio/build/sticky/esp_driver_i2s/i2s_common.c.o
Compiling .pio/build/sticky/esp_driver_i2s/i2s_std.c.o
Compiling .pio/build/sticky/esp_driver_i2s/i2s_pdm.c.o
Compiling .pio/build/sticky/esp_driver_i2s/i2s_tdm.c.o
Archiving .pio/build/sticky/esp-idf/esp_driver_i2c/libesp_driver_i2c.a
Indexing .pio/build/sticky/esp-idf/esp_driver_i2c/libesp_driver_i2c.a
Compiling .pio/build/sticky/esp_driver_i2s/i2s_platform.c.o
Compiling .pio/build/sticky/esp_driver_ledc/src/ledc.c.o
Compiling .pio/build/sticky/esp_driver_mcpwm/src/mcpwm_cap.c.o
Compiling .pio/build/sticky/esp_driver_mcpwm/src/mcpwm_cmpr.c.o
Archiving .pio/build/sticky/esp-idf/esp_driver_i2s/libesp_driver_i2s.a
Indexing .pio/build/sticky/esp-idf/esp_driver_i2s/libesp_driver_i2s.a
Compiling .pio/build/sticky/esp_driver_mcpwm/src/mcpwm_com.c.o
Compiling .pio/build/sticky/esp_driver_mcpwm/src/mcpwm_fault.c.o
Compiling .pio/build/sticky/esp_driver_mcpwm/src/mcpwm_gen.c.o
Compiling .pio/build/sticky/esp_driver_mcpwm/src/mcpwm_oper.c.o
Compiling .pio/build/sticky/esp_driver_mcpwm/src/mcpwm_sync.c.o
Compiling .pio/build/sticky/esp_driver_mcpwm/src/mcpwm_timer.c.o
Compiling .pio/build/sticky/esp_driver_pcnt/src/pulse_cnt.c.o
Archiving .pio/build/sticky/esp-idf/esp_driver_ledc/libesp_driver_ledc.a
Indexing .pio/build/sticky/esp-idf/esp_driver_ledc/libesp_driver_ledc.a
Compiling .pio/build/sticky/esp_driver_rmt/src/rmt_common.c.o
Compiling .pio/build/sticky/esp_driver_rmt/src/rmt_encoder.c.o
Compiling .pio/build/sticky/esp_driver_rmt/src/rmt_encoder_bytes.c.o
Compiling .pio/build/sticky/esp_driver_rmt/src/rmt_encoder_copy.c.o
Archiving .pio/build/sticky/esp-idf/esp_driver_mcpwm/libesp_driver_mcpwm.a
Indexing .pio/build/sticky/esp-idf/esp_driver_mcpwm/libesp_driver_mcpwm.a
Compiling .pio/build/sticky/esp_driver_rmt/src/rmt_encoder_simple.c.o
Compiling .pio/build/sticky/esp_driver_rmt/src/rmt_rx.c.o
Compiling .pio/build/sticky/esp_driver_rmt/src/rmt_tx.c.o
Compiling .pio/build/sticky/esp_driver_sdm/src/sdm.c.o
Archiving .pio/build/sticky/esp-idf/esp_driver_pcnt/libesp_driver_pcnt.a
Indexing .pio/build/sticky/esp-idf/esp_driver_pcnt/libesp_driver_pcnt.a
Compiling .pio/build/sticky/esp_driver_sdmmc/src/sdmmc_transaction.c.o
Archiving .pio/build/sticky/esp-idf/esp_driver_sdm/libesp_driver_sdm.a
Indexing .pio/build/sticky/esp-idf/esp_driver_sdm/libesp_driver_sdm.a
Compiling .pio/build/sticky/esp_driver_sdmmc/src/sdmmc_host.c.o
Compiling .pio/build/sticky/esp_driver_sdspi/src/sdspi_crc.c.o
Compiling .pio/build/sticky/esp_driver_sdspi/src/sdspi_host.c.o
Compiling .pio/build/sticky/esp_driver_sdspi/src/sdspi_transaction.c.o
Compiling .pio/build/sticky/esp_driver_spi/src/gpspi/spi_common.c.o
Archiving .pio/build/sticky/esp-idf/esp_driver_rmt/libesp_driver_rmt.a
Indexing .pio/build/sticky/esp-idf/esp_driver_rmt/libesp_driver_rmt.a
Compiling .pio/build/sticky/esp_driver_spi/src/gpspi/spi_master.c.o
Archiving .pio/build/sticky/esp-idf/esp_driver_sdspi/libesp_driver_sdspi.a
Indexing .pio/build/sticky/esp-idf/esp_driver_sdspi/libesp_driver_sdspi.a
Compiling .pio/build/sticky/esp_driver_spi/src/gpspi/spi_slave.c.o
Archiving .pio/build/sticky/esp-idf/esp_driver_sdmmc/libesp_driver_sdmmc.a
Indexing .pio/build/sticky/esp-idf/esp_driver_sdmmc/libesp_driver_sdmmc.a
Compiling .pio/build/sticky/esp_driver_spi/src/gpspi/spi_slave_hd.c.o
Compiling .pio/build/sticky/esp_driver_touch_sens/common/touch_sens_common.c.o
Compiling .pio/build/sticky/esp_driver_touch_sens/hw_ver2/touch_version_specific.c.o
Compiling .pio/build/sticky/esp_driver_tsens/src/temperature_sensor.c.o
Archiving .pio/build/sticky/esp-idf/esp_driver_spi/libesp_driver_spi.a
Indexing .pio/build/sticky/esp-idf/esp_driver_spi/libesp_driver_spi.a
Archiving .pio/build/sticky/esp-idf/esp_driver_tsens/libesp_driver_tsens.a
Indexing .pio/build/sticky/esp-idf/esp_driver_tsens/libesp_driver_tsens.a
Compiling .pio/build/sticky/esp_driver_twai/esp_twai.c.o
Compiling .pio/build/sticky/esp_driver_twai/esp_twai_onchip.c.o
Compiling .pio/build/sticky/esp_driver_uart/src/uart.c.o
Archiving .pio/build/sticky/esp-idf/esp_driver_touch_sens/libesp_driver_touch_sens.a
Indexing .pio/build/sticky/esp-idf/esp_driver_touch_sens/libesp_driver_touch_sens.a
Compiling .pio/build/sticky/esp_driver_uart/src/uart_wakeup.c.o
Compiling .pio/build/sticky/esp_driver_uart/src/uhci.c.o
Compiling .pio/build/sticky/esp_driver_uart/src/uart_vfs.c.o
Archiving .pio/build/sticky/esp-idf/esp_driver_twai/libesp_driver_twai.a
Indexing .pio/build/sticky/esp-idf/esp_driver_twai/libesp_driver_twai.a
Compiling .pio/build/sticky/esp_driver_usb_serial_jtag/src/usb_serial_jtag.c.o
Compiling .pio/build/sticky/esp_driver_usb_serial_jtag/src/usb_serial_jtag_connection_monitor.c.o
Compiling .pio/build/sticky/esp_driver_usb_serial_jtag/src/usb_serial_jtag_vfs.c.o
Compiling .pio/build/sticky/esp_eth/src/esp_eth.c.o
Compiling .pio/build/sticky/esp_eth/src/phy/esp_eth_phy_802_3.c.o
Archiving .pio/build/sticky/esp-idf/esp_driver_usb_serial_jtag/libesp_driver_usb_serial_jtag.a
Indexing .pio/build/sticky/esp-idf/esp_driver_usb_serial_jtag/libesp_driver_usb_serial_jtag.a
Compiling .pio/build/sticky/esp_eth/src/esp_eth_netif_glue.c.o
Compiling .pio/build/sticky/esp_eth/src/spi/dm9051/esp_eth_mac_dm9051.c.o
Compiling .pio/build/sticky/esp_eth/src/spi/dm9051/esp_eth_phy_dm9051.c.o
Archiving .pio/build/sticky/esp-idf/esp_driver_uart/libesp_driver_uart.a
Indexing .pio/build/sticky/esp-idf/esp_driver_uart/libesp_driver_uart.a
Compiling .pio/build/sticky/esp_eth/src/spi/w5500/esp_eth_mac_w5500.c.o
Compiling .pio/build/sticky/esp_eth/src/spi/w5500/esp_eth_phy_w5500.c.o
Compiling .pio/build/sticky/esp_eth/src/spi/ksz8851snl/esp_eth_mac_ksz8851snl.c.o
Compiling .pio/build/sticky/esp_eth/src/spi/ksz8851snl/esp_eth_phy_ksz8851snl.c.o
Compiling .pio/build/sticky/esp_event/default_event_loop.c.o
Compiling .pio/build/sticky/esp_event/esp_event.c.o
Compiling .pio/build/sticky/esp_event/esp_event_private.c.o
Compiling .pio/build/sticky/esp_gdbstub/src/gdbstub.c.o
Compiling .pio/build/sticky/esp_gdbstub/src/gdbstub_transport.c.o
Archiving .pio/build/sticky/esp-idf/esp_eth/libesp_eth.a
Indexing .pio/build/sticky/esp-idf/esp_eth/libesp_eth.a
Compiling .pio/build/sticky/esp_gdbstub/src/packet.c.o
Compiling .pio/build/sticky/esp_gdbstub/src/port/xtensa/gdbstub_xtensa.c.o
Compiling .pio/build/sticky/esp_gdbstub/src/port/xtensa/gdbstub-entry.S.o
Compiling .pio/build/sticky/esp_gdbstub/src/port/xtensa/xt_debugexception.S.o
Compiling .pio/build/sticky/esp_hid/src/esp_hidd.c.o
Archiving .pio/build/sticky/esp-idf/esp_gdbstub/libesp_gdbstub.a
Archiving .pio/build/sticky/esp-idf/esp_event/libesp_event.a
Indexing .pio/build/sticky/esp-idf/esp_gdbstub/libesp_gdbstub.a
Indexing .pio/build/sticky/esp-idf/esp_event/libesp_event.a
Compiling .pio/build/sticky/esp_hid/src/esp_hidh.c.o
Compiling .pio/build/sticky/esp_hid/src/esp_hid_common.c.o
Compiling .pio/build/sticky/esp_hid/src/nimble_hidd.c.o
Compiling .pio/build/sticky/esp_hid/src/nimble_hidh.c.o
Compiling .pio/build/sticky/esp_http_client/esp_http_client.c.o
Compiling .pio/build/sticky/esp_http_client/lib/http_auth.c.o
Compiling .pio/build/sticky/esp_http_client/lib/http_header.c.o
Archiving .pio/build/sticky/esp-idf/esp_hid/libesp_hid.a
Indexing .pio/build/sticky/esp-idf/esp_hid/libesp_hid.a
Compiling .pio/build/sticky/esp_http_client/lib/http_utils.c.o
Compiling .pio/build/sticky/esp_http_server/src/httpd_main.c.o
Compiling .pio/build/sticky/esp_http_server/src/httpd_parse.c.o
Compiling .pio/build/sticky/esp_http_server/src/httpd_sess.c.o
Compiling .pio/build/sticky/esp_http_server/src/httpd_txrx.c.o
Compiling .pio/build/sticky/esp_http_server/src/httpd_uri.c.o
Compiling .pio/build/sticky/esp_http_server/src/httpd_ws.c.o
Compiling .pio/build/sticky/esp_http_server/src/util/ctrl_sock.c.o
Archiving .pio/build/sticky/esp-idf/esp_http_client/libesp_http_client.a
Indexing .pio/build/sticky/esp-idf/esp_http_client/libesp_http_client.a
Compiling .pio/build/sticky/esp_https_ota/src/esp_https_ota.c.o
Compiling .pio/build/sticky/esp_https_server/src/https_server.c.o
Archiving .pio/build/sticky/esp-idf/esp_http_server/libesp_http_server.a
Indexing .pio/build/sticky/esp-idf/esp_http_server/libesp_http_server.a
Compiling .pio/build/sticky/esp_hw_support/cpu.c.o
Compiling .pio/build/sticky/esp_hw_support/port/esp32s3/esp_cpu_intr.c.o
Compiling .pio/build/sticky/esp_hw_support/esp_memory_utils.c.o
Compiling .pio/build/sticky/esp_hw_support/port/esp32s3/cpu_region_protect.c.o
Compiling .pio/build/sticky/esp_hw_support/esp_clk.c.o
Compiling .pio/build/sticky/esp_hw_support/clk_ctrl_os.c.o
Archiving .pio/build/sticky/esp-idf/esp_https_server/libesp_https_server.a
Indexing .pio/build/sticky/esp-idf/esp_https_server/libesp_https_server.a
Compiling .pio/build/sticky/esp_hw_support/hw_random.c.o
Archiving .pio/build/sticky/esp-idf/esp_https_ota/libesp_https_ota.a
Indexing .pio/build/sticky/esp-idf/esp_https_ota/libesp_https_ota.a
Compiling .pio/build/sticky/esp_hw_support/intr_alloc.c.o
Compiling .pio/build/sticky/esp_hw_support/mac_addr.c.o
Compiling .pio/build/sticky/esp_hw_support/periph_ctrl.c.o
Compiling .pio/build/sticky/esp_hw_support/revision.c.o
Compiling .pio/build/sticky/esp_hw_support/rtc_module.c.o
Compiling .pio/build/sticky/esp_hw_support/regi2c_ctrl.c.o
Compiling .pio/build/sticky/esp_hw_support/esp_gpio_reserve.c.o
Compiling .pio/build/sticky/esp_hw_support/sar_periph_ctrl_common.c.o
Compiling .pio/build/sticky/esp_hw_support/port/esp32s3/io_mux.c.o
Compiling .pio/build/sticky/esp_hw_support/port/esp32s3/esp_clk_tree.c.o
Compiling .pio/build/sticky/esp_hw_support/dma/esp_dma_utils.c.o
Compiling .pio/build/sticky/esp_hw_support/dma/gdma_link.c.o
Compiling .pio/build/sticky/esp_hw_support/spi_bus_lock.c.o
Compiling .pio/build/sticky/esp_hw_support/clk_utils.c.o
Compiling .pio/build/sticky/esp_hw_support/port/esp_clk_tree_common.c.o
Compiling .pio/build/sticky/esp_hw_support/spi_share_hw_ctrl.c.o
Compiling .pio/build/sticky/esp_hw_support/adc_share_hw_ctrl.c.o
Compiling .pio/build/sticky/esp_hw_support/sleep_modem.c.o
Compiling .pio/build/sticky/esp_hw_support/sleep_modes.c.o
Compiling .pio/build/sticky/esp_hw_support/sleep_console.c.o
Compiling .pio/build/sticky/esp_hw_support/sleep_mspi.c.o
Compiling .pio/build/sticky/esp_hw_support/sleep_usb.c.o
Compiling .pio/build/sticky/esp_hw_support/sleep_gpio.c.o
Compiling .pio/build/sticky/esp_hw_support/sleep_event.c.o
Compiling .pio/build/sticky/esp_hw_support/dma/gdma.c.o
Compiling .pio/build/sticky/esp_hw_support/deprecated/gdma_legacy.c.o
Compiling .pio/build/sticky/esp_hw_support/dma/esp_async_memcpy.c.o
Compiling .pio/build/sticky/esp_hw_support/dma/async_memcpy_gdma.c.o
Compiling .pio/build/sticky/esp_hw_support/port/esp32s3/systimer.c.o
Compiling .pio/build/sticky/esp_hw_support/mspi_timing_tuning/mspi_timing_tuning.c.o
Compiling .pio/build/sticky/esp_hw_support/sleep_wake_stub.c.o
Compiling .pio/build/sticky/esp_hw_support/esp_clock_output.c.o
Compiling .pio/build/sticky/esp_hw_support/power_supply/brownout.c.o
Compiling .pio/build/sticky/esp_hw_support/port/esp32s3/rtc_clk.c.o
Compiling .pio/build/sticky/esp_hw_support/port/esp32s3/rtc_clk_init.c.o
Compiling .pio/build/sticky/esp_hw_support/port/esp32s3/rtc_init.c.o
Compiling .pio/build/sticky/esp_hw_support/port/esp32s3/rtc_sleep.c.o
Compiling .pio/build/sticky/esp_hw_support/port/esp32s3/rtc_time.c.o
Compiling .pio/build/sticky/esp_hw_support/port/esp32s3/chip_info.c.o
Compiling .pio/build/sticky/esp_hw_support/port/esp32s3/sar_periph_ctrl.c.o
Compiling .pio/build/sticky/esp_hw_support/mspi_timing_tuning/port/esp32s3/mspi_timing_config.c.o
Compiling .pio/build/sticky/esp_hw_support/mspi_timing_tuning/port/esp32s3/mspi_timing_by_mspi_delay.c.o
Compiling .pio/build/sticky/esp_hw_support/lowpower/port/esp32s3/sleep_cpu.c.o
Compiling .pio/build/sticky/esp_lcd/src/esp_lcd_common.c.o
Compiling .pio/build/sticky/esp_lcd/src/esp_lcd_panel_io.c.o
Compiling .pio/build/sticky/esp_lcd/src/esp_lcd_panel_nt35510.c.o
Compiling .pio/build/sticky/esp_lcd/src/esp_lcd_panel_ssd1306.c.o
Archiving .pio/build/sticky/esp-idf/esp_hw_support/libesp_hw_support.a
Compiling .pio/build/sticky/esp_lcd/src/esp_lcd_panel_st7789.c.o
Indexing .pio/build/sticky/esp-idf/esp_hw_support/libesp_hw_support.a
Compiling .pio/build/sticky/esp_lcd/src/esp_lcd_panel_ops.c.o
Compiling .pio/build/sticky/esp_lcd/i2c/esp_lcd_panel_io_i2c_v1.c.o
Compiling .pio/build/sticky/esp_lcd/i2c/esp_lcd_panel_io_i2c_v2.c.o
Compiling .pio/build/sticky/esp_lcd/spi/esp_lcd_panel_io_spi.c.o
Compiling .pio/build/sticky/esp_lcd/i80/esp_lcd_panel_io_i80.c.o
Compiling .pio/build/sticky/esp_lcd/rgb/esp_lcd_panel_rgb.c.o
Compiling .pio/build/sticky/esp_local_ctrl/src/esp_local_ctrl.c.o
Compiling .pio/build/sticky/esp_local_ctrl/src/esp_local_ctrl_handler.c.o
Compiling .pio/build/sticky/esp_local_ctrl/proto-c/esp_local_ctrl.pb-c.c.o
Compiling .pio/build/sticky/esp_local_ctrl/src/esp_local_ctrl_transport_ble.c.o
Compiling .pio/build/sticky/esp_local_ctrl/src/esp_local_ctrl_transport_httpd.c.o
Compiling .pio/build/sticky/esp_mm/esp_mmu_map.c.o
Compiling .pio/build/sticky/esp_mm/port/esp32s3/ext_mem_layout.c.o
Archiving .pio/build/sticky/esp-idf/esp_local_ctrl/libesp_local_ctrl.a
Indexing .pio/build/sticky/esp-idf/esp_local_ctrl/libesp_local_ctrl.a
Compiling .pio/build/sticky/esp_mm/esp_cache_msync.c.o
Compiling .pio/build/sticky/esp_mm/esp_cache_utils.c.o
Compiling .pio/build/sticky/esp_mm/heap_align_hw.c.o
Archiving .pio/build/sticky/esp-idf/esp_lcd/libesp_lcd.a
Indexing .pio/build/sticky/esp-idf/esp_lcd/libesp_lcd.a
Compiling .pio/build/sticky/esp_netif/esp_netif_handlers.c.o
Archiving .pio/build/sticky/esp-idf/esp_mm/libesp_mm.a
Compiling .pio/build/sticky/esp_netif/esp_netif_objects.c.o
Indexing .pio/build/sticky/esp-idf/esp_mm/libesp_mm.a
Compiling .pio/build/sticky/esp_netif/esp_netif_defaults.c.o
Compiling .pio/build/sticky/esp_netif/lwip/esp_netif_lwip.c.o
Compiling .pio/build/sticky/esp_netif/lwip/esp_netif_sntp.c.o
Compiling .pio/build/sticky/esp_netif/lwip/esp_netif_lwip_defaults.c.o
Compiling .pio/build/sticky/esp_netif/lwip/netif/wlanif.c.o
Compiling .pio/build/sticky/esp_netif/lwip/netif/ethernetif.c.o
Compiling .pio/build/sticky/esp_netif/lwip/netif/esp_pbuf_ref.c.o
Compiling .pio/build/sticky/esp_netif/lwip/esp_netif_lwip_ppp.c.o
Compiling .pio/build/sticky/esp_netif/lwip/netif/ppp.c.o
Compiling .pio/build/sticky/esp_partition/partition.c.o
Compiling .pio/build/sticky/esp_partition/partition_target.c.o
Compiling .pio/build/sticky/esp_phy/src/phy_override.c.o
Compiling .pio/build/sticky/esp_phy/src/lib_printf.c.o
Archiving .pio/build/sticky/esp-idf/esp_partition/libesp_partition.a
Indexing .pio/build/sticky/esp-idf/esp_partition/libesp_partition.a
Compiling .pio/build/sticky/esp_phy/src/phy_common.c.o
Compiling .pio/build/sticky/esp_phy/src/phy_init.c.o
Compiling .pio/build/sticky/esp_phy/esp32s3/phy_init_data.c.o
Compiling .pio/build/sticky/esp_phy/src/btbb_init.c.o
Compiling .pio/build/sticky/esp_pm/pm_locks.c.o
Compiling .pio/build/sticky/esp_pm/pm_trace.c.o
Compiling .pio/build/sticky/esp_pm/pm_impl.c.o
Compiling .pio/build/sticky/esp_psram/system_layer/esp_psram_mspi.c.o
Archiving .pio/build/sticky/esp-idf/esp_phy/libesp_phy.a
Indexing .pio/build/sticky/esp-idf/esp_phy/libesp_phy.a
Compiling .pio/build/sticky/esp_psram/system_layer/esp_psram.c.o
Archiving .pio/build/sticky/esp-idf/esp_netif/libesp_netif.a
Indexing .pio/build/sticky/esp-idf/esp_netif/libesp_netif.a
Compiling .pio/build/sticky/esp_psram/esp32s3/esp_psram_impl_octal.c.o
Compiling .pio/build/sticky/esp_psram/xip_impl/mmu_psram_flash.c.o
Compiling .pio/build/sticky/esp_ringbuf/ringbuf.c.o
Archiving .pio/build/sticky/esp-idf/esp_pm/libesp_pm.a
Indexing .pio/build/sticky/esp-idf/esp_pm/libesp_pm.a
Compiling .pio/build/sticky/esp_rom/patches/esp_rom_sys.c.o
Compiling .pio/build/sticky/esp_rom/patches/esp_rom_print.c.o
Archiving .pio/build/sticky/esp-idf/esp_psram/libesp_psram.a
Indexing .pio/build/sticky/esp-idf/esp_psram/libesp_psram.a
Compiling .pio/build/sticky/esp_rom/patches/esp_rom_crc.c.o
Compiling .pio/build/sticky/esp_rom/patches/esp_rom_uart.c.o
Compiling .pio/build/sticky/esp_rom/patches/esp_rom_spiflash.c.o
Compiling .pio/build/sticky/esp_rom/patches/esp_rom_efuse.c.o
Compiling .pio/build/sticky/esp_rom/patches/esp_rom_gpio.c.o
Compiling .pio/build/sticky/esp_rom/patches/esp_rom_longjmp.S.o
Compiling .pio/build/sticky/esp_rom/patches/esp_rom_systimer.c.o
Compiling .pio/build/sticky/esp_rom/patches/esp_rom_wdt.c.o
Compiling .pio/build/sticky/esp_rom/patches/esp_rom_cache_esp32s2_esp32s3.c.o
Compiling .pio/build/sticky/esp_rom/patches/esp_rom_cache_writeback_esp32s3.S.o
Compiling .pio/build/sticky/esp_security/src/init.c.o
Compiling .pio/build/sticky/esp_security/src/esp_hmac.c.o
Archiving .pio/build/sticky/esp-idf/esp_rom/libesp_rom.a
Indexing .pio/build/sticky/esp-idf/esp_rom/libesp_rom.a
Compiling .pio/build/sticky/esp_security/src/esp_ds.c.o
Compiling .pio/build/sticky/esp_security/src/esp_crypto_lock.c.o
Compiling .pio/build/sticky/esp_security/src/esp_crypto_periph_clk.c.o
Compiling .pio/build/sticky/esp_system/esp_err.c.o
Archiving .pio/build/sticky/esp-idf/esp_ringbuf/libesp_ringbuf.a
Indexing .pio/build/sticky/esp-idf/esp_ringbuf/libesp_ringbuf.a
Compiling .pio/build/sticky/esp_system/crosscore_int.c.o
Archiving .pio/build/sticky/esp-idf/esp_security/libesp_security.a
Compiling .pio/build/sticky/esp_system/esp_ipc.c.o
Indexing .pio/build/sticky/esp-idf/esp_security/libesp_security.a
Compiling .pio/build/sticky/esp_system/esp_system_console.c.o
Compiling .pio/build/sticky/esp_system/freertos_hooks.c.o
Compiling .pio/build/sticky/esp_system/int_wdt.c.o
Compiling .pio/build/sticky/esp_system/panic.c.o
Compiling .pio/build/sticky/esp_system/esp_system.c.o
Compiling .pio/build/sticky/esp_system/startup.c.o
Compiling .pio/build/sticky/esp_system/startup_funcs.c.o
Compiling .pio/build/sticky/esp_system/system_time.c.o
Compiling .pio/build/sticky/esp_system/stack_check.c.o
Compiling .pio/build/sticky/esp_system/ubsan.c.o
Compiling .pio/build/sticky/esp_system/xt_wdt.c.o
Compiling .pio/build/sticky/esp_system/task_wdt/task_wdt.c.o
Compiling .pio/build/sticky/esp_system/task_wdt/task_wdt_impl_timergroup.c.o
Compiling .pio/build/sticky/esp_system/port/cpu_start.c.o
Compiling .pio/build/sticky/esp_system/port/panic_handler.c.o
Compiling .pio/build/sticky/esp_system/port/esp_system_chip.c.o
Compiling .pio/build/sticky/esp_system/port/image_process.c.o
Compiling .pio/build/sticky/esp_system/port/esp_ipc_isr.c.o
Compiling .pio/build/sticky/esp_system/port/arch/xtensa/esp_ipc_isr_port.c.o
Compiling .pio/build/sticky/esp_system/port/arch/xtensa/esp_ipc_isr_handler.S.o
Compiling .pio/build/sticky/esp_system/port/arch/xtensa/esp_ipc_isr_routines.S.o
Compiling .pio/build/sticky/esp_system/port/arch/xtensa/panic_arch.c.o
Compiling .pio/build/sticky/esp_system/port/arch/xtensa/panic_handler_asm.S.o
Compiling .pio/build/sticky/esp_system/port/arch/xtensa/expression_with_stack.c.o
Compiling .pio/build/sticky/esp_system/port/arch/xtensa/expression_with_stack_asm.S.o
Compiling .pio/build/sticky/esp_system/port/arch/xtensa/debug_helpers.c.o
Compiling .pio/build/sticky/esp_system/port/arch/xtensa/debug_helpers_asm.S.o
Compiling .pio/build/sticky/esp_system/port/arch/xtensa/debug_stubs.c.o
Compiling .pio/build/sticky/esp_system/port/arch/xtensa/trax.c.o
Compiling .pio/build/sticky/esp_system/port/soc/esp32s3/highint_hdl.S.o
Compiling .pio/build/sticky/esp_system/port/soc/esp32s3/clk.c.o
Compiling .pio/build/sticky/esp_system/port/soc/esp32s3/reset_reason.c.o
Compiling .pio/build/sticky/esp_system/port/soc/esp32s3/system_internal.c.o
Compiling .pio/build/sticky/esp_system/port/soc/esp32s3/cache_err_int.c.o
Compiling .pio/build/sticky/esp_system/port/soc/esp32s3/apb_backup_dma.c.o
Compiling .pio/build/sticky/esp_timer/src/esp_timer.c.o
Archiving .pio/build/sticky/esp-idf/esp_system/libesp_system.a
Compiling .pio/build/sticky/esp_timer/src/esp_timer_init.c.o
Compiling .pio/build/sticky/esp_timer/src/ets_timer_legacy.c.o
Indexing .pio/build/sticky/esp-idf/esp_system/libesp_system.a
Compiling .pio/build/sticky/esp_timer/src/system_time.c.o
Compiling .pio/build/sticky/esp_timer/src/esp_timer_impl_common.c.o
Compiling .pio/build/sticky/esp_timer/src/esp_timer_impl_systimer.c.o
Compiling .pio/build/sticky/esp_vfs_console/vfs_console.c.o
Compiling .pio/build/sticky/esp_wifi/src/lib_printf.c.o
Compiling .pio/build/sticky/esp_wifi/src/mesh_event.c.o
Compiling .pio/build/sticky/esp_wifi/src/smartconfig.c.o
Archiving .pio/build/sticky/esp-idf/esp_timer/libesp_timer.a
Indexing .pio/build/sticky/esp-idf/esp_timer/libesp_timer.a
Archiving .pio/build/sticky/esp-idf/esp_vfs_console/libesp_vfs_console.a
Indexing .pio/build/sticky/esp-idf/esp_vfs_console/libesp_vfs_console.a
Compiling .pio/build/sticky/esp_wifi/src/wifi_init.c.o
Compiling .pio/build/sticky/esp_wifi/src/wifi_default.c.o
Compiling .pio/build/sticky/esp_wifi/src/wifi_netif.c.o
Compiling .pio/build/sticky/esp_wifi/src/wifi_default_ap.c.o
Compiling .pio/build/sticky/esp_wifi/esp32s3/esp_adapter.c.o
Compiling .pio/build/sticky/esp_wifi/regulatory/esp_wifi_regulatory.c.o
Compiling .pio/build/sticky/esp_wifi/src/smartconfig_ack.c.o
Compiling .pio/build/sticky/espcoredump/src/core_dump_init.c.o
Compiling .pio/build/sticky/espcoredump/src/core_dump_common.c.o
Compiling .pio/build/sticky/espcoredump/src/core_dump_flash.c.o
Compiling .pio/build/sticky/espcoredump/src/core_dump_uart.c.o
Archiving .pio/build/sticky/esp-idf/esp_wifi/libesp_wifi.a
Indexing .pio/build/sticky/esp-idf/esp_wifi/libesp_wifi.a
Compiling .pio/build/sticky/espcoredump/src/core_dump_elf.c.o
Compiling .pio/build/sticky/espcoredump/src/core_dump_binary.c.o
Compiling .pio/build/sticky/espcoredump/src/core_dump_sha.c.o
Compiling .pio/build/sticky/espcoredump/src/core_dump_crc.c.o
Compiling .pio/build/sticky/espcoredump/src/port/xtensa/core_dump_port.c.o
Compiling .pio/build/sticky/espcoredump/src/port/xtensa/core_dump_stack_switch.S.o
Compiling .pio/build/sticky/managed_components/espressif__cjson/cJSON/cJSON.c.o
Compiling .pio/build/sticky/managed_components/espressif__cjson/cJSON/cJSON_Utils.c.o
Compiling .pio/build/sticky/managed_components/espressif__dl_fft/dl_fft_f32.c.o
Archiving .pio/build/sticky/esp-idf/espcoredump/libespcoredump.a
Indexing .pio/build/sticky/esp-idf/espcoredump/libespcoredump.a
Compiling .pio/build/sticky/managed_components/espressif__dl_fft/dl_fft_s16.c.o
Compiling .pio/build/sticky/managed_components/espressif__dl_fft/dl_rfft_f32.c.o
Compiling .pio/build/sticky/managed_components/espressif__dl_fft/dl_rfft_s16.c.o
Compiling .pio/build/sticky/managed_components/espressif__dl_fft/base/dl_fft2r_fc32_ansi.c.o
Compiling .pio/build/sticky/managed_components/espressif__dl_fft/base/dl_fft4r_fc32_ansi.c.o
Compiling .pio/build/sticky/managed_components/espressif__dl_fft/base/dl_fft2r_sc16_ansi.c.o
Compiling .pio/build/sticky/managed_components/espressif__dl_fft/base/dl_fft2r_sc16_dif_ansi.c.o
Compiling .pio/build/sticky/managed_components/espressif__dl_fft/base/dl_fft_base.c.o
Compiling .pio/build/sticky/managed_components/espressif__dl_fft/base/isa/esp32s3/dl_fft2r_fc32_aes3.S.o
Compiling .pio/build/sticky/managed_components/espressif__dl_fft/base/isa/esp32s3/dl_fft4r_fc32_aes3.S.o
Compiling .pio/build/sticky/managed_components/espressif__dl_fft/base/isa/esp32s3/dl_fft2r_sc16_aes3.S.o
Archiving .pio/build/sticky/esp-idf/espressif__cjson/libespressif__cjson.a
Indexing .pio/build/sticky/esp-idf/espressif__cjson/libespressif__cjson.a
Compiling .pio/build/sticky/managed_components/espressif__esp-dl/dl/tool/src/dl_tool.cpp.o
Archiving .pio/build/sticky/esp-idf/espressif__dl_fft/libespressif__dl_fft.a
Indexing .pio/build/sticky/esp-idf/espressif__dl_fft/libespressif__dl_fft.a
Compiling .pio/build/sticky/managed_components/espressif__esp-dl/dl/tool/src/dl_tool_cache.cpp.o
Compiling .pio/build/sticky/managed_components/espressif__esp-dl/dl/tensor/src/dl_tensor_base.cpp.o
Compiling .pio/build/sticky/managed_components/espressif__esp-dl/dl/base/dl_base_add.cpp.o
Compiling .pio/build/sticky/managed_components/espressif__esp-dl/dl/base/dl_base_add2d.cpp.o
Compiling .pio/build/sticky/managed_components/espressif__esp-dl/dl/base/dl_base_and.cpp.o
Compiling .pio/build/sticky/managed_components/espressif__esp-dl/dl/base/dl_base_avg_pool2d.cpp.o
Compiling .pio/build/sticky/managed_components/espressif__esp-dl/dl/base/dl_base_conv2d.cpp.o
Compiling .pio/build/sticky/managed_components/espressif__esp-dl/dl/base/dl_base_depthwise_conv2d.cpp.o
Compiling .pio/build/sticky/managed_components/espressif__esp-dl/dl/base/dl_base_div.cpp.o
Compiling .pio/build/sticky/managed_components/espressif__esp-dl/dl/base/dl_base_dotprod.cpp.o
Compiling .pio/build/sticky/managed_components/espressif__esp-dl/dl/base/dl_base_elemwise.cpp.o
Compiling .pio/build/sticky/managed_components/espressif__esp-dl/dl/base/dl_base_equal.cpp.o
Compiling .pio/build/sticky/managed_components/espressif__esp-dl/dl/base/dl_base_greater.cpp.o
Compiling .pio/build/sticky/managed_components/espressif__esp-dl/dl/base/dl_base_greaterorequal.cpp.o
Compiling .pio/build/sticky/managed_components/espressif__esp-dl/dl/base/dl_base_leakyrelu.cpp.o
Compiling .pio/build/sticky/managed_components/espressif__esp-dl/dl/base/dl_base_less.cpp.o
Compiling .pio/build/sticky/managed_components/espressif__esp-dl/dl/base/dl_base_lessorequal.cpp.o
Compiling .pio/build/sticky/managed_components/espressif__esp-dl/dl/base/dl_base_lut.cpp.o
Compiling .pio/build/sticky/managed_components/espressif__esp-dl/dl/base/dl_base_matmul.cpp.o
Compiling .pio/build/sticky/managed_components/espressif__esp-dl/dl/base/dl_base_max.cpp.o
Compiling .pio/build/sticky/managed_components/espressif__esp-dl/dl/base/dl_base_max2d.cpp.o
Compiling .pio/build/sticky/managed_components/espressif__esp-dl/dl/base/dl_base_max_pool2d.cpp.o
Compiling .pio/build/sticky/managed_components/espressif__esp-dl/dl/base/dl_base_min.cpp.o
Compiling .pio/build/sticky/managed_components/espressif__esp-dl/dl/base/dl_base_min2d.cpp.o
Compiling .pio/build/sticky/managed_components/espressif__esp-dl/dl/base/dl_base_mod.cpp.o
Compiling .pio/build/sticky/managed_components/espressif__esp-dl/dl/base/dl_base_mul.cpp.o
Compiling .pio/build/sticky/managed_components/espressif__esp-dl/dl/base/dl_base_mul2d.cpp.o
Compiling .pio/build/sticky/managed_components/espressif__esp-dl/dl/base/dl_base_norm.cpp.o
Compiling .pio/build/sticky/managed_components/espressif__esp-dl/dl/base/dl_base_or.cpp.o
Compiling .pio/build/sticky/managed_components/espressif__esp-dl/dl/base/dl_base_pad.cpp.o
Compiling .pio/build/sticky/managed_components/espressif__esp-dl/dl/base/dl_base_pow.cpp.o
Compiling .pio/build/sticky/managed_components/espressif__esp-dl/dl/base/dl_base_prelu.cpp.o
Compiling .pio/build/sticky/managed_components/espressif__esp-dl/dl/base/dl_base_reduce.cpp.o
Compiling .pio/build/sticky/managed_components/espressif__esp-dl/dl/base/dl_base_relu.cpp.o
Compiling .pio/build/sticky/managed_components/espressif__esp-dl/dl/base/dl_base_requantize_linear.cpp.o
Compiling .pio/build/sticky/managed_components/espressif__esp-dl/dl/base/dl_base_resize.cpp.o
Compiling .pio/build/sticky/managed_components/espressif__esp-dl/dl/base/dl_base_shape.cpp.o
Compiling .pio/build/sticky/managed_components/espressif__esp-dl/dl/base/dl_base_sub.cpp.o
Compiling .pio/build/sticky/managed_components/espressif__esp-dl/dl/base/dl_base_sub2d.cpp.o
Compiling .pio/build/sticky/managed_components/espressif__esp-dl/dl/base/dl_base_xor.cpp.o
Compiling .pio/build/sticky/managed_components/espressif__esp-dl/dl/math/src/dl_math.cpp.o
Compiling .pio/build/sticky/managed_components/espressif__esp-dl/dl/math/src/dl_math_matrix.cpp.o
Compiling .pio/build/sticky/managed_components/espressif__esp-dl/dl/model/src/dl_memory_manager.cpp.o
Compiling .pio/build/sticky/managed_components/espressif__esp-dl/dl/model/src/dl_memory_manager_greedy.cpp.o
Compiling .pio/build/sticky/managed_components/espressif__esp-dl/dl/model/src/dl_model_base.cpp.o
Compiling .pio/build/sticky/managed_components/espressif__esp-dl/dl/model/src/dl_model_context.cpp.o
Compiling .pio/build/sticky/managed_components/espressif__esp-dl/dl/module/src/dl_module_base.cpp.o
Compiling .pio/build/sticky/managed_components/espressif__esp-dl/fbs_loader/src/fbs_loader.cpp.o
Compiling .pio/build/sticky/managed_components/espressif__esp-dl/vision/detect/dl_detect_base.cpp.o
Compiling .pio/build/sticky/managed_components/espressif__esp-dl/vision/detect/dl_detect_espdet_postprocessor.cpp.o
Compiling .pio/build/sticky/managed_components/espressif__esp-dl/vision/detect/dl_detect_mnp_postprocessor.cpp.o
Compiling .pio/build/sticky/managed_components/espressif__esp-dl/vision/detect/dl_detect_msr_postprocessor.cpp.o
Compiling .pio/build/sticky/managed_components/espressif__esp-dl/vision/detect/dl_detect_pico_postprocessor.cpp.o
Compiling .pio/build/sticky/managed_components/espressif__esp-dl/vision/detect/dl_detect_postprocessor.cpp.o
Compiling .pio/build/sticky/managed_components/espressif__esp-dl/vision/detect/dl_detect_yolo11_postprocessor.cpp.o
Compiling .pio/build/sticky/managed_components/espressif__esp-dl/vision/detect/dl_pose_yolo11_postprocessor.cpp.o
Compiling .pio/build/sticky/managed_components/espressif__esp-dl/vision/detect/dl_seg_yolo11_postprocessor.cpp.o
Compiling .pio/build/sticky/managed_components/espressif__esp-dl/vision/image/dl_image_bmp.cpp.o
Compiling .pio/build/sticky/managed_components/espressif__esp-dl/vision/image/dl_image_draw.cpp.o
Compiling .pio/build/sticky/managed_components/espressif__esp-dl/vision/image/dl_image_jpeg.cpp.o
Compiling .pio/build/sticky/managed_components/espressif__esp-dl/vision/image/dl_image_pixel_cvt_dispatch_gray2gray.cpp.o
Compiling .pio/build/sticky/managed_components/espressif__esp-dl/vision/image/dl_image_pixel_cvt_dispatch_hsv2hsv_mask.cpp.o
Compiling .pio/build/sticky/managed_components/espressif__esp-dl/vision/image/dl_image_pixel_cvt_dispatch_rgb5652gray.cpp.o
Compiling .pio/build/sticky/managed_components/espressif__esp-dl/vision/image/dl_image_pixel_cvt_dispatch_rgb5652hsv.cpp.o
Compiling .pio/build/sticky/managed_components/espressif__esp-dl/vision/image/dl_image_pixel_cvt_dispatch_rgb5652rgb565.cpp.o
Compiling .pio/build/sticky/managed_components/espressif__esp-dl/vision/image/dl_image_pixel_cvt_dispatch_rgb5652rgb888.cpp.o
Compiling .pio/build/sticky/managed_components/espressif__esp-dl/vision/image/dl_image_pixel_cvt_dispatch_rgb8882gray.cpp.o
Compiling .pio/build/sticky/managed_components/espressif__esp-dl/vision/image/dl_image_pixel_cvt_dispatch_rgb8882hsv.cpp.o
Compiling .pio/build/sticky/managed_components/espressif__esp-dl/vision/image/dl_image_pixel_cvt_dispatch_rgb8882rgb565.cpp.o
Compiling .pio/build/sticky/managed_components/espressif__esp-dl/vision/image/dl_image_pixel_cvt_dispatch_rgb8882rgb888.cpp.o
Compiling .pio/build/sticky/managed_components/espressif__esp-dl/vision/image/dl_image_pixel_cvt_dispatch_yuv2gray.cpp.o
Compiling .pio/build/sticky/managed_components/espressif__esp-dl/vision/image/dl_image_pixel_cvt_dispatch_yuv2hsv.cpp.o
Compiling .pio/build/sticky/managed_components/espressif__esp-dl/vision/image/dl_image_pixel_cvt_dispatch_yuv2rgb565.cpp.o
Compiling .pio/build/sticky/managed_components/espressif__esp-dl/vision/image/dl_image_pixel_cvt_dispatch_yuv2rgb888.cpp.o
Compiling .pio/build/sticky/managed_components/espressif__esp-dl/vision/image/dl_image_pixel_cvt_dispatch_yuv2yuv.cpp.o
Compiling .pio/build/sticky/managed_components/espressif__esp-dl/vision/image/dl_image_ppa.cpp.o
Compiling .pio/build/sticky/managed_components/espressif__esp-dl/vision/image/dl_image_preprocessor.cpp.o
Compiling .pio/build/sticky/managed_components/espressif__esp-dl/vision/image/dl_image_process.cpp.o
Compiling .pio/build/sticky/managed_components/espressif__esp-dl/vision/recognition/dl_feat_base.cpp.o
Compiling .pio/build/sticky/managed_components/espressif__esp-dl/vision/recognition/dl_feat_image_preprocessor.cpp.o
Compiling .pio/build/sticky/managed_components/espressif__esp-dl/vision/recognition/dl_feat_postprocessor.cpp.o
Compiling .pio/build/sticky/managed_components/espressif__esp-dl/vision/recognition/dl_recognition_database.cpp.o
Compiling .pio/build/sticky/managed_components/espressif__esp-dl/vision/classification/dl_cls_base.cpp.o
Compiling .pio/build/sticky/managed_components/espressif__esp-dl/vision/classification/dl_cls_postprocessor.cpp.o
Compiling .pio/build/sticky/managed_components/espressif__esp-dl/vision/classification/hand_gesture_cls_postprocessor.cpp.o
Compiling .pio/build/sticky/managed_components/espressif__esp-dl/vision/classification/imagenet_cls_postprocessor.cpp.o
Compiling .pio/build/sticky/managed_components/espressif__esp-dl/audio/common/dl_audio_common.cpp.o
Compiling .pio/build/sticky/managed_components/espressif__esp-dl/audio/common/dl_audio_wav.cpp.o
Compiling .pio/build/sticky/managed_components/espressif__esp-dl/audio/speech_features/dl_fbank.cpp.o
Compiling .pio/build/sticky/managed_components/espressif__esp-dl/audio/speech_features/dl_mfcc.cpp.o
Compiling .pio/build/sticky/managed_components/espressif__esp-dl/audio/speech_features/dl_spectrogram.cpp.o
Compiling .pio/build/sticky/managed_components/espressif__esp-dl/audio/speech_features/dl_speech_features.cpp.o
Compiling .pio/build/sticky/managed_components/espressif__esp-dl/dl/tool/isa/xtensa/dl_xtensa_bzero.S.o
Compiling .pio/build/sticky/managed_components/espressif__esp-dl/dl/tool/isa/tie728/dl_tie728_bzero.S.o
Compiling .pio/build/sticky/managed_components/espressif__esp-dl/dl/tool/isa/tie728/dl_tie728_memcpy.S.o
Compiling .pio/build/sticky/managed_components/espressif__esp-dl/dl/tool/isa/tie728/dl_tie728_memset.S.o
Compiling .pio/build/sticky/managed_components/espressif__esp-dl/dl/base/isa/xtensa/dl_xtensa_s16_block.S.o
Compiling .pio/build/sticky/managed_components/espressif__esp-dl/dl/base/isa/tie728/dl_tie728_dotprod.S.o
Compiling .pio/build/sticky/managed_components/espressif__esp-dl/dl/base/isa/tie728/dl_tie728_lut.S.o
Compiling .pio/build/sticky/managed_components/espressif__esp-dl/dl/base/isa/tie728/dl_tie728_reduce.S.o
Compiling .pio/build/sticky/managed_components/espressif__esp-dl/dl/base/isa/tie728/dl_tie728_rms_normalization.S.o
Compiling .pio/build/sticky/managed_components/espressif__esp-dl/dl/base/isa/tie728/dl_tie728_s16.S.o
Compiling .pio/build/sticky/managed_components/espressif__esp-dl/dl/base/isa/tie728/dl_tie728_s16_add.S.o
Compiling .pio/build/sticky/managed_components/espressif__esp-dl/dl/base/isa/tie728/dl_tie728_s16_add2d.S.o
Compiling .pio/build/sticky/managed_components/espressif__esp-dl/dl/base/isa/tie728/dl_tie728_s16_avg_pool2d.S.o
Compiling .pio/build/sticky/managed_components/espressif__esp-dl/dl/base/isa/tie728/dl_tie728_s16_conv2d.S.o
Compiling .pio/build/sticky/managed_components/espressif__esp-dl/dl/base/isa/tie728/dl_tie728_s16_depthwise_conv2d_block.S.o
Compiling .pio/build/sticky/managed_components/espressif__esp-dl/dl/base/isa/tie728/dl_tie728_s16_equal.S.o
Compiling .pio/build/sticky/managed_components/espressif__esp-dl/dl/base/isa/tie728/dl_tie728_s16_greater.S.o
Compiling .pio/build/sticky/managed_components/espressif__esp-dl/dl/base/isa/tie728/dl_tie728_s16_greaterorequal.S.o
Compiling .pio/build/sticky/managed_components/espressif__esp-dl/dl/base/isa/tie728/dl_tie728_s16_less.S.o
Compiling .pio/build/sticky/managed_components/espressif__esp-dl/dl/base/isa/tie728/dl_tie728_s16_lessorequal.S.o
Compiling .pio/build/sticky/managed_components/espressif__esp-dl/dl/base/isa/tie728/dl_tie728_s16_matmul.S.o
Compiling .pio/build/sticky/managed_components/espressif__esp-dl/dl/base/isa/tie728/dl_tie728_s16_max2d.S.o
Compiling .pio/build/sticky/managed_components/espressif__esp-dl/dl/base/isa/tie728/dl_tie728_s16_max_pool2d.S.o
Compiling .pio/build/sticky/managed_components/espressif__esp-dl/dl/base/isa/tie728/dl_tie728_s16_min2d.S.o
Compiling .pio/build/sticky/managed_components/espressif__esp-dl/dl/base/isa/tie728/dl_tie728_s16_mul.S.o
Compiling .pio/build/sticky/managed_components/espressif__esp-dl/dl/base/isa/tie728/dl_tie728_s16_mul2d.S.o
Compiling .pio/build/sticky/managed_components/espressif__esp-dl/dl/base/isa/tie728/dl_tie728_s16_prelu.S.o
Compiling .pio/build/sticky/managed_components/espressif__esp-dl/dl/base/isa/tie728/dl_tie728_s16_relu.S.o
Compiling .pio/build/sticky/managed_components/espressif__esp-dl/dl/base/isa/tie728/dl_tie728_s16_requantize_linear.S.o
Compiling .pio/build/sticky/managed_components/espressif__esp-dl/dl/base/isa/tie728/dl_tie728_s16_sub.S.o
Compiling .pio/build/sticky/managed_components/espressif__esp-dl/dl/base/isa/tie728/dl_tie728_s16_sub2d.S.o
Compiling .pio/build/sticky/managed_components/espressif__esp-dl/dl/base/isa/tie728/dl_tie728_s16_transpose.S.o
Compiling .pio/build/sticky/managed_components/espressif__esp-dl/dl/base/isa/tie728/dl_tie728_s16_unaligned.S.o
Compiling .pio/build/sticky/managed_components/espressif__esp-dl/dl/base/isa/tie728/dl_tie728_s16_unaligned_conv2d.S.o
Compiling .pio/build/sticky/managed_components/espressif__esp-dl/dl/base/isa/tie728/dl_tie728_s16_unaligned_depthwise_conv2d.S.o
Compiling .pio/build/sticky/managed_components/espressif__esp-dl/dl/base/isa/tie728/dl_tie728_s16_unaligned_matmul.S.o
Compiling .pio/build/sticky/managed_components/espressif__esp-dl/dl/base/isa/tie728/dl_tie728_s8.S.o
Compiling .pio/build/sticky/managed_components/espressif__esp-dl/dl/base/isa/tie728/dl_tie728_s8_add.S.o
Compiling .pio/build/sticky/managed_components/espressif__esp-dl/dl/base/isa/tie728/dl_tie728_s8_add2d.S.o
Compiling .pio/build/sticky/managed_components/espressif__esp-dl/dl/base/isa/tie728/dl_tie728_s8_avg_pool2d.S.o
Compiling .pio/build/sticky/managed_components/espressif__esp-dl/dl/base/isa/tie728/dl_tie728_s8_conv2d.S.o
Compiling .pio/build/sticky/managed_components/espressif__esp-dl/dl/base/isa/tie728/dl_tie728_s8_depthwise_conv2d.S.o
Compiling .pio/build/sticky/managed_components/espressif__esp-dl/dl/base/isa/tie728/dl_tie728_s8_equal.S.o
Compiling .pio/build/sticky/managed_components/espressif__esp-dl/dl/base/isa/tie728/dl_tie728_s8_greater.S.o
Compiling .pio/build/sticky/managed_components/espressif__esp-dl/dl/base/isa/tie728/dl_tie728_s8_greaterorequal.S.o
Compiling .pio/build/sticky/managed_components/espressif__esp-dl/dl/base/isa/tie728/dl_tie728_s8_less.S.o
Compiling .pio/build/sticky/managed_components/espressif__esp-dl/dl/base/isa/tie728/dl_tie728_s8_lessorequal.S.o
Compiling .pio/build/sticky/managed_components/espressif__esp-dl/dl/base/isa/tie728/dl_tie728_s8_matmul.S.o
Compiling .pio/build/sticky/managed_components/espressif__esp-dl/dl/base/isa/tie728/dl_tie728_s8_max2d.S.o
Compiling .pio/build/sticky/managed_components/espressif__esp-dl/dl/base/isa/tie728/dl_tie728_s8_max_pool2d.S.o
Compiling .pio/build/sticky/managed_components/espressif__esp-dl/dl/base/isa/tie728/dl_tie728_s8_min2d.S.o
Compiling .pio/build/sticky/managed_components/espressif__esp-dl/dl/base/isa/tie728/dl_tie728_s8_mul.S.o
Compiling .pio/build/sticky/managed_components/espressif__esp-dl/dl/base/isa/tie728/dl_tie728_s8_mul2d.S.o
Compiling .pio/build/sticky/managed_components/espressif__esp-dl/dl/base/isa/tie728/dl_tie728_s8_prelu.S.o
Compiling .pio/build/sticky/managed_components/espressif__esp-dl/dl/base/isa/tie728/dl_tie728_s8_relu.S.o
Compiling .pio/build/sticky/managed_components/espressif__esp-dl/dl/base/isa/tie728/dl_tie728_s8_requantize_linear.S.o
Compiling .pio/build/sticky/managed_components/espressif__esp-dl/dl/base/isa/tie728/dl_tie728_s8_resize.S.o
Compiling .pio/build/sticky/managed_components/espressif__esp-dl/dl/base/isa/tie728/dl_tie728_s8_sub.S.o
Compiling .pio/build/sticky/managed_components/espressif__esp-dl/dl/base/isa/tie728/dl_tie728_s8_sub2d.S.o
Compiling .pio/build/sticky/managed_components/espressif__esp-dl/dl/base/isa/tie728/dl_tie728_s8_transpose.S.o
Compiling .pio/build/sticky/managed_components/espressif__esp-dl/dl/base/isa/tie728/dl_tie728_s8_unaligned_matmul.S.o
Compiling .pio/build/sticky/managed_components/espressif__esp-dl/dl/base/isa/tie728/dl_tie728_w8a16_conv2d.S.o
Compiling .pio/build/sticky/managed_components/espressif__esp-dl/dl/base/isa/tie728/dl_tie728_w8a16_unaligned_conv2d.S.o
Compiling .pio/build/sticky/managed_components/espressif__esp-dsp/modules/common/misc/dsps_pwroftwo.cpp.o
Compiling .pio/build/sticky/managed_components/espressif__esp-dsp/modules/common/misc/aes3_tie_log.c.o
Compiling .pio/build/sticky/managed_components/espressif__esp-dsp/modules/dotprod/float/dsps_dotprod_f32_ae32.S.o
Compiling .pio/build/sticky/managed_components/espressif__esp-dsp/modules/dotprod/float/dsps_dotprod_f32_m_ae32.S.o
Compiling .pio/build/sticky/managed_components/espressif__esp-dsp/modules/dotprod/float/dsps_dotprode_f32_ae32.S.o
Compiling .pio/build/sticky/managed_components/espressif__esp-dsp/modules/dotprod/float/dsps_dotprode_f32_m_ae32.S.o
Compiling .pio/build/sticky/managed_components/espressif__esp-dsp/modules/dotprod/float/dsps_dotprod_f32_ansi.c.o
Compiling .pio/build/sticky/managed_components/espressif__esp-dsp/modules/dotprod/float/dsps_dotprode_f32_ansi.c.o
Compiling .pio/build/sticky/managed_components/espressif__esp-dsp/modules/dotprod/float/dsps_dotprod_f32_aes3.S.o
Compiling .pio/build/sticky/managed_components/espressif__esp-dsp/modules/dotprod/float/dsps_dotprod_f32_arp4.S.o
Compiling .pio/build/sticky/managed_components/espressif__esp-dsp/modules/dotprod/float/dsps_dotprode_f32_arp4.S.o
Compiling .pio/build/sticky/managed_components/espressif__esp-dsp/modules/dotprod/fixed/dsps_dotprod_s16_ae32.S.o
Compiling .pio/build/sticky/managed_components/espressif__esp-dsp/modules/dotprod/fixed/dsps_dotprod_s16_m_ae32.S.o
Compiling .pio/build/sticky/managed_components/espressif__esp-dsp/modules/dotprod/fixed/dsps_dotprod_s16_ansi.c.o
Compiling .pio/build/sticky/managed_components/espressif__esp-dsp/modules/dotprod/fixed/dsps_dotprod_s16_arp4.S.o
Compiling .pio/build/sticky/managed_components/espressif__esp-dsp/modules/dotprod/float/dspi_dotprod_f32_ansi.c.o
Archiving .pio/build/sticky/esp-idf/espressif__esp-dl/libespressif__esp-dl.a
Compiling .pio/build/sticky/managed_components/espressif__esp-dsp/modules/dotprod/float/dspi_dotprod_off_f32_ansi.c.o
Compiling .pio/build/sticky/managed_components/espressif__esp-dsp/modules/dotprod/fixed/dspi_dotprod_s16_ansi.c.o
Compiling .pio/build/sticky/managed_components/espressif__esp-dsp/modules/dotprod/fixed/dspi_dotprod_u16_ansi.c.o
Compiling .pio/build/sticky/managed_components/espressif__esp-dsp/modules/dotprod/fixed/dspi_dotprod_s8_ansi.c.o
Compiling .pio/build/sticky/managed_components/espressif__esp-dsp/modules/dotprod/fixed/dspi_dotprod_u8_ansi.c.o
Compiling .pio/build/sticky/managed_components/espressif__esp-dsp/modules/dotprod/fixed/dspi_dotprod_off_s16_ansi.c.o
Compiling .pio/build/sticky/managed_components/espressif__esp-dsp/modules/dotprod/fixed/dspi_dotprod_off_u16_ansi.c.o
Indexing .pio/build/sticky/esp-idf/espressif__esp-dl/libespressif__esp-dl.a
Compiling .pio/build/sticky/managed_components/espressif__esp-dsp/modules/dotprod/fixed/dspi_dotprod_off_s8_ansi.c.o
Compiling .pio/build/sticky/managed_components/espressif__esp-dsp/modules/dotprod/fixed/dspi_dotprod_off_u8_ansi.c.o
Compiling .pio/build/sticky/managed_components/espressif__esp-dsp/modules/dotprod/fixed/dspi_dotprod_s16_aes3.S.o
Compiling .pio/build/sticky/managed_components/espressif__esp-dsp/modules/dotprod/fixed/dspi_dotprod_u16_aes3.S.o
Compiling .pio/build/sticky/managed_components/espressif__esp-dsp/modules/dotprod/fixed/dspi_dotprod_off_s16_aes3.S.o
Compiling .pio/build/sticky/managed_components/espressif__esp-dsp/modules/dotprod/fixed/dspi_dotprod_off_u16_aes3.S.o
Compiling .pio/build/sticky/managed_components/espressif__esp-dsp/modules/dotprod/fixed/dspi_dotprod_s8_aes3.S.o
Compiling .pio/build/sticky/managed_components/espressif__esp-dsp/modules/dotprod/fixed/dspi_dotprod_u8_aes3.S.o
Compiling .pio/build/sticky/managed_components/espressif__esp-dsp/modules/dotprod/fixed/dspi_dotprod_off_u8_aes3.S.o
Compiling .pio/build/sticky/managed_components/espressif__esp-dsp/modules/dotprod/fixed/dspi_dotprod_off_s8_aes3.S.o
Compiling .pio/build/sticky/managed_components/espressif__esp-dsp/modules/dotprod/fixed/dspi_dotprod_s16_arp4.S.o
Compiling .pio/build/sticky/managed_components/espressif__esp-dsp/modules/dotprod/fixed/dspi_dotprod_s8_arp4.S.o
Compiling .pio/build/sticky/managed_components/espressif__esp-dsp/modules/dotprod/fixed/dspi_dotprod_u16_arp4.S.o
Compiling .pio/build/sticky/managed_components/espressif__esp-dsp/modules/dotprod/fixed/dspi_dotprod_u8_arp4.S.o
Compiling .pio/build/sticky/managed_components/espressif__esp-dsp/modules/dotprod/fixed/dspi_dotprod_off_s16_arp4.S.o
Compiling .pio/build/sticky/managed_components/espressif__esp-dsp/modules/dotprod/fixed/dspi_dotprod_off_u16_arp4.S.o
Compiling .pio/build/sticky/managed_components/espressif__esp-dsp/modules/dotprod/fixed/dspi_dotprod_off_s8_arp4.S.o
Compiling .pio/build/sticky/managed_components/espressif__esp-dsp/modules/dotprod/fixed/dspi_dotprod_off_u8_arp4.S.o
Compiling .pio/build/sticky/managed_components/espressif__esp-dsp/modules/matrix/mul/float/dspm_mult_3x3x1_f32_ae32.S.o
Compiling .pio/build/sticky/managed_components/espressif__esp-dsp/modules/matrix/mul/float/dspm_mult_3x3x3_f32_ae32.S.o
Compiling .pio/build/sticky/managed_components/espressif__esp-dsp/modules/matrix/mul/float/dspm_mult_4x4x1_f32_ae32.S.o
Compiling .pio/build/sticky/managed_components/espressif__esp-dsp/modules/matrix/mul/float/dspm_mult_4x4x4_f32_ae32.S.o
Compiling .pio/build/sticky/managed_components/espressif__esp-dsp/modules/matrix/mul/float/dspm_mult_f32_ae32.S.o
Compiling .pio/build/sticky/managed_components/espressif__esp-dsp/modules/matrix/mul/float/dspm_mult_f32_aes3.S.o
Compiling .pio/build/sticky/managed_components/espressif__esp-dsp/modules/matrix/mul/float/dspm_mult_f32_ansi.c.o
Compiling .pio/build/sticky/managed_components/espressif__esp-dsp/modules/matrix/mul/float/dspm_mult_f32_arp4.S.o
Compiling .pio/build/sticky/managed_components/espressif__esp-dsp/modules/matrix/mul/float/dspm_mult_ex_f32_ansi.c.o
Compiling .pio/build/sticky/managed_components/espressif__esp-dsp/modules/matrix/mul/float/dspm_mult_ex_f32_ae32.S.o
Compiling .pio/build/sticky/managed_components/espressif__esp-dsp/modules/matrix/mul/float/dspm_mult_ex_f32_arp4.S.o
Compiling .pio/build/sticky/managed_components/espressif__esp-dsp/modules/matrix/mul/float/dspm_mult_ex_f32_aes3.S.o
Compiling .pio/build/sticky/managed_components/espressif__esp-dsp/modules/matrix/mul/fixed/dspm_mult_s16_ae32.S.o
Compiling .pio/build/sticky/managed_components/espressif__esp-dsp/modules/matrix/mul/fixed/dspm_mult_s16_m_ae32_vector.S.o
Compiling .pio/build/sticky/managed_components/espressif__esp-dsp/modules/matrix/mul/fixed/dspm_mult_s16_m_ae32.S.o
Compiling .pio/build/sticky/managed_components/espressif__esp-dsp/modules/matrix/mul/fixed/dspm_mult_s16_ansi.c.o
Compiling .pio/build/sticky/managed_components/espressif__esp-dsp/modules/matrix/mul/fixed/dspm_mult_s16_aes3.S.o
Compiling .pio/build/sticky/managed_components/espressif__esp-dsp/modules/matrix/mul/fixed/dspm_mult_s16_arp4.S.o
Compiling .pio/build/sticky/managed_components/espressif__esp-dsp/modules/matrix/add/float/dspm_add_f32_ansi.c.o
Compiling .pio/build/sticky/managed_components/espressif__esp-dsp/modules/matrix/add/float/dspm_add_f32_ae32.S.o
Compiling .pio/build/sticky/managed_components/espressif__esp-dsp/modules/matrix/addc/float/dspm_addc_f32_ansi.c.o
Compiling .pio/build/sticky/managed_components/espressif__esp-dsp/modules/matrix/addc/float/dspm_addc_f32_ae32.S.o
Compiling .pio/build/sticky/managed_components/espressif__esp-dsp/modules/matrix/mulc/float/dspm_mulc_f32_ansi.c.o
Compiling .pio/build/sticky/managed_components/espressif__esp-dsp/modules/matrix/mulc/float/dspm_mulc_f32_ae32.S.o
Compiling .pio/build/sticky/managed_components/espressif__esp-dsp/modules/matrix/sub/float/dspm_sub_f32_ansi.c.o
Compiling .pio/build/sticky/managed_components/espressif__esp-dsp/modules/matrix/sub/float/dspm_sub_f32_ae32.S.o
Compiling .pio/build/sticky/managed_components/espressif__esp-dsp/modules/matrix/mat/mat.cpp.o
Compiling .pio/build/sticky/managed_components/espressif__esp-dsp/modules/math/mulc/float/dsps_mulc_f32_ansi.c.o
Compiling .pio/build/sticky/managed_components/espressif__esp-dsp/modules/math/addc/float/dsps_addc_f32_ansi.c.o
Compiling .pio/build/sticky/managed_components/espressif__esp-dsp/modules/math/mulc/fixed/dsps_mulc_s16_ansi.c.o
Compiling .pio/build/sticky/managed_components/espressif__esp-dsp/modules/math/mulc/fixed/dsps_mulc_s16_ae32.S.o
Compiling .pio/build/sticky/managed_components/espressif__esp-dsp/modules/math/add/float/dsps_add_f32_ansi.c.o
Compiling .pio/build/sticky/managed_components/espressif__esp-dsp/modules/math/add/fixed/dsps_add_s16_ansi.c.o
Compiling .pio/build/sticky/managed_components/espressif__esp-dsp/modules/math/add/fixed/dsps_add_s16_ae32.S.o
Compiling .pio/build/sticky/managed_components/espressif__esp-dsp/modules/math/add/fixed/dsps_add_s16_aes3.S.o
Compiling .pio/build/sticky/managed_components/espressif__esp-dsp/modules/math/add/fixed/dsps_add_s8_ansi.c.o
Compiling .pio/build/sticky/managed_components/espressif__esp-dsp/modules/math/add/fixed/dsps_add_s8_aes3.S.o
Compiling .pio/build/sticky/managed_components/espressif__esp-dsp/modules/math/sub/float/dsps_sub_f32_ansi.c.o
Compiling .pio/build/sticky/managed_components/espressif__esp-dsp/modules/math/sub/fixed/dsps_sub_s16_ansi.c.o
Compiling .pio/build/sticky/managed_components/espressif__esp-dsp/modules/math/sub/fixed/dsps_sub_s16_ae32.S.o
Compiling .pio/build/sticky/managed_components/espressif__esp-dsp/modules/math/sub/fixed/dsps_sub_s16_aes3.S.o
Compiling .pio/build/sticky/managed_components/espressif__esp-dsp/modules/math/sub/fixed/dsps_sub_s8_ansi.c.o
Compiling .pio/build/sticky/managed_components/espressif__esp-dsp/modules/math/sub/fixed/dsps_sub_s8_aes3.S.o
Compiling .pio/build/sticky/managed_components/espressif__esp-dsp/modules/math/mul/float/dsps_mul_f32_ansi.c.o
Compiling .pio/build/sticky/managed_components/espressif__esp-dsp/modules/math/mul/fixed/dsps_mul_s16_ansi.c.o
Compiling .pio/build/sticky/managed_components/espressif__esp-dsp/modules/math/mul/fixed/dsps_mul_s16_ae32.S.o
Compiling .pio/build/sticky/managed_components/espressif__esp-dsp/modules/math/mul/fixed/dsps_mul_s16_aes3.S.o
Compiling .pio/build/sticky/managed_components/espressif__esp-dsp/modules/math/mul/fixed/dsps_mul_s8_ansi.c.o
Compiling .pio/build/sticky/managed_components/espressif__esp-dsp/modules/math/mul/fixed/dsps_mul_s8_aes3.S.o
Compiling .pio/build/sticky/managed_components/espressif__esp-dsp/modules/math/mulc/float/dsps_mulc_f32_ae32.S.o
Compiling .pio/build/sticky/managed_components/espressif__esp-dsp/modules/math/addc/float/dsps_addc_f32_ae32.S.o
Compiling .pio/build/sticky/managed_components/espressif__esp-dsp/modules/math/add/float/dsps_add_f32_ae32.S.o
Compiling .pio/build/sticky/managed_components/espressif__esp-dsp/modules/math/sub/float/dsps_sub_f32_ae32.S.o
Compiling .pio/build/sticky/managed_components/espressif__esp-dsp/modules/math/mul/float/dsps_mul_f32_ae32.S.o
Compiling .pio/build/sticky/managed_components/espressif__esp-dsp/modules/math/sqrt/float/dsps_sqrt_f32_ansi.c.o
Compiling .pio/build/sticky/managed_components/espressif__esp-dsp/modules/fft/float/dsps_fft2r_fc32_ae32_.S.o
Compiling .pio/build/sticky/managed_components/espressif__esp-dsp/modules/fft/float/dsps_fft2r_fc32_aes3_.S.o
Compiling .pio/build/sticky/managed_components/espressif__esp-dsp/modules/fft/float/dsps_fft2r_fc32_arp4.S.o
Compiling .pio/build/sticky/managed_components/espressif__esp-dsp/modules/fft/float/dsps_fft2r_fc32_ansi.c.o
Compiling .pio/build/sticky/managed_components/espressif__esp-dsp/modules/fft/float/dsps_fft2r_fc32_ae32.c.o
Compiling .pio/build/sticky/managed_components/espressif__esp-dsp/modules/fft/float/dsps_bit_rev_lookup_fc32_aes3.S.o
Compiling .pio/build/sticky/managed_components/espressif__esp-dsp/modules/fft/float/dsps_fft4r_fc32_ansi.c.o
Compiling .pio/build/sticky/managed_components/espressif__esp-dsp/modules/fft/float/dsps_fft4r_fc32_ae32.c.o
Compiling .pio/build/sticky/managed_components/espressif__esp-dsp/modules/fft/float/dsps_fft4r_fc32_ae32_.S.o
Compiling .pio/build/sticky/managed_components/espressif__esp-dsp/modules/fft/float/dsps_fft4r_fc32_aes3_.S.o
Compiling .pio/build/sticky/managed_components/espressif__esp-dsp/modules/fft/float/dsps_fft4r_fc32_arp4.S.o
Compiling .pio/build/sticky/managed_components/espressif__esp-dsp/modules/fft/float/dsps_fft2r_bitrev_tables_fc32.c.o
Compiling .pio/build/sticky/managed_components/espressif__esp-dsp/modules/fft/float/dsps_fft4r_bitrev_tables_fc32.c.o
Compiling .pio/build/sticky/managed_components/espressif__esp-dsp/modules/fft/fixed/dsps_fft2r_sc16_ae32.S.o
Compiling .pio/build/sticky/managed_components/espressif__esp-dsp/modules/fft/fixed/dsps_fft2r_sc16_ansi.c.o
Compiling .pio/build/sticky/managed_components/espressif__esp-dsp/modules/fft/fixed/dsps_fft2r_sc16_aes3.S.o
Compiling .pio/build/sticky/managed_components/espressif__esp-dsp/modules/fft/fixed/dsps_fft2r_sc16_arp4.S.o
Compiling .pio/build/sticky/managed_components/espressif__esp-dsp/modules/dct/float/dsps_dct_f32.c.o
Compiling .pio/build/sticky/managed_components/espressif__esp-dsp/modules/dct/float/dsps_dctiv_f32.c.o
Compiling .pio/build/sticky/managed_components/espressif__esp-dsp/modules/dct/float/dsps_dstiv_f32.c.o
Compiling .pio/build/sticky/managed_components/espressif__esp-dsp/modules/support/snr/float/dsps_snr_f32.cpp.o
Compiling .pio/build/sticky/managed_components/espressif__esp-dsp/modules/support/sfdr/float/dsps_sfdr_f32.cpp.o
Compiling .pio/build/sticky/managed_components/espressif__esp-dsp/modules/support/misc/dsps_d_gen.c.o
Compiling .pio/build/sticky/managed_components/espressif__esp-dsp/modules/support/misc/dsps_h_gen.c.o
Compiling .pio/build/sticky/managed_components/espressif__esp-dsp/modules/support/misc/dsps_tone_gen.c.o
Compiling .pio/build/sticky/managed_components/espressif__esp-dsp/modules/support/cplx_gen/dsps_cplx_gen.c.o
Compiling .pio/build/sticky/managed_components/espressif__esp-dsp/modules/support/cplx_gen/dsps_cplx_gen.S.o
Compiling .pio/build/sticky/managed_components/espressif__esp-dsp/modules/support/cplx_gen/dsps_cplx_gen_init.c.o
Compiling .pio/build/sticky/managed_components/espressif__esp-dsp/modules/support/mem/esp32s3/dsps_memset_aes3.S.o
Compiling .pio/build/sticky/managed_components/espressif__esp-dsp/modules/support/mem/esp32s3/dsps_memcpy_aes3.S.o
Compiling .pio/build/sticky/managed_components/espressif__esp-dsp/modules/support/view/dsps_view.cpp.o
Compiling .pio/build/sticky/managed_components/espressif__esp-dsp/modules/windows/hann/float/dsps_wind_hann_f32.c.o
Compiling .pio/build/sticky/managed_components/espressif__esp-dsp/modules/windows/blackman/float/dsps_wind_blackman_f32.c.o
Compiling .pio/build/sticky/managed_components/espressif__esp-dsp/modules/windows/blackman_harris/float/dsps_wind_blackman_harris_f32.c.o
Compiling .pio/build/sticky/managed_components/espressif__esp-dsp/modules/windows/blackman_nuttall/float/dsps_wind_blackman_nuttall_f32.c.o
Compiling .pio/build/sticky/managed_components/espressif__esp-dsp/modules/windows/nuttall/float/dsps_wind_nuttall_f32.c.o
Compiling .pio/build/sticky/managed_components/espressif__esp-dsp/modules/windows/flat_top/float/dsps_wind_flat_top_f32.c.o
Compiling .pio/build/sticky/managed_components/espressif__esp-dsp/modules/conv/float/dsps_conv_f32_ansi.c.o
Compiling .pio/build/sticky/managed_components/espressif__esp-dsp/modules/conv/float/dspi_conv_f32_ansi.c.o
Compiling .pio/build/sticky/managed_components/espressif__esp-dsp/modules/conv/float/dsps_conv_f32_ae32.S.o
Compiling .pio/build/sticky/managed_components/espressif__esp-dsp/modules/conv/float/dsps_corr_f32_ansi.c.o
Compiling .pio/build/sticky/managed_components/espressif__esp-dsp/modules/conv/float/dsps_corr_f32_ae32.S.o
Compiling .pio/build/sticky/managed_components/espressif__esp-dsp/modules/conv/float/dsps_ccorr_f32_ansi.c.o
Compiling .pio/build/sticky/managed_components/espressif__esp-dsp/modules/conv/float/dsps_ccorr_f32_ae32.S.o
Compiling .pio/build/sticky/managed_components/espressif__esp-dsp/modules/iir/biquad/dsps_biquad_f32_ae32.S.o
Compiling .pio/build/sticky/managed_components/espressif__esp-dsp/modules/iir/biquad/dsps_biquad_sf32_ae32.S.o
Compiling .pio/build/sticky/managed_components/espressif__esp-dsp/modules/iir/biquad/dsps_biquad_f32_aes3.S.o
Compiling .pio/build/sticky/managed_components/espressif__esp-dsp/modules/iir/biquad/dsps_biquad_f32_arp4.S.o
Compiling .pio/build/sticky/managed_components/espressif__esp-dsp/modules/iir/biquad/dsps_biquad_sf32_arp4.S.o
Compiling .pio/build/sticky/managed_components/espressif__esp-dsp/modules/iir/biquad/dsps_biquad_f32_ansi.c.o
Compiling .pio/build/sticky/managed_components/espressif__esp-dsp/modules/iir/biquad/dsps_biquad_sf32_ansi.c.o
Compiling .pio/build/sticky/managed_components/espressif__esp-dsp/modules/iir/biquad/dsps_biquad_gen_f32.c.o
Compiling .pio/build/sticky/managed_components/espressif__esp-dsp/modules/fir/float/dsps_fir_f32_ae32.S.o
Compiling .pio/build/sticky/managed_components/espressif__esp-dsp/modules/fir/float/dsps_fir_f32_aes3.S.o
Compiling .pio/build/sticky/managed_components/espressif__esp-dsp/modules/fir/float/dsps_fird_f32_ae32.S.o
Compiling .pio/build/sticky/managed_components/espressif__esp-dsp/modules/fir/float/dsps_fird_f32_aes3.S.o
Compiling .pio/build/sticky/managed_components/espressif__esp-dsp/modules/fir/float/dsps_fird_f32_arp4.S.o
Compiling .pio/build/sticky/managed_components/espressif__esp-dsp/modules/fir/float/dsps_fir_f32_ansi.c.o
Compiling .pio/build/sticky/managed_components/espressif__esp-dsp/modules/fir/float/dsps_fir_init_f32.c.o
Compiling .pio/build/sticky/managed_components/espressif__esp-dsp/modules/fir/float/dsps_fird_f32_ansi.c.o
Compiling .pio/build/sticky/managed_components/espressif__esp-dsp/modules/fir/float/dsps_fird_init_f32.c.o
Compiling .pio/build/sticky/managed_components/espressif__esp-dsp/modules/fir/fixed/dsps_fird_init_s16.c.o
Compiling .pio/build/sticky/managed_components/espressif__esp-dsp/modules/fir/fixed/dsps_fird_s16_ansi.c.o
Compiling .pio/build/sticky/managed_components/espressif__esp-dsp/modules/fir/fixed/dsps_fird_s16_ae32.S.o
Compiling .pio/build/sticky/managed_components/espressif__esp-dsp/modules/fir/fixed/dsps_fir_s16_m_ae32.S.o
Compiling .pio/build/sticky/managed_components/espressif__esp-dsp/modules/fir/fixed/dsps_fird_s16_aes3.S.o
Compiling .pio/build/sticky/managed_components/espressif__esp-dsp/modules/fir/fixed/dsps_fird_s16_arp4.S.o
Compiling .pio/build/sticky/managed_components/espressif__esp-dsp/modules/fir/float/dsps_firmr_init_f32.c.o
Compiling .pio/build/sticky/managed_components/espressif__esp-dsp/modules/fir/float/dsps_firmr_f32_ansi.c.o
Compiling .pio/build/sticky/managed_components/espressif__esp-dsp/modules/fir/fixed/dsps_firmr_init_s16.c.o
Compiling .pio/build/sticky/managed_components/espressif__esp-dsp/modules/fir/fixed/dsps_firmr_s16_ansi.c.o
Compiling .pio/build/sticky/managed_components/espressif__esp-dsp/modules/fir/resampler/dsps_resampler_mr.c.o
Compiling .pio/build/sticky/managed_components/espressif__esp-dsp/modules/fir/resampler/dsps_resampler_ph.c.o
Compiling .pio/build/sticky/managed_components/espressif__esp-dsp/modules/kalman/ekf/common/ekf.cpp.o
Compiling .pio/build/sticky/managed_components/espressif__esp-dsp/modules/kalman/ekf_imu13states/ekf_imu13states.cpp.o
Compiling .pio/build/sticky/managed_components/espressif__esp-modbus/freemodbus/common/esp_modbus_master.c.o
Compiling .pio/build/sticky/managed_components/espressif__esp-modbus/freemodbus/common/esp_modbus_slave.c.o
Compiling .pio/build/sticky/managed_components/espressif__esp-modbus/freemodbus/modbus/mb.c.o
Compiling .pio/build/sticky/managed_components/espressif__esp-modbus/freemodbus/modbus/mb_m.c.o
Compiling .pio/build/sticky/managed_components/espressif__esp-modbus/freemodbus/modbus/ascii/mbascii.c.o
Compiling .pio/build/sticky/managed_components/espressif__esp-modbus/freemodbus/modbus/ascii/mbascii_m.c.o
Compiling .pio/build/sticky/managed_components/espressif__esp-modbus/freemodbus/modbus/rtu/mbrtu_m.c.o
Compiling .pio/build/sticky/managed_components/espressif__esp-modbus/freemodbus/modbus/rtu/mbrtu.c.o
Compiling .pio/build/sticky/managed_components/espressif__esp-modbus/freemodbus/modbus/rtu/mbcrc.c.o
Compiling .pio/build/sticky/managed_components/espressif__esp-modbus/freemodbus/modbus/tcp/mbtcp.c.o
Compiling .pio/build/sticky/managed_components/espressif__esp-modbus/freemodbus/modbus/tcp/mbtcp_m.c.o
Compiling .pio/build/sticky/managed_components/espressif__esp-modbus/freemodbus/port/port.c.o
Compiling .pio/build/sticky/managed_components/espressif__esp-modbus/freemodbus/port/portevent.c.o
Compiling .pio/build/sticky/managed_components/espressif__esp-modbus/freemodbus/port/portevent_m.c.o
Compiling .pio/build/sticky/managed_components/espressif__esp-modbus/freemodbus/port/portother.c.o
Compiling .pio/build/sticky/managed_components/espressif__esp-modbus/freemodbus/port/portother_m.c.o
Compiling .pio/build/sticky/managed_components/espressif__esp-modbus/freemodbus/port/portserial.c.o
Compiling .pio/build/sticky/managed_components/espressif__esp-modbus/freemodbus/port/portserial_m.c.o
Compiling .pio/build/sticky/managed_components/espressif__esp-modbus/freemodbus/port/porttimer.c.o
Compiling .pio/build/sticky/managed_components/espressif__esp-modbus/freemodbus/port/porttimer_m.c.o
Compiling .pio/build/sticky/managed_components/espressif__esp-modbus/freemodbus/modbus/functions/mbfunccoils.c.o
Compiling .pio/build/sticky/managed_components/espressif__esp-modbus/freemodbus/modbus/functions/mbfunccoils_m.c.o
Compiling .pio/build/sticky/managed_components/espressif__esp-modbus/freemodbus/modbus/functions/mbfuncdiag.c.o
Compiling .pio/build/sticky/managed_components/espressif__esp-modbus/freemodbus/modbus/functions/mbfuncdisc.c.o
Compiling .pio/build/sticky/managed_components/espressif__esp-modbus/freemodbus/modbus/functions/mbfuncdisc_m.c.o
Archiving .pio/build/sticky/esp-idf/espressif__esp-dsp/libespressif__esp-dsp.a
Compiling .pio/build/sticky/managed_components/espressif__esp-modbus/freemodbus/modbus/functions/mbfuncholding.c.o
Indexing .pio/build/sticky/esp-idf/espressif__esp-dsp/libespressif__esp-dsp.a
Compiling .pio/build/sticky/managed_components/espressif__esp-modbus/freemodbus/modbus/functions/mbfuncholding_m.c.o
Compiling .pio/build/sticky/managed_components/espressif__esp-modbus/freemodbus/modbus/functions/mbfuncinput.c.o
Compiling .pio/build/sticky/managed_components/espressif__esp-modbus/freemodbus/modbus/functions/mbfuncinput_m.c.o
Compiling .pio/build/sticky/managed_components/espressif__esp-modbus/freemodbus/modbus/functions/mbfuncother.c.o
Compiling .pio/build/sticky/managed_components/espressif__esp-modbus/freemodbus/modbus/functions/mbutils.c.o
Compiling .pio/build/sticky/managed_components/espressif__esp-modbus/freemodbus/serial_slave/modbus_controller/mbc_serial_slave.c.o
Compiling .pio/build/sticky/managed_components/espressif__esp-modbus/freemodbus/serial_master/modbus_controller/mbc_serial_master.c.o
Compiling .pio/build/sticky/managed_components/espressif__esp-modbus/freemodbus/tcp_slave/port/port_tcp_slave.c.o
Compiling .pio/build/sticky/managed_components/espressif__esp-modbus/freemodbus/tcp_slave/modbus_controller/mbc_tcp_slave.c.o
Compiling .pio/build/sticky/managed_components/espressif__esp-modbus/freemodbus/tcp_master/modbus_controller/mbc_tcp_master.c.o
Compiling .pio/build/sticky/managed_components/espressif__esp-modbus/freemodbus/tcp_master/port/port_tcp_master.c.o
Compiling .pio/build/sticky/managed_components/espressif__esp-modbus/freemodbus/common/esp_modbus_master_tcp.c.o
Compiling .pio/build/sticky/managed_components/espressif__esp-modbus/freemodbus/common/esp_modbus_slave_tcp.c.o
Compiling .pio/build/sticky/managed_components/espressif__esp-modbus/freemodbus/common/esp_modbus_master_serial.c.o
Compiling .pio/build/sticky/managed_components/espressif__esp-modbus/freemodbus/common/esp_modbus_slave_serial.c.o
Compiling .pio/build/sticky/managed_components/espressif__esp-sr/src/model_path.c.o
Compiling .pio/build/sticky/managed_components/espressif__esp-sr/src/esp_sr_debug.c.o
Compiling .pio/build/sticky/managed_components/espressif__esp-sr/src/esp_mn_speech_commands.c.o
Compiling .pio/build/sticky/managed_components/espressif__esp-sr/src/esp_process_sdkconfig.c.o
Archiving .pio/build/sticky/esp-idf/espressif__esp-modbus/libespressif__esp-modbus.a
Indexing .pio/build/sticky/esp-idf/espressif__esp-modbus/libespressif__esp-modbus.a
Compiling .pio/build/sticky/managed_components/espressif__esp-zigbee-lib/src/compat/esp_log.c.o
Compiling .pio/build/sticky/managed_components/espressif__esp-zigbee-lib/src/radio_spinel/esp_zigbee_radio_spinel_uart.c.o
Compiling .pio/build/sticky/managed_components/espressif__esp_modem/src/esp_modem_primitives_freertos.cpp.o
Archiving .pio/build/sticky/esp-idf/espressif__esp-sr/libespressif__esp-sr.a
Indexing .pio/build/sticky/esp-idf/espressif__esp-sr/libespressif__esp-sr.a
Compiling .pio/build/sticky/managed_components/espressif__esp_modem/src/esp_modem_api_target.cpp.o
Compiling .pio/build/sticky/managed_components/espressif__esp_modem/src/esp_modem_uart.cpp.o
Archiving .pio/build/sticky/esp-idf/espressif__esp-zigbee-lib/libespressif__esp-zigbee-lib.a
Indexing .pio/build/sticky/esp-idf/espressif__esp-zigbee-lib/libespressif__esp-zigbee-lib.a
Compiling .pio/build/sticky/managed_components/espressif__esp_modem/src/esp_modem_term_uart.cpp.o
Compiling .pio/build/sticky/managed_components/espressif__esp_modem/src/esp_modem_netif.cpp.o
Compiling .pio/build/sticky/managed_components/espressif__esp_modem/src/esp_modem_dte.cpp.o
Compiling .pio/build/sticky/managed_components/espressif__esp_modem/src/esp_modem_dce.cpp.o
Compiling .pio/build/sticky/managed_components/espressif__esp_modem/src/esp_modem_api.cpp.o
Compiling .pio/build/sticky/managed_components/espressif__esp_modem/src/esp_modem_c_api.cpp.o
Compiling .pio/build/sticky/managed_components/espressif__esp_modem/src/esp_modem_factory.cpp.o
Compiling .pio/build/sticky/managed_components/espressif__esp_modem/src/esp_modem_cmux.cpp.o
Compiling .pio/build/sticky/managed_components/espressif__esp_modem/src/esp_modem_command_library.cpp.o
Compiling .pio/build/sticky/managed_components/espressif__esp_modem/src/esp_modem_term_fs.cpp.o
Compiling .pio/build/sticky/managed_components/espressif__esp_modem/src/esp_modem_vfs_uart_creator.cpp.o
Compiling .pio/build/sticky/managed_components/espressif__esp_modem/src/esp_modem_vfs_socket_creator.cpp.o
Compiling .pio/build/sticky/managed_components/espressif__esp_modem/command/src/esp_modem_modules.cpp.o
Compiling .pio/build/sticky/managed_components/espressif__fb_gfx/fb_gfx.c.o
Compiling .pio/build/sticky/managed_components/espressif__libsodium/libsodium/src/libsodium/crypto_aead/chacha20poly1305/aead_chacha20poly1305.c.o
Archiving .pio/build/sticky/esp-idf/espressif__fb_gfx/libespressif__fb_gfx.a
Indexing .pio/build/sticky/esp-idf/espressif__fb_gfx/libespressif__fb_gfx.a
Compiling .pio/build/sticky/managed_components/espressif__libsodium/libsodium/src/libsodium/crypto_aead/xchacha20poly1305/aead_xchacha20poly1305.c.o
Compiling .pio/build/sticky/managed_components/espressif__libsodium/libsodium/src/libsodium/crypto_aead/aegis256/aead_aegis256.c.o
Compiling .pio/build/sticky/managed_components/espressif__libsodium/libsodium/src/libsodium/crypto_aead/aegis256/aegis256_soft.c.o
Compiling .pio/build/sticky/managed_components/espressif__libsodium/libsodium/src/libsodium/crypto_aead/aegis128l/aead_aegis128l.c.o
Compiling .pio/build/sticky/managed_components/espressif__libsodium/libsodium/src/libsodium/crypto_aead/aegis128l/aegis128l_soft.c.o
Compiling .pio/build/sticky/managed_components/espressif__libsodium/libsodium/src/libsodium/crypto_auth/crypto_auth.c.o
Compiling .pio/build/sticky/managed_components/espressif__libsodium/libsodium/src/libsodium/crypto_auth/hmacsha256/auth_hmacsha256.c.o
Compiling .pio/build/sticky/managed_components/espressif__libsodium/libsodium/src/libsodium/crypto_auth/hmacsha512/auth_hmacsha512.c.o
Compiling .pio/build/sticky/managed_components/espressif__libsodium/libsodium/src/libsodium/crypto_auth/hmacsha512256/auth_hmacsha512256.c.o
Compiling .pio/build/sticky/managed_components/espressif__libsodium/libsodium/src/libsodium/crypto_box/crypto_box.c.o
Compiling .pio/build/sticky/managed_components/espressif__libsodium/libsodium/src/libsodium/crypto_box/crypto_box_easy.c.o
Compiling .pio/build/sticky/managed_components/espressif__libsodium/libsodium/src/libsodium/crypto_box/crypto_box_seal.c.o
Compiling .pio/build/sticky/managed_components/espressif__libsodium/libsodium/src/libsodium/crypto_box/curve25519xchacha20poly1305/box_curve25519xchacha20poly1305.c.o
Compiling .pio/build/sticky/managed_components/espressif__libsodium/libsodium/src/libsodium/crypto_box/curve25519xchacha20poly1305/box_seal_curve25519xchacha20poly1305.c.o
Compiling .pio/build/sticky/managed_components/espressif__libsodium/libsodium/src/libsodium/crypto_box/curve25519xsalsa20poly1305/box_curve25519xsalsa20poly1305.c.o
Compiling .pio/build/sticky/managed_components/espressif__libsodium/libsodium/src/libsodium/crypto_core/ed25519/core_ed25519.c.o
Compiling .pio/build/sticky/managed_components/espressif__libsodium/libsodium/src/libsodium/crypto_core/ed25519/core_ristretto255.c.o
Compiling .pio/build/sticky/managed_components/espressif__libsodium/libsodium/src/libsodium/crypto_core/ed25519/ref10/ed25519_ref10.c.o
Compiling .pio/build/sticky/managed_components/espressif__libsodium/libsodium/src/libsodium/crypto_core/hchacha20/core_hchacha20.c.o
Compiling .pio/build/sticky/managed_components/espressif__libsodium/libsodium/src/libsodium/crypto_core/hsalsa20/core_hsalsa20.c.o
Compiling .pio/build/sticky/managed_components/espressif__libsodium/libsodium/src/libsodium/crypto_core/hsalsa20/ref2/core_hsalsa20_ref2.c.o
Compiling .pio/build/sticky/managed_components/espressif__libsodium/libsodium/src/libsodium/crypto_core/keccak1600/keccak1600.c.o
Compiling .pio/build/sticky/managed_components/espressif__libsodium/libsodium/src/libsodium/crypto_core/keccak1600/ref/keccak1600_ref.c.o
Compiling .pio/build/sticky/managed_components/espressif__libsodium/libsodium/src/libsodium/crypto_core/salsa/ref/core_salsa_ref.c.o
Compiling .pio/build/sticky/managed_components/espressif__libsodium/libsodium/src/libsodium/crypto_core/softaes/softaes.c.o
Compiling .pio/build/sticky/managed_components/espressif__libsodium/libsodium/src/libsodium/crypto_generichash/blake2b/generichash_blake2.c.o
Compiling .pio/build/sticky/managed_components/espressif__libsodium/libsodium/src/libsodium/crypto_generichash/blake2b/ref/blake2b-compress-avx2.c.o
Compiling .pio/build/sticky/managed_components/espressif__libsodium/libsodium/src/libsodium/crypto_generichash/blake2b/ref/blake2b-compress-ref.c.o
Archiving .pio/build/sticky/esp-idf/espressif__esp_modem/libespressif__esp_modem.a
Indexing .pio/build/sticky/esp-idf/espressif__esp_modem/libespressif__esp_modem.a
Compiling .pio/build/sticky/managed_components/espressif__libsodium/libsodium/src/libsodium/crypto_generichash/blake2b/ref/blake2b-compress-ssse3.c.o
Compiling .pio/build/sticky/managed_components/espressif__libsodium/libsodium/src/libsodium/crypto_generichash/blake2b/ref/blake2b-ref.c.o
Compiling .pio/build/sticky/managed_components/espressif__libsodium/libsodium/src/libsodium/crypto_generichash/blake2b/ref/generichash_blake2b.c.o
Compiling .pio/build/sticky/managed_components/espressif__libsodium/libsodium/src/libsodium/crypto_generichash/crypto_generichash.c.o
Compiling .pio/build/sticky/managed_components/espressif__libsodium/libsodium/src/libsodium/crypto_ipcrypt/crypto_ipcrypt.c.o
Compiling .pio/build/sticky/managed_components/espressif__libsodium/libsodium/src/libsodium/crypto_ipcrypt/ipcrypt_soft.c.o
Compiling .pio/build/sticky/managed_components/espressif__libsodium/libsodium/src/libsodium/crypto_hash/crypto_hash.c.o
Compiling .pio/build/sticky/managed_components/espressif__libsodium/libsodium/src/libsodium/crypto_hash/sha256/hash_sha256.c.o
Compiling .pio/build/sticky/managed_components/espressif__libsodium/libsodium/src/libsodium/crypto_hash/sha512/hash_sha512.c.o
Compiling .pio/build/sticky/managed_components/espressif__libsodium/libsodium/src/libsodium/crypto_hash/sha3/hash_sha3.c.o
Compiling .pio/build/sticky/managed_components/espressif__libsodium/libsodium/src/libsodium/crypto_kdf/blake2b/kdf_blake2b.c.o
Compiling .pio/build/sticky/managed_components/espressif__libsodium/libsodium/src/libsodium/crypto_kdf/crypto_kdf.c.o
Compiling .pio/build/sticky/managed_components/espressif__libsodium/libsodium/src/libsodium/crypto_kdf/hkdf/kdf_hkdf_sha256.c.o
Compiling .pio/build/sticky/managed_components/espressif__libsodium/libsodium/src/libsodium/crypto_kdf/hkdf/kdf_hkdf_sha512.c.o
Compiling .pio/build/sticky/managed_components/espressif__libsodium/libsodium/src/libsodium/crypto_kem/crypto_kem.c.o
Compiling .pio/build/sticky/managed_components/espressif__libsodium/libsodium/src/libsodium/crypto_kem/mlkem768/kem_mlkem768.c.o
Compiling .pio/build/sticky/managed_components/espressif__libsodium/libsodium/src/libsodium/crypto_kem/mlkem768/ref/kem_mlkem768_ref.c.o
Compiling .pio/build/sticky/managed_components/espressif__libsodium/libsodium/src/libsodium/crypto_kem/xwing/kem_xwing.c.o
Compiling .pio/build/sticky/managed_components/espressif__libsodium/libsodium/src/libsodium/crypto_kx/crypto_kx.c.o
Compiling .pio/build/sticky/managed_components/espressif__libsodium/libsodium/src/libsodium/crypto_onetimeauth/crypto_onetimeauth.c.o
Compiling .pio/build/sticky/managed_components/espressif__libsodium/libsodium/src/libsodium/crypto_onetimeauth/poly1305/donna/poly1305_donna.c.o
Compiling .pio/build/sticky/managed_components/espressif__libsodium/libsodium/src/libsodium/crypto_onetimeauth/poly1305/onetimeauth_poly1305.c.o
Compiling .pio/build/sticky/managed_components/espressif__libsodium/libsodium/src/libsodium/crypto_pwhash/argon2/argon2-core.c.o
Compiling .pio/build/sticky/managed_components/espressif__libsodium/libsodium/src/libsodium/crypto_pwhash/argon2/argon2-encoding.c.o
Compiling .pio/build/sticky/managed_components/espressif__libsodium/libsodium/src/libsodium/crypto_pwhash/argon2/argon2-fill-block-avx2.c.o
Compiling .pio/build/sticky/managed_components/espressif__libsodium/libsodium/src/libsodium/crypto_pwhash/argon2/argon2-fill-block-avx512f.c.o
Compiling .pio/build/sticky/managed_components/espressif__libsodium/libsodium/src/libsodium/crypto_pwhash/argon2/argon2-fill-block-ref.c.o
Compiling .pio/build/sticky/managed_components/espressif__libsodium/libsodium/src/libsodium/crypto_pwhash/argon2/argon2-fill-block-ssse3.c.o
Compiling .pio/build/sticky/managed_components/espressif__libsodium/libsodium/src/libsodium/crypto_pwhash/argon2/argon2.c.o
Compiling .pio/build/sticky/managed_components/espressif__libsodium/libsodium/src/libsodium/crypto_pwhash/argon2/blake2b-long.c.o
Compiling .pio/build/sticky/managed_components/espressif__libsodium/libsodium/src/libsodium/crypto_pwhash/argon2/pwhash_argon2i.c.o
Compiling .pio/build/sticky/managed_components/espressif__libsodium/libsodium/src/libsodium/crypto_pwhash/argon2/pwhash_argon2id.c.o
Compiling .pio/build/sticky/managed_components/espressif__libsodium/libsodium/src/libsodium/crypto_pwhash/crypto_pwhash.c.o
Compiling .pio/build/sticky/managed_components/espressif__libsodium/libsodium/src/libsodium/crypto_pwhash/scryptsalsa208sha256/crypto_scrypt-common.c.o
Compiling .pio/build/sticky/managed_components/espressif__libsodium/libsodium/src/libsodium/crypto_pwhash/scryptsalsa208sha256/nosse/pwhash_scryptsalsa208sha256_nosse.c.o
Compiling .pio/build/sticky/managed_components/espressif__libsodium/libsodium/src/libsodium/crypto_pwhash/scryptsalsa208sha256/pbkdf2-sha256.c.o
Compiling .pio/build/sticky/managed_components/espressif__libsodium/libsodium/src/libsodium/crypto_pwhash/scryptsalsa208sha256/pwhash_scryptsalsa208sha256.c.o
Compiling .pio/build/sticky/managed_components/espressif__libsodium/libsodium/src/libsodium/crypto_pwhash/scryptsalsa208sha256/scrypt_platform.c.o
Compiling .pio/build/sticky/managed_components/espressif__libsodium/libsodium/src/libsodium/crypto_scalarmult/crypto_scalarmult.c.o
Compiling .pio/build/sticky/managed_components/espressif__libsodium/libsodium/src/libsodium/crypto_scalarmult/curve25519/ref10/x25519_ref10.c.o
Compiling .pio/build/sticky/managed_components/espressif__libsodium/libsodium/src/libsodium/crypto_scalarmult/curve25519/sandy2x/consts.S.o
Compiling .pio/build/sticky/managed_components/espressif__libsodium/libsodium/src/libsodium/crypto_scalarmult/curve25519/sandy2x/curve25519_sandy2x.c.o
Compiling .pio/build/sticky/managed_components/espressif__libsodium/libsodium/src/libsodium/crypto_scalarmult/curve25519/sandy2x/fe51_invert.c.o
Compiling .pio/build/sticky/managed_components/espressif__libsodium/libsodium/src/libsodium/crypto_scalarmult/curve25519/sandy2x/fe51_mul.S.o
Compiling .pio/build/sticky/managed_components/espressif__libsodium/libsodium/src/libsodium/crypto_scalarmult/curve25519/sandy2x/fe51_nsquare.S.o
Compiling .pio/build/sticky/managed_components/espressif__libsodium/libsodium/src/libsodium/crypto_scalarmult/curve25519/sandy2x/fe51_pack.S.o
Compiling .pio/build/sticky/managed_components/espressif__libsodium/libsodium/src/libsodium/crypto_scalarmult/curve25519/sandy2x/fe_frombytes_sandy2x.c.o
Compiling .pio/build/sticky/managed_components/espressif__libsodium/libsodium/src/libsodium/crypto_scalarmult/curve25519/sandy2x/ladder.S.o
Compiling .pio/build/sticky/managed_components/espressif__libsodium/libsodium/src/libsodium/crypto_scalarmult/curve25519/sandy2x/sandy2x.S.o
Compiling .pio/build/sticky/managed_components/espressif__libsodium/libsodium/src/libsodium/crypto_scalarmult/curve25519/scalarmult_curve25519.c.o
Compiling .pio/build/sticky/managed_components/espressif__libsodium/libsodium/src/libsodium/crypto_scalarmult/ed25519/ref10/scalarmult_ed25519_ref10.c.o
Compiling .pio/build/sticky/managed_components/espressif__libsodium/libsodium/src/libsodium/crypto_scalarmult/ristretto255/ref10/scalarmult_ristretto255_ref10.c.o
Compiling .pio/build/sticky/managed_components/espressif__libsodium/libsodium/src/libsodium/crypto_secretbox/crypto_secretbox.c.o
Compiling .pio/build/sticky/managed_components/espressif__libsodium/libsodium/src/libsodium/crypto_secretbox/crypto_secretbox_easy.c.o
Compiling .pio/build/sticky/managed_components/espressif__libsodium/libsodium/src/libsodium/crypto_secretbox/xchacha20poly1305/secretbox_xchacha20poly1305.c.o
Compiling .pio/build/sticky/managed_components/espressif__libsodium/libsodium/src/libsodium/crypto_secretbox/xsalsa20poly1305/secretbox_xsalsa20poly1305.c.o
Compiling .pio/build/sticky/managed_components/espressif__libsodium/libsodium/src/libsodium/crypto_secretstream/xchacha20poly1305/secretstream_xchacha20poly1305.c.o
Compiling .pio/build/sticky/managed_components/espressif__libsodium/libsodium/src/libsodium/crypto_shorthash/crypto_shorthash.c.o
Compiling .pio/build/sticky/managed_components/espressif__libsodium/libsodium/src/libsodium/crypto_shorthash/siphash24/ref/shorthash_siphash24_ref.c.o
Compiling .pio/build/sticky/managed_components/espressif__libsodium/libsodium/src/libsodium/crypto_shorthash/siphash24/ref/shorthash_siphashx24_ref.c.o
Compiling .pio/build/sticky/managed_components/espressif__libsodium/libsodium/src/libsodium/crypto_shorthash/siphash24/shorthash_siphash24.c.o
Compiling .pio/build/sticky/managed_components/espressif__libsodium/libsodium/src/libsodium/crypto_shorthash/siphash24/shorthash_siphashx24.c.o
Compiling .pio/build/sticky/managed_components/espressif__libsodium/libsodium/src/libsodium/crypto_sign/crypto_sign.c.o
Compiling .pio/build/sticky/managed_components/espressif__libsodium/libsodium/src/libsodium/crypto_sign/ed25519/ref10/keypair.c.o
Compiling .pio/build/sticky/managed_components/espressif__libsodium/libsodium/src/libsodium/crypto_sign/ed25519/ref10/obsolete.c.o
Compiling .pio/build/sticky/managed_components/espressif__libsodium/libsodium/src/libsodium/crypto_sign/ed25519/ref10/open.c.o
Compiling .pio/build/sticky/managed_components/espressif__libsodium/libsodium/src/libsodium/crypto_sign/ed25519/ref10/sign.c.o
Compiling .pio/build/sticky/managed_components/espressif__libsodium/libsodium/src/libsodium/crypto_sign/ed25519/sign_ed25519.c.o
Compiling .pio/build/sticky/managed_components/espressif__libsodium/libsodium/src/libsodium/crypto_stream/chacha20/dolbeau/chacha20_dolbeau-avx2.c.o
Compiling .pio/build/sticky/managed_components/espressif__libsodium/libsodium/src/libsodium/crypto_stream/chacha20/dolbeau/chacha20_dolbeau-ssse3.c.o
Compiling .pio/build/sticky/managed_components/espressif__libsodium/libsodium/src/libsodium/crypto_stream/chacha20/ref/chacha20_ref.c.o
Compiling .pio/build/sticky/managed_components/espressif__libsodium/libsodium/src/libsodium/crypto_stream/chacha20/stream_chacha20.c.o
Compiling .pio/build/sticky/managed_components/espressif__libsodium/libsodium/src/libsodium/crypto_stream/crypto_stream.c.o
Compiling .pio/build/sticky/managed_components/espressif__libsodium/libsodium/src/libsodium/crypto_stream/salsa20/ref/salsa20_ref.c.o
Compiling .pio/build/sticky/managed_components/espressif__libsodium/libsodium/src/libsodium/crypto_stream/salsa20/stream_salsa20.c.o
Compiling .pio/build/sticky/managed_components/espressif__libsodium/libsodium/src/libsodium/crypto_stream/salsa20/xmm6/salsa20_xmm6-asm.S.o
Compiling .pio/build/sticky/managed_components/espressif__libsodium/libsodium/src/libsodium/crypto_stream/salsa20/xmm6/salsa20_xmm6.c.o
Compiling .pio/build/sticky/managed_components/espressif__libsodium/libsodium/src/libsodium/crypto_stream/salsa20/xmm6int/salsa20_xmm6int-avx2.c.o
Compiling .pio/build/sticky/managed_components/espressif__libsodium/libsodium/src/libsodium/crypto_stream/salsa20/xmm6int/salsa20_xmm6int-sse2.c.o
Compiling .pio/build/sticky/managed_components/espressif__libsodium/libsodium/src/libsodium/crypto_stream/salsa2012/ref/stream_salsa2012_ref.c.o
Compiling .pio/build/sticky/managed_components/espressif__libsodium/libsodium/src/libsodium/crypto_stream/salsa2012/stream_salsa2012.c.o
Compiling .pio/build/sticky/managed_components/espressif__libsodium/libsodium/src/libsodium/crypto_stream/salsa208/ref/stream_salsa208_ref.c.o
Compiling .pio/build/sticky/managed_components/espressif__libsodium/libsodium/src/libsodium/crypto_stream/salsa208/stream_salsa208.c.o
Compiling .pio/build/sticky/managed_components/espressif__libsodium/libsodium/src/libsodium/crypto_stream/xchacha20/stream_xchacha20.c.o
Compiling .pio/build/sticky/managed_components/espressif__libsodium/libsodium/src/libsodium/crypto_stream/xsalsa20/stream_xsalsa20.c.o
Compiling .pio/build/sticky/managed_components/espressif__libsodium/libsodium/src/libsodium/crypto_verify/verify.c.o
Compiling .pio/build/sticky/managed_components/espressif__libsodium/libsodium/src/libsodium/crypto_xof/shake128/xof_shake128.c.o
Compiling .pio/build/sticky/managed_components/espressif__libsodium/libsodium/src/libsodium/crypto_xof/shake128/ref/shake128_ref.c.o
Compiling .pio/build/sticky/managed_components/espressif__libsodium/libsodium/src/libsodium/crypto_xof/shake256/xof_shake256.c.o
Compiling .pio/build/sticky/managed_components/espressif__libsodium/libsodium/src/libsodium/crypto_xof/shake256/ref/shake256_ref.c.o
Compiling .pio/build/sticky/managed_components/espressif__libsodium/libsodium/src/libsodium/crypto_xof/turboshake128/xof_turboshake128.c.o
Compiling .pio/build/sticky/managed_components/espressif__libsodium/libsodium/src/libsodium/crypto_xof/turboshake128/ref/turboshake128_ref.c.o
Compiling .pio/build/sticky/managed_components/espressif__libsodium/libsodium/src/libsodium/crypto_xof/turboshake256/xof_turboshake256.c.o
Compiling .pio/build/sticky/managed_components/espressif__libsodium/libsodium/src/libsodium/crypto_xof/turboshake256/ref/turboshake256_ref.c.o
Compiling .pio/build/sticky/managed_components/espressif__libsodium/libsodium/src/libsodium/randombytes/randombytes.c.o
Compiling .pio/build/sticky/managed_components/espressif__libsodium/libsodium/src/libsodium/sodium/codecs.c.o
Compiling .pio/build/sticky/managed_components/espressif__libsodium/libsodium/src/libsodium/sodium/core.c.o
Compiling .pio/build/sticky/managed_components/espressif__libsodium/libsodium/src/libsodium/sodium/runtime.c.o
Compiling .pio/build/sticky/managed_components/espressif__libsodium/libsodium/src/libsodium/sodium/utils.c.o
Compiling .pio/build/sticky/managed_components/espressif__libsodium/libsodium/src/libsodium/sodium/version.c.o
Compiling .pio/build/sticky/managed_components/espressif__libsodium/port/randombytes_esp32.c.o
Compiling .pio/build/sticky/managed_components/espressif__libsodium/port/crypto_hash_mbedtls/crypto_hash_sha256_mbedtls.c.o
Compiling .pio/build/sticky/managed_components/espressif__libsodium/port/crypto_hash_mbedtls/crypto_hash_sha512_mbedtls.c.o
Compiling .pio/build/sticky/managed_components/espressif__mdns/mdns_responder.c.o
Compiling .pio/build/sticky/managed_components/espressif__mdns/mdns_receive.c.o
Compiling .pio/build/sticky/managed_components/espressif__mdns/mdns_utils.c.o
Archiving .pio/build/sticky/esp-idf/espressif__libsodium/libespressif__libsodium.a
Indexing .pio/build/sticky/esp-idf/espressif__libsodium/libespressif__libsodium.a
Compiling .pio/build/sticky/managed_components/espressif__mdns/mdns_debug.c.o
Compiling .pio/build/sticky/managed_components/espressif__mdns/mdns_send.c.o
Compiling .pio/build/sticky/managed_components/espressif__mdns/mdns_netif.c.o
Compiling .pio/build/sticky/managed_components/espressif__mdns/mdns_querier.c.o
Compiling .pio/build/sticky/managed_components/espressif__mdns/mdns_pcb.c.o
Compiling .pio/build/sticky/managed_components/espressif__mdns/mdns_service.c.o
Compiling .pio/build/sticky/managed_components/espressif__mdns/mdns_browser.c.o
Compiling .pio/build/sticky/managed_components/espressif__mdns/mdns_mem_caps.c.o
Compiling .pio/build/sticky/managed_components/espressif__mdns/mdns_networking_lwip.c.o
Compiling .pio/build/sticky/managed_components/espressif__mdns/mdns_console.c.o
Compiling .pio/build/sticky/managed_components/espressif__network_provisioning/src/network_config.c.o
Compiling .pio/build/sticky/managed_components/espressif__network_provisioning/src/network_scan.c.o
Compiling .pio/build/sticky/managed_components/espressif__network_provisioning/src/network_ctrl.c.o
Compiling .pio/build/sticky/managed_components/espressif__network_provisioning/src/manager.c.o
Compiling .pio/build/sticky/managed_components/espressif__network_provisioning/src/handlers.c.o
Compiling .pio/build/sticky/managed_components/espressif__network_provisioning/src/scheme_console.c.o
Archiving .pio/build/sticky/esp-idf/espressif__mdns/libespressif__mdns.a
Indexing .pio/build/sticky/esp-idf/espressif__mdns/libespressif__mdns.a
Compiling .pio/build/sticky/managed_components/espressif__network_provisioning/proto-c/network_config.pb-c.c.o
Compiling .pio/build/sticky/managed_components/espressif__network_provisioning/proto-c/network_scan.pb-c.c.o
Compiling .pio/build/sticky/managed_components/espressif__network_provisioning/proto-c/network_ctrl.pb-c.c.o
Compiling .pio/build/sticky/managed_components/espressif__network_provisioning/proto-c/network_constants.pb-c.c.o
Compiling .pio/build/sticky/managed_components/espressif__network_provisioning/src/scheme_softap.c.o
Compiling .pio/build/sticky/managed_components/espressif__network_provisioning/src/scheme_ble.c.o
Compiling .pio/build/sticky/managed_components/espressif__qrcode/esp_qrcode_main.c.o
Compiling .pio/build/sticky/managed_components/espressif__qrcode/esp_qrcode_wrapper.c.o
Compiling .pio/build/sticky/managed_components/espressif__qrcode/qrcodegen.c.o
Compiling .pio/build/sticky/managed_components/espressif__rmaker_common/src/work_queue.c.o
Compiling .pio/build/sticky/managed_components/espressif__rmaker_common/src/factory.c.o
Archiving .pio/build/sticky/esp-idf/espressif__network_provisioning/libespressif__network_provisioning.a
Indexing .pio/build/sticky/esp-idf/espressif__network_provisioning/libespressif__network_provisioning.a
Compiling .pio/build/sticky/managed_components/espressif__rmaker_common/src/time.c.o
Compiling .pio/build/sticky/managed_components/espressif__rmaker_common/src/timezone.c.o
Compiling .pio/build/sticky/managed_components/espressif__rmaker_common/src/utils.c.o
Compiling .pio/build/sticky/managed_components/espressif__rmaker_common/src/cmd_resp.c.o
Compiling .pio/build/sticky/managed_components/espressif__rmaker_common/src/console/rmaker_common_cmds.c.o
Compiling .pio/build/sticky/managed_components/espressif__rmaker_common/src/console/rmaker_console.c.o
Compiling .pio/build/sticky/managed_components/espressif__rmaker_common/src/esp-mqtt/esp-mqtt-glue.c.o
Compiling .pio/build/sticky/managed_components/espressif__rmaker_common/src/create_APN3_PPI_string.c.o
Archiving .pio/build/sticky/esp-idf/espressif__qrcode/libespressif__qrcode.a
Indexing .pio/build/sticky/esp-idf/espressif__qrcode/libespressif__qrcode.a
Compiling .pio/build/sticky/fatfs/diskio/diskio.c.o
Compiling .pio/build/sticky/fatfs/diskio/diskio_rawflash.c.o
Compiling .pio/build/sticky/fatfs/diskio/diskio_wl.c.o
Compiling .pio/build/sticky/fatfs/src/ff.c.o
Compiling .pio/build/sticky/fatfs/src/ffunicode.c.o
Archiving .pio/build/sticky/esp-idf/espressif__rmaker_common/libespressif__rmaker_common.a
Indexing .pio/build/sticky/esp-idf/espressif__rmaker_common/libespressif__rmaker_common.a
Compiling .pio/build/sticky/fatfs/port/freertos/ffsystem.c.o
Compiling .pio/build/sticky/fatfs/diskio/diskio_sdmmc.c.o
Compiling .pio/build/sticky/fatfs/vfs/vfs_fat.c.o
Compiling .pio/build/sticky/fatfs/vfs/vfs_fat_sdmmc.c.o
Compiling .pio/build/sticky/fatfs/vfs/vfs_fat_spiflash.c.o
Compiling .pio/build/sticky/base64.cpp.o
Compiling .pio/build/sticky/cbuf.cpp.o
Compiling .pio/build/sticky/ColorFormat.c.o
Compiling .pio/build/sticky/chip-debug-report.cpp.o
Compiling .pio/build/sticky/esp32-hal-adc.c.o
Compiling .pio/build/sticky/esp32-hal-bt.c.o
Archiving .pio/build/sticky/esp-idf/fatfs/libfatfs.a
Indexing .pio/build/sticky/esp-idf/fatfs/libfatfs.a
Compiling .pio/build/sticky/esp32-hal-cpu.c.o
Compiling .pio/build/sticky/esp32-hal-dac.c.o
Compiling .pio/build/sticky/esp32-hal-gpio.c.o
Compiling .pio/build/sticky/esp32-hal-hosted.c.o
Compiling .pio/build/sticky/esp32-hal-i2c.c.o
Compiling .pio/build/sticky/esp32-hal-i2c-ng.c.o
Compiling .pio/build/sticky/esp32-hal-i2c-slave.c.o
Compiling .pio/build/sticky/esp32-hal-ledc.c.o
Compiling .pio/build/sticky/esp32-hal-log-wrapper.c.o
Compiling .pio/build/sticky/esp32-hal-matrix.c.o
Compiling .pio/build/sticky/esp32-hal-misc.c.o
Compiling .pio/build/sticky/esp32-hal-periman.c.o
Compiling .pio/build/sticky/esp32-hal-psram.c.o
Compiling .pio/build/sticky/esp32-hal-rgb-led.c.o
Compiling .pio/build/sticky/esp32-hal-sigmadelta.c.o
Compiling .pio/build/sticky/esp32-hal-spi.c.o
Compiling .pio/build/sticky/esp32-hal-time.c.o
Compiling .pio/build/sticky/esp32-hal-timer.c.o
Compiling .pio/build/sticky/esp32-hal-tinyusb.c.o
Compiling .pio/build/sticky/esp32-hal-touch.c.o
Compiling .pio/build/sticky/esp32-hal-touch-ng.c.o
Compiling .pio/build/sticky/esp32-hal-uart.c.o
Compiling .pio/build/sticky/esp32-hal-rmt.c.o
Compiling .pio/build/sticky/Esp.cpp.o
Compiling .pio/build/sticky/freertos_stats.cpp.o
Compiling .pio/build/sticky/FunctionalInterrupt.cpp.o
Compiling .pio/build/sticky/HardwareSerial.cpp.o
Compiling .pio/build/sticky/HashBuilder.cpp.o
Compiling .pio/build/sticky/HEXBuilder.cpp.o
Compiling .pio/build/sticky/idf_openthread_mpool_wrapper.c.o
Compiling .pio/build/sticky/IPAddress.cpp.o
Compiling .pio/build/sticky/cdecode.c.o
Compiling .pio/build/sticky/cencode.c.o
Compiling .pio/build/sticky/MacAddress.cpp.o
Compiling .pio/build/sticky/main.cpp.o
Compiling .pio/build/sticky/MD5Builder.cpp.o
Compiling .pio/build/sticky/Print.cpp.o
Compiling .pio/build/sticky/stdlib_noniso.c.o
Compiling .pio/build/sticky/Stream.cpp.o
Compiling .pio/build/sticky/StreamString.cpp.o
Compiling .pio/build/sticky/Tone.cpp.o
Compiling .pio/build/sticky/HWCDC.cpp.o
Compiling .pio/build/sticky/USB.cpp.o
Compiling .pio/build/sticky/USBCDC.cpp.o
Compiling .pio/build/sticky/USBMSC.cpp.o
Compiling .pio/build/sticky/FirmwareMSC.cpp.o
Compiling .pio/build/sticky/firmware_msc_fat.c.o
Compiling .pio/build/sticky/wiring_pulse.c.o
Compiling .pio/build/sticky/wiring_shift.c.o
Compiling .pio/build/sticky/WMath.cpp.o
Compiling .pio/build/sticky/WString.cpp.o
Compiling .pio/build/sticky/ArduinoOTA.cpp.o
Compiling .pio/build/sticky/AsyncUDP.cpp.o
Compiling .pio/build/sticky/BLE2901.cpp.o
Compiling .pio/build/sticky/BLE2902.cpp.o
Compiling .pio/build/sticky/BLE2904.cpp.o
Compiling .pio/build/sticky/BLEAddress.cpp.o
Compiling .pio/build/sticky/BLEAdvertisedDevice.cpp.o
Compiling .pio/build/sticky/BLEAdvertising.cpp.o
Compiling .pio/build/sticky/BLEBeacon.cpp.o
Compiling .pio/build/sticky/BLECharacteristic.cpp.o
Compiling .pio/build/sticky/BLECharacteristicMap.cpp.o
Compiling .pio/build/sticky/BLEClient.cpp.o
Compiling .pio/build/sticky/BLEDescriptor.cpp.o
Compiling .pio/build/sticky/BLEDescriptorMap.cpp.o
Compiling .pio/build/sticky/BLEDevice.cpp.o
Compiling .pio/build/sticky/BLEEddystoneTLM.cpp.o
Compiling .pio/build/sticky/BLEEddystoneURL.cpp.o
Compiling .pio/build/sticky/BLEExceptions.cpp.o
Compiling .pio/build/sticky/BLEHIDDevice.cpp.o
Compiling .pio/build/sticky/BLERemoteCharacteristic.cpp.o
Compiling .pio/build/sticky/BLERemoteDescriptor.cpp.o
Compiling .pio/build/sticky/BLERemoteService.cpp.o
Compiling .pio/build/sticky/BLEScan.cpp.o
Compiling .pio/build/sticky/BLESecurity.cpp.o
Compiling .pio/build/sticky/BLEServer.cpp.o
Compiling .pio/build/sticky/BLEService.cpp.o
Compiling .pio/build/sticky/BLEServiceMap.cpp.o
Compiling .pio/build/sticky/BLEUtils.cpp.o
Compiling .pio/build/sticky/BLEUUID.cpp.o
Compiling .pio/build/sticky/BLEValue.cpp.o
Compiling .pio/build/sticky/FreeRTOS.cpp.o
Compiling .pio/build/sticky/GeneralUtils.cpp.o
Compiling .pio/build/sticky/BluetoothSerial.cpp.o
Compiling .pio/build/sticky/BTAddress.cpp.o
Compiling .pio/build/sticky/BTAdvertisedDeviceSet.cpp.o
Compiling .pio/build/sticky/BTScanResultsSet.cpp.o
Compiling .pio/build/sticky/DNSServer.cpp.o
Compiling .pio/build/sticky/EEPROM.cpp.o
Compiling .pio/build/sticky/ESPmDNS.cpp.o
Compiling .pio/build/sticky/ETH.cpp.o
Compiling .pio/build/sticky/FFat.cpp.o
Compiling .pio/build/sticky/FS.cpp.o
Compiling .pio/build/sticky/vfs_api.cpp.o
Compiling .pio/build/sticky/SHA1Builder.cpp.o
Compiling .pio/build/sticky/SHA2Builder.cpp.o
Compiling .pio/build/sticky/SHA3Builder.cpp.o
Compiling .pio/build/sticky/PBKDF2_HMACBuilder.cpp.o
Compiling .pio/build/sticky/HTTPClient.cpp.o
Compiling .pio/build/sticky/LittleFS.cpp.o
Compiling .pio/build/sticky/MatterGenericSwitch.cpp.o
Compiling .pio/build/sticky/MatterOnOffLight.cpp.o
Compiling .pio/build/sticky/MatterDimmableLight.cpp.o
Compiling .pio/build/sticky/MatterColorTemperatureLight.cpp.o
Compiling .pio/build/sticky/MatterColorLight.cpp.o
Compiling .pio/build/sticky/MatterEnhancedColorLight.cpp.o
Compiling .pio/build/sticky/MatterFan.cpp.o
Compiling .pio/build/sticky/MatterTemperatureSensor.cpp.o
Compiling .pio/build/sticky/MatterTemperatureControlledCabinet.cpp.o
Compiling .pio/build/sticky/MatterHumiditySensor.cpp.o
Compiling .pio/build/sticky/MatterContactSensor.cpp.o
Compiling .pio/build/sticky/MatterWaterLeakDetector.cpp.o
Compiling .pio/build/sticky/MatterWaterFreezeDetector.cpp.o
Compiling .pio/build/sticky/MatterRainSensor.cpp.o
Compiling .pio/build/sticky/MatterPressureSensor.cpp.o
Compiling .pio/build/sticky/MatterOccupancySensor.cpp.o
Compiling .pio/build/sticky/MatterOnOffPlugin.cpp.o
Compiling .pio/build/sticky/MatterDimmablePlugin.cpp.o
Compiling .pio/build/sticky/MatterThermostat.cpp.o
Compiling .pio/build/sticky/MatterWindowCovering.cpp.o
Compiling .pio/build/sticky/Matter.cpp.o
Compiling .pio/build/sticky/MatterEndPoint.cpp.o
Compiling .pio/build/sticky/NetBIOS.cpp.o
Compiling .pio/build/sticky/NetworkInterface.cpp.o
Compiling .pio/build/sticky/NetworkEvents.cpp.o
Compiling .pio/build/sticky/NetworkManager.cpp.o
Compiling .pio/build/sticky/NetworkClient.cpp.o
Compiling .pio/build/sticky/NetworkServer.cpp.o
Compiling .pio/build/sticky/NetworkUdp.cpp.o
Compiling .pio/build/sticky/OThread.cpp.o
Compiling .pio/build/sticky/OThreadCLI.cpp.o
Compiling .pio/build/sticky/OThreadCLI_Util.cpp.o
Compiling .pio/build/sticky/PPP.cpp.o
Compiling .pio/build/sticky/Preferences.cpp.o
Compiling .pio/build/sticky/SD_MMC.cpp.o
Compiling .pio/build/sticky/SD.cpp.o
Compiling .pio/build/sticky/sd_diskio.cpp.o
Compiling .pio/build/sticky/sd_diskio_crc.c.o
Compiling .pio/build/sticky/SimpleBLE.cpp.o
Compiling .pio/build/sticky/SPIFFS.cpp.o
Compiling .pio/build/sticky/SPI.cpp.o
Compiling .pio/build/sticky/Ticker.cpp.o
Compiling .pio/build/sticky/Updater.cpp.o
Compiling .pio/build/sticky/HttpsOTAUpdate.cpp.o
Compiling .pio/build/sticky/Updater_Signing.cpp.o
Compiling .pio/build/sticky/WebServer.cpp.o
Compiling .pio/build/sticky/Parsing.cpp.o
Compiling .pio/build/sticky/mimetable.cpp.o
Compiling .pio/build/sticky/MiddlewareChain.cpp.o
Compiling .pio/build/sticky/AuthenticationMiddleware.cpp.o
Compiling .pio/build/sticky/CorsMiddleware.cpp.o
Compiling .pio/build/sticky/LoggingMiddleware.cpp.o
Compiling .pio/build/sticky/ssl_client.cpp.o
Compiling .pio/build/sticky/NetworkClientSecure.cpp.o
Compiling .pio/build/sticky/WiFiAP.cpp.o
Compiling .pio/build/sticky/WiFi.cpp.o
Compiling .pio/build/sticky/WiFiGeneric.cpp.o
Compiling .pio/build/sticky/WiFiMulti.cpp.o
Compiling .pio/build/sticky/WiFiScan.cpp.o
Compiling .pio/build/sticky/WiFiSTA.cpp.o
Compiling .pio/build/sticky/STA.cpp.o
Compiling .pio/build/sticky/AP.cpp.o
Compiling .pio/build/sticky/WiFiProv.cpp.o
Compiling .pio/build/sticky/Wire.cpp.o
Compiling .pio/build/sticky/ZigbeeCore.cpp.o
Compiling .pio/build/sticky/ZigbeeEP.cpp.o
Compiling .pio/build/sticky/ZigbeeHandlers.cpp.o
Compiling .pio/build/sticky/ZigbeeColorDimmableLight.cpp.o
Compiling .pio/build/sticky/ZigbeeColorDimmerSwitch.cpp.o
Compiling .pio/build/sticky/ZigbeeDimmableLight.cpp.o
Compiling .pio/build/sticky/ZigbeeLight.cpp.o
Compiling .pio/build/sticky/ZigbeeSwitch.cpp.o
Compiling .pio/build/sticky/ZigbeeTempSensor.cpp.o
Compiling .pio/build/sticky/ZigbeeThermostat.cpp.o
Compiling .pio/build/sticky/ZigbeeFlowSensor.cpp.o
Compiling .pio/build/sticky/ZigbeePressureSensor.cpp.o
Compiling .pio/build/sticky/ZigbeeOccupancySensor.cpp.o
Compiling .pio/build/sticky/ZigbeeCarbonDioxideSensor.cpp.o
Compiling .pio/build/sticky/ZigbeeContactSwitch.cpp.o
Compiling .pio/build/sticky/ZigbeeDoorWindowHandle.cpp.o
Compiling .pio/build/sticky/ZigbeeWindowCovering.cpp.o
Compiling .pio/build/sticky/ZigbeeVibrationSensor.cpp.o
Compiling .pio/build/sticky/ZigbeeAnalog.cpp.o
Compiling .pio/build/sticky/ZigbeeRangeExtender.cpp.o
Compiling .pio/build/sticky/ZigbeeGateway.cpp.o
Compiling .pio/build/sticky/ZigbeeWindSpeedSensor.cpp.o
Compiling .pio/build/sticky/ZigbeeIlluminanceSensor.cpp.o
Compiling .pio/build/sticky/ZigbeePM25Sensor.cpp.o
Compiling .pio/build/sticky/ZigbeeElectricalMeasurement.cpp.o
Compiling .pio/build/sticky/ZigbeeBinary.cpp.o
Compiling .pio/build/sticky/ZigbeePowerOutlet.cpp.o
Compiling .pio/build/sticky/ZigbeeFanControl.cpp.o
Compiling .pio/build/sticky/ZigbeeMultistate.cpp.o
Compiling .pio/build/sticky/freertos/heap_idf.c.o
Compiling .pio/build/sticky/freertos/app_startup.c.o
Compiling .pio/build/sticky/freertos/port_common.c.o
Compiling .pio/build/sticky/freertos/port_systick.c.o
Compiling .pio/build/sticky/freertos/FreeRTOS-Kernel/list.c.o
Compiling .pio/build/sticky/freertos/FreeRTOS-Kernel/queue.c.o
Compiling .pio/build/sticky/freertos/FreeRTOS-Kernel/tasks.c.o
Compiling .pio/build/sticky/freertos/FreeRTOS-Kernel/timers.c.o
Compiling .pio/build/sticky/freertos/FreeRTOS-Kernel/event_groups.c.o
Compiling .pio/build/sticky/freertos/FreeRTOS-Kernel/stream_buffer.c.o
Compiling .pio/build/sticky/freertos/FreeRTOS-Kernel/portable/xtensa/port.c.o
Compiling .pio/build/sticky/freertos/FreeRTOS-Kernel/portable/xtensa/portasm.S.o
Compiling .pio/build/sticky/freertos/FreeRTOS-Kernel/portable/xtensa/xtensa_init.c.o
Compiling .pio/build/sticky/freertos/FreeRTOS-Kernel/portable/xtensa/xtensa_overlay_os_hook.c.o
Compiling .pio/build/sticky/freertos/esp_additions/freertos_compatibility.c.o
Compiling .pio/build/sticky/freertos/esp_additions/idf_additions_event_groups.c.o
Compiling .pio/build/sticky/freertos/esp_additions/idf_additions.c.o
Compiling .pio/build/sticky/hal/hal_utils.c.o
Compiling .pio/build/sticky/hal/mpu_hal.c.o
Compiling .pio/build/sticky/hal/efuse_hal.c.o
Compiling .pio/build/sticky/hal/esp32s3/efuse_hal.c.o
Archiving .pio/build/sticky/esp-idf/freertos/libfreertos.a
Indexing .pio/build/sticky/esp-idf/freertos/libfreertos.a
Compiling .pio/build/sticky/hal/mmu_hal.c.o
Compiling .pio/build/sticky/hal/cache_hal.c.o
Archiving .pio/build/sticky/esp-idf/framework-arduinoespressif32/libframework-arduinoespressif32.a
Compiling .pio/build/sticky/hal/color_hal.c.o
Compiling .pio/build/sticky/hal/spi_flash_hal.c.o
Compiling .pio/build/sticky/hal/spi_flash_hal_iram.c.o
Indexing .pio/build/sticky/esp-idf/framework-arduinoespressif32/libframework-arduinoespressif32.a
Compiling .pio/build/sticky/hal/spi_flash_encrypt_hal_iram.c.o
Compiling .pio/build/sticky/hal/esp32s3/clk_tree_hal.c.o
Compiling .pio/build/sticky/hal/systimer_hal.c.o
Compiling .pio/build/sticky/hal/uart_hal.c.o
Compiling .pio/build/sticky/hal/uart_hal_iram.c.o
Compiling .pio/build/sticky/hal/gpio_hal.c.o
Compiling .pio/build/sticky/hal/rtc_io_hal.c.o
Compiling .pio/build/sticky/hal/timer_hal.c.o
Compiling .pio/build/sticky/hal/ledc_hal.c.o
Compiling .pio/build/sticky/hal/ledc_hal_iram.c.o
Compiling .pio/build/sticky/hal/i2c_hal.c.o
Compiling .pio/build/sticky/hal/i2c_hal_iram.c.o
Compiling .pio/build/sticky/hal/rmt_hal.c.o
Compiling .pio/build/sticky/hal/pcnt_hal.c.o
Compiling .pio/build/sticky/hal/mcpwm_hal.c.o
Compiling .pio/build/sticky/hal/uhci_hal.c.o
Compiling .pio/build/sticky/hal/twai_hal_v1.c.o
Compiling .pio/build/sticky/hal/gdma_hal_top.c.o
Compiling .pio/build/sticky/hal/gdma_hal_ahb_v1.c.o
Compiling .pio/build/sticky/hal/i2s_hal.c.o
Compiling .pio/build/sticky/hal/sdm_hal.c.o
Compiling .pio/build/sticky/hal/sdmmc_hal.c.o
Compiling .pio/build/sticky/hal/adc_hal_common.c.o
Compiling .pio/build/sticky/hal/adc_oneshot_hal.c.o
Compiling .pio/build/sticky/hal/adc_hal.c.o
Compiling .pio/build/sticky/hal/lcd_hal.c.o
Compiling .pio/build/sticky/hal/mpi_hal.c.o
Compiling .pio/build/sticky/hal/sha_hal.c.o
Compiling .pio/build/sticky/hal/aes_hal.c.o
Compiling .pio/build/sticky/hal/brownout_hal.c.o
Compiling .pio/build/sticky/hal/spi_hal.c.o
Compiling .pio/build/sticky/hal/spi_hal_iram.c.o
Compiling .pio/build/sticky/hal/spi_slave_hal.c.o
Compiling .pio/build/sticky/hal/spi_slave_hal_iram.c.o
Compiling .pio/build/sticky/hal/spi_slave_hd_hal.c.o
Compiling .pio/build/sticky/hal/spi_flash_hal_gpspi.c.o
Compiling .pio/build/sticky/hal/hmac_hal.c.o
Compiling .pio/build/sticky/hal/ds_hal.c.o
Compiling .pio/build/sticky/hal/cam_hal.c.o
Compiling .pio/build/sticky/hal/usb_serial_jtag_hal.c.o
Compiling .pio/build/sticky/hal/usb_dwc_hal.c.o
Compiling .pio/build/sticky/hal/usb_wrap_hal.c.o
Compiling .pio/build/sticky/hal/esp32s3/touch_sensor_hal.c.o
Compiling .pio/build/sticky/hal/touch_sensor_hal.c.o
Compiling .pio/build/sticky/hal/touch_sens_hal.c.o
Compiling .pio/build/sticky/hal/xt_wdt_hal.c.o
Compiling .pio/build/sticky/hal/esp32s3/rtc_cntl_hal.c.o
Compiling .pio/build/sticky/heap/heap_caps_base.c.o
Compiling .pio/build/sticky/heap/heap_caps.c.o
Compiling .pio/build/sticky/heap/heap_caps_init.c.o
Archiving .pio/build/sticky/esp-idf/hal/libhal.a
Indexing .pio/build/sticky/esp-idf/hal/libhal.a
Compiling .pio/build/sticky/heap/multi_heap.c.o
Compiling .pio/build/sticky/heap/tlsf/tlsf.c.o
Compiling .pio/build/sticky/heap/multi_heap_poisoning.c.o
Compiling .pio/build/sticky/heap/port/memory_layout_utils.c.o
Compiling .pio/build/sticky/heap/port/esp32s3/memory_layout.c.o
Compiling .pio/build/sticky/http_parser/http_parser.c.o
Compiling .pio/build/sticky/managed_components/joltwallet__littlefs/src/littlefs/lfs.c.o
Compiling .pio/build/sticky/managed_components/joltwallet__littlefs/src/littlefs/lfs_util.c.o
Compiling .pio/build/sticky/managed_components/joltwallet__littlefs/src/esp_littlefs.c.o
Archiving .pio/build/sticky/esp-idf/heap/libheap.a
Indexing .pio/build/sticky/esp-idf/heap/libheap.a
Compiling .pio/build/sticky/managed_components/joltwallet__littlefs/src/littlefs_esp_part.c.o
Compiling .pio/build/sticky/managed_components/joltwallet__littlefs/src/lfs_config.c.o
Compiling .pio/build/sticky/json/cJSON/cJSON.c.o
Compiling .pio/build/sticky/json/cJSON/cJSON_Utils.c.o
Archiving .pio/build/sticky/esp-idf/http_parser/libhttp_parser.a
Indexing .pio/build/sticky/esp-idf/http_parser/libhttp_parser.a
Compiling .pio/build/sticky/log/src/os/log_timestamp.c.o
Compiling .pio/build/sticky/log/src/log_timestamp_common.c.o
Compiling .pio/build/sticky/log/src/os/log_lock.c.o
Compiling .pio/build/sticky/log/src/buffer/log_buffers.c.o
Compiling .pio/build/sticky/log/src/os/util.c.o
Compiling .pio/build/sticky/log/src/util.c.o
Compiling .pio/build/sticky/log/src/log_format_text.c.o
Compiling .pio/build/sticky/log/src/log_print.c.o
Compiling .pio/build/sticky/log/src/log.c.o
Compiling .pio/build/sticky/log/src/os/log_write.c.o
Compiling .pio/build/sticky/log/src/log_level/log_level.c.o
Compiling .pio/build/sticky/log/src/log_level/tag_log_level/tag_log_level.c.o
Compiling .pio/build/sticky/log/src/log_level/tag_log_level/linked_list/log_linked_list.c.o
Archiving .pio/build/sticky/esp-idf/json/libjson.a
Indexing .pio/build/sticky/esp-idf/json/libjson.a
Compiling .pio/build/sticky/log/src/log_level/tag_log_level/cache/log_binary_heap.c.o
Compiling .pio/build/sticky/lwip/apps/sntp/sntp.c.o
Compiling .pio/build/sticky/lwip/lwip/src/api/api_lib.c.o
Archiving .pio/build/sticky/esp-idf/log/liblog.a
Indexing .pio/build/sticky/esp-idf/log/liblog.a
Compiling .pio/build/sticky/lwip/lwip/src/api/api_msg.c.o
Archiving .pio/build/sticky/esp-idf/joltwallet__littlefs/libjoltwallet__littlefs.a
Indexing .pio/build/sticky/esp-idf/joltwallet__littlefs/libjoltwallet__littlefs.a
Compiling .pio/build/sticky/lwip/lwip/src/api/err.c.o
Compiling .pio/build/sticky/lwip/lwip/src/api/if_api.c.o
Compiling .pio/build/sticky/lwip/lwip/src/api/netbuf.c.o
Compiling .pio/build/sticky/lwip/lwip/src/api/netdb.c.o
Compiling .pio/build/sticky/lwip/lwip/src/api/netifapi.c.o
Compiling .pio/build/sticky/lwip/lwip/src/api/sockets.c.o
Compiling .pio/build/sticky/lwip/lwip/src/api/tcpip.c.o
Compiling .pio/build/sticky/lwip/lwip/src/apps/sntp/sntp.c.o
Compiling .pio/build/sticky/lwip/lwip/src/apps/netbiosns/netbiosns.c.o
Compiling .pio/build/sticky/lwip/lwip/src/core/def.c.o
Compiling .pio/build/sticky/lwip/lwip/src/core/dns.c.o
Compiling .pio/build/sticky/lwip/lwip/src/core/inet_chksum.c.o
Compiling .pio/build/sticky/lwip/lwip/src/core/init.c.o
Compiling .pio/build/sticky/lwip/lwip/src/core/ip.c.o
Compiling .pio/build/sticky/lwip/lwip/src/core/mem.c.o
Compiling .pio/build/sticky/lwip/lwip/src/core/memp.c.o
Compiling .pio/build/sticky/lwip/lwip/src/core/netif.c.o
Compiling .pio/build/sticky/lwip/lwip/src/core/pbuf.c.o
Compiling .pio/build/sticky/lwip/lwip/src/core/raw.c.o
Compiling .pio/build/sticky/lwip/lwip/src/core/stats.c.o
Compiling .pio/build/sticky/lwip/lwip/src/core/sys.c.o
Compiling .pio/build/sticky/lwip/lwip/src/core/tcp.c.o
Compiling .pio/build/sticky/lwip/lwip/src/core/tcp_in.c.o
Compiling .pio/build/sticky/lwip/lwip/src/core/tcp_out.c.o
Compiling .pio/build/sticky/lwip/lwip/src/core/timeouts.c.o
Compiling .pio/build/sticky/lwip/lwip/src/core/udp.c.o
Compiling .pio/build/sticky/lwip/lwip/src/core/ipv4/autoip.c.o
Compiling .pio/build/sticky/lwip/lwip/src/core/ipv4/dhcp.c.o
Compiling .pio/build/sticky/lwip/lwip/src/core/ipv4/etharp.c.o
Compiling .pio/build/sticky/lwip/lwip/src/core/ipv4/icmp.c.o
Compiling .pio/build/sticky/lwip/lwip/src/core/ipv4/igmp.c.o
Compiling .pio/build/sticky/lwip/lwip/src/core/ipv4/ip4.c.o
Compiling .pio/build/sticky/lwip/lwip/src/core/ipv4/ip4_napt.c.o
Compiling .pio/build/sticky/lwip/lwip/src/core/ipv4/ip4_addr.c.o
Compiling .pio/build/sticky/lwip/lwip/src/core/ipv4/ip4_frag.c.o
Compiling .pio/build/sticky/lwip/lwip/src/core/ipv6/dhcp6.c.o
Compiling .pio/build/sticky/lwip/lwip/src/core/ipv6/ethip6.c.o
Compiling .pio/build/sticky/lwip/lwip/src/core/ipv6/icmp6.c.o
Compiling .pio/build/sticky/lwip/lwip/src/core/ipv6/inet6.c.o
Compiling .pio/build/sticky/lwip/lwip/src/core/ipv6/ip6.c.o
Compiling .pio/build/sticky/lwip/lwip/src/core/ipv6/ip6_addr.c.o
Compiling .pio/build/sticky/lwip/lwip/src/core/ipv6/ip6_frag.c.o
Compiling .pio/build/sticky/lwip/lwip/src/core/ipv6/mld6.c.o
Compiling .pio/build/sticky/lwip/lwip/src/core/ipv6/nd6.c.o
Compiling .pio/build/sticky/lwip/lwip/src/netif/ethernet.c.o
Compiling .pio/build/sticky/lwip/lwip/src/netif/bridgeif.c.o
Compiling .pio/build/sticky/lwip/lwip/src/netif/bridgeif_fdb.c.o
Compiling .pio/build/sticky/lwip/lwip/src/netif/slipif.c.o
Compiling .pio/build/sticky/lwip/lwip/src/netif/ppp/auth.c.o
Compiling .pio/build/sticky/lwip/lwip/src/netif/ppp/ccp.c.o
Compiling .pio/build/sticky/lwip/lwip/src/netif/ppp/chap-md5.c.o
Compiling .pio/build/sticky/lwip/lwip/src/netif/ppp/chap-new.c.o
Compiling .pio/build/sticky/lwip/lwip/src/netif/ppp/chap_ms.c.o
Compiling .pio/build/sticky/lwip/lwip/src/netif/ppp/demand.c.o
Compiling .pio/build/sticky/lwip/lwip/src/netif/ppp/eap.c.o
Compiling .pio/build/sticky/lwip/lwip/src/netif/ppp/ecp.c.o
Compiling .pio/build/sticky/lwip/lwip/src/netif/ppp/eui64.c.o
Compiling .pio/build/sticky/lwip/lwip/src/netif/ppp/fsm.c.o
Compiling .pio/build/sticky/lwip/lwip/src/netif/ppp/ipcp.c.o
Compiling .pio/build/sticky/lwip/lwip/src/netif/ppp/ipv6cp.c.o
Compiling .pio/build/sticky/lwip/lwip/src/netif/ppp/lcp.c.o
Compiling .pio/build/sticky/lwip/lwip/src/netif/ppp/magic.c.o
Compiling .pio/build/sticky/lwip/lwip/src/netif/ppp/mppe.c.o
Compiling .pio/build/sticky/lwip/lwip/src/netif/ppp/multilink.c.o
Compiling .pio/build/sticky/lwip/lwip/src/netif/ppp/ppp.c.o
Compiling .pio/build/sticky/lwip/lwip/src/netif/ppp/pppapi.c.o
Compiling .pio/build/sticky/lwip/lwip/src/netif/ppp/pppcrypt.c.o
Compiling .pio/build/sticky/lwip/lwip/src/netif/ppp/pppoe.c.o
Compiling .pio/build/sticky/lwip/lwip/src/netif/ppp/pppol2tp.c.o
Compiling .pio/build/sticky/lwip/lwip/src/netif/ppp/pppos.c.o
Compiling .pio/build/sticky/lwip/lwip/src/netif/ppp/upap.c.o
Compiling .pio/build/sticky/lwip/lwip/src/netif/ppp/utils.c.o
Compiling .pio/build/sticky/lwip/lwip/src/netif/ppp/vj.c.o
Compiling .pio/build/sticky/lwip/port/hooks/tcp_isn_default.c.o
Compiling .pio/build/sticky/lwip/port/hooks/lwip_default_hooks.c.o
Compiling .pio/build/sticky/lwip/port/debug/lwip_debug.c.o
Compiling .pio/build/sticky/lwip/port/sockets_ext.c.o
Compiling .pio/build/sticky/lwip/port/freertos/sys_arch.c.o
Compiling .pio/build/sticky/lwip/port/if_index.c.o
Compiling .pio/build/sticky/lwip/port/acd_dhcp_check.c.o
Compiling .pio/build/sticky/lwip/port/esp32xx/vfs_lwip.c.o
Compiling .pio/build/sticky/lwip/apps/ping/esp_ping.c.o
Compiling .pio/build/sticky/lwip/apps/ping/ping.c.o
Compiling .pio/build/sticky/lwip/apps/ping/ping_sock.c.o
Compiling .pio/build/sticky/lwip/lwip/src/netif/ppp/polarssl/arc4.c.o
Compiling .pio/build/sticky/lwip/lwip/src/netif/ppp/polarssl/des.c.o
Compiling .pio/build/sticky/lwip/lwip/src/netif/ppp/polarssl/md4.c.o
Compiling .pio/build/sticky/lwip/lwip/src/netif/ppp/polarssl/md5.c.o
Compiling .pio/build/sticky/lwip/lwip/src/netif/ppp/polarssl/sha1.c.o
Compiling .pio/build/sticky/lwip/apps/dhcpserver/dhcpserver.c.o
Compiling .pio/build/sticky/mbedtls/esp_crt_bundle/esp_crt_bundle.c.o
Compiling .pio/build/sticky/.pio/build/sticky/x509_crt_bundle.S.o
Compiling .pio/build/sticky/mqtt/esp-mqtt/mqtt_client.c.o
Compiling .pio/build/sticky/mqtt/esp-mqtt/lib/mqtt_msg.c.o
Archiving .pio/build/sticky/esp-idf/mbedtls/libmbedtls.a
Indexing .pio/build/sticky/esp-idf/mbedtls/libmbedtls.a
Compiling .pio/build/sticky/mqtt/esp-mqtt/lib/mqtt_outbox.c.o
Archiving .pio/build/sticky/esp-idf/lwip/liblwip.a
Compiling .pio/build/sticky/mqtt/esp-mqtt/lib/platform_esp32_idf.c.o
Indexing .pio/build/sticky/esp-idf/lwip/liblwip.a
Compiling .pio/build/sticky/newlib/src/init.c.o
Compiling .pio/build/sticky/newlib/src/abort.c.o
Compiling .pio/build/sticky/newlib/src/assert.c.o
Compiling .pio/build/sticky/newlib/src/heap.c.o
Compiling .pio/build/sticky/newlib/src/locks.c.o
Compiling .pio/build/sticky/newlib/src/poll.c.o
Compiling .pio/build/sticky/newlib/src/pthread.c.o
Compiling .pio/build/sticky/newlib/src/random.c.o
Compiling .pio/build/sticky/newlib/src/getentropy.c.o
Compiling .pio/build/sticky/newlib/src/termios.c.o
Compiling .pio/build/sticky/newlib/src/stdatomic.c.o
Compiling .pio/build/sticky/newlib/src/time.c.o
Compiling .pio/build/sticky/newlib/src/sysconf.c.o
Compiling .pio/build/sticky/newlib/src/realpath.c.o
Compiling .pio/build/sticky/newlib/src/scandir.c.o
Compiling .pio/build/sticky/newlib/src/syscalls.c.o
Compiling .pio/build/sticky/newlib/src/reent_syscalls.c.o
Compiling .pio/build/sticky/newlib/src/port/esp_time_impl.c.o
Archiving .pio/build/sticky/esp-idf/mqtt/libmqtt.a
Indexing .pio/build/sticky/esp-idf/mqtt/libmqtt.a
Compiling .pio/build/sticky/newlib/src/port/xtensa/stdatomic_s32c1i.c.o
Compiling .pio/build/sticky/newlib/src/flockfile.c.o
Compiling .pio/build/sticky/newlib/src/reent_init.c.o
Compiling .pio/build/sticky/newlib/src/newlib_init.c.o
Compiling .pio/build/sticky/nvs_flash/src/nvs_api.cpp.o
Compiling .pio/build/sticky/nvs_flash/src/nvs_cxx_api.cpp.o
Compiling .pio/build/sticky/nvs_flash/src/nvs_item_hash_list.cpp.o
Archiving .pio/build/sticky/esp-idf/newlib/libnewlib.a
Indexing .pio/build/sticky/esp-idf/newlib/libnewlib.a
Compiling .pio/build/sticky/nvs_flash/src/nvs_page.cpp.o
Compiling .pio/build/sticky/nvs_flash/src/nvs_pagemanager.cpp.o
Compiling .pio/build/sticky/nvs_flash/src/nvs_storage.cpp.o
Compiling .pio/build/sticky/nvs_flash/src/nvs_handle_simple.cpp.o
Compiling .pio/build/sticky/nvs_flash/src/nvs_handle_locked.cpp.o
Compiling .pio/build/sticky/nvs_flash/src/nvs_partition.cpp.o
Compiling .pio/build/sticky/nvs_flash/src/nvs_partition_lookup.cpp.o
Compiling .pio/build/sticky/nvs_flash/src/nvs_partition_manager.cpp.o
Compiling .pio/build/sticky/nvs_flash/src/nvs_types.cpp.o
Compiling .pio/build/sticky/nvs_flash/src/nvs_platform.cpp.o
Compiling .pio/build/sticky/nvs_flash/src/nvs_bootloader.c.o
Compiling .pio/build/sticky/nvs_flash/src/nvs_encrypted_partition.cpp.o
Compiling .pio/build/sticky/nvs_flash/src/nvs_bootloader_aes.c.o
Compiling .pio/build/sticky/nvs_flash/src/nvs_bootloader_xts_aes.c.o
Compiling .pio/build/sticky/nvs_sec_provider/nvs_sec_provider.c.o
Archiving .pio/build/sticky/esp-idf/nvs_sec_provider/libnvs_sec_provider.a
Indexing .pio/build/sticky/esp-idf/nvs_sec_provider/libnvs_sec_provider.a
Compiling .pio/build/sticky/openthread/src/spinel/esp_radio_spinel.cpp.o
Compiling .pio/build/sticky/openthread/src/spinel/esp_radio_spinel_uart_interface.cpp.o
Compiling .pio/build/sticky/openthread/src/port/esp_openthread_alarm.c.o
Compiling .pio/build/sticky/openthread/src/port/esp_openthread_logging.c.o
Compiling .pio/build/sticky/openthread/openthread/src/lib/spinel/example_vendor_hook.cpp.o
Compiling .pio/build/sticky/openthread/openthread/src/lib/spinel/logger.cpp.o
Compiling .pio/build/sticky/openthread/openthread/src/lib/spinel/radio_spinel.cpp.o
Compiling .pio/build/sticky/openthread/openthread/src/lib/spinel/spinel.c.o
Archiving .pio/build/sticky/esp-idf/nvs_flash/libnvs_flash.a
Indexing .pio/build/sticky/esp-idf/nvs_flash/libnvs_flash.a
Compiling .pio/build/sticky/openthread/openthread/src/lib/spinel/spinel_buffer.cpp.o
Compiling .pio/build/sticky/openthread/openthread/src/lib/spinel/spinel_decoder.cpp.o
Compiling .pio/build/sticky/openthread/openthread/src/lib/spinel/spinel_driver.cpp.o
Compiling .pio/build/sticky/openthread/openthread/src/lib/spinel/spinel_encoder.cpp.o
Compiling .pio/build/sticky/openthread/openthread/src/lib/spinel/spinel_helper.cpp.o
Compiling .pio/build/sticky/openthread/openthread/src/lib/spinel/spinel_prop_codec.cpp.o
Compiling .pio/build/sticky/openthread/openthread/src/lib/hdlc/hdlc.cpp.o
Compiling .pio/build/sticky/openthread/openthread/src/lib/platform/exit_code.c.o
Compiling .pio/build/sticky/openthread/openthread/src/core/api/error_api.cpp.o
Compiling .pio/build/sticky/openthread/openthread/src/core/api/logging_api.cpp.o
Compiling .pio/build/sticky/openthread/openthread/src/core/common/error.cpp.o
Compiling .pio/build/sticky/openthread/openthread/src/core/common/log.cpp.o
Compiling .pio/build/sticky/openthread/openthread/src/core/common/string.cpp.o
Compiling .pio/build/sticky/openthread/openthread/src/core/mac/mac_frame.cpp.o
Compiling .pio/build/sticky/perfmon/xtensa_perfmon_access.c.o
Compiling .pio/build/sticky/perfmon/xtensa_perfmon_apis.c.o
Compiling .pio/build/sticky/perfmon/xtensa_perfmon_masks.c.o
Compiling .pio/build/sticky/protobuf-c/protobuf-c/protobuf-c/protobuf-c.c.o
Compiling .pio/build/sticky/protocomm/src/common/protocomm.c.o
Archiving .pio/build/sticky/esp-idf/perfmon/libperfmon.a
Indexing .pio/build/sticky/esp-idf/perfmon/libperfmon.a
Compiling .pio/build/sticky/protocomm/proto-c/constants.pb-c.c.o
Compiling .pio/build/sticky/protocomm/proto-c/sec0.pb-c.c.o
Compiling .pio/build/sticky/protocomm/proto-c/sec1.pb-c.c.o
Archiving .pio/build/sticky/esp-idf/openthread/libopenthread.a
Indexing .pio/build/sticky/esp-idf/openthread/libopenthread.a
Compiling .pio/build/sticky/protocomm/proto-c/sec2.pb-c.c.o
Compiling .pio/build/sticky/protocomm/proto-c/session.pb-c.c.o
Compiling .pio/build/sticky/protocomm/src/transports/protocomm_console.c.o
Compiling .pio/build/sticky/protocomm/src/transports/protocomm_httpd.c.o
Compiling .pio/build/sticky/protocomm/src/security/security0.c.o
Compiling .pio/build/sticky/protocomm/src/security/security1.c.o
Compiling .pio/build/sticky/protocomm/src/security/security2.c.o
Compiling .pio/build/sticky/protocomm/src/crypto/srp6a/esp_srp.c.o
Compiling .pio/build/sticky/protocomm/src/crypto/srp6a/esp_srp_mpi.c.o
Compiling .pio/build/sticky/protocomm/src/transports/protocomm_nimble.c.o
Compiling .pio/build/sticky/pthread/pthread.c.o
Archiving .pio/build/sticky/esp-idf/protobuf-c/libprotobuf-c.a
Indexing .pio/build/sticky/esp-idf/protobuf-c/libprotobuf-c.a
Compiling .pio/build/sticky/pthread/pthread_cond_var.c.o
Compiling .pio/build/sticky/pthread/pthread_local_storage.c.o
Compiling .pio/build/sticky/pthread/pthread_rwlock.c.o
Compiling .pio/build/sticky/pthread/pthread_semaphore.c.o
Compiling .pio/build/sticky/rt/FreeRTOS_POSIX_mqueue.c.o
Archiving .pio/build/sticky/esp-idf/pthread/libpthread.a
Compiling .pio/build/sticky/rt/FreeRTOS_POSIX_utils.c.o
Indexing .pio/build/sticky/esp-idf/pthread/libpthread.a
Compiling .pio/build/sticky/sdmmc/sdmmc_cmd.c.o
Archiving .pio/build/sticky/esp-idf/protocomm/libprotocomm.a
Indexing .pio/build/sticky/esp-idf/protocomm/libprotocomm.a
Compiling .pio/build/sticky/sdmmc/sdmmc_common.c.o
Compiling .pio/build/sticky/sdmmc/sdmmc_init.c.o
Archiving .pio/build/sticky/esp-idf/rt/librt.a
Indexing .pio/build/sticky/esp-idf/rt/librt.a
Compiling .pio/build/sticky/sdmmc/sdmmc_io.c.o
Compiling .pio/build/sticky/sdmmc/sdmmc_mmc.c.o
Compiling .pio/build/sticky/sdmmc/sdmmc_sd.c.o
Compiling .pio/build/sticky/sdmmc/sd_pwr_ctrl/sd_pwr_ctrl.c.o
Compiling .pio/build/sticky/soc/lldesc.c.o
Compiling .pio/build/sticky/soc/dport_access_common.c.o
Compiling .pio/build/sticky/soc/esp32s3/interrupts.c.o
Compiling .pio/build/sticky/soc/esp32s3/gpio_periph.c.o
Compiling .pio/build/sticky/soc/esp32s3/uart_periph.c.o
Compiling .pio/build/sticky/soc/esp32s3/adc_periph.c.o
Compiling .pio/build/sticky/soc/esp32s3/dedic_gpio_periph.c.o
Compiling .pio/build/sticky/soc/esp32s3/gdma_periph.c.o
Compiling .pio/build/sticky/soc/esp32s3/spi_periph.c.o
Compiling .pio/build/sticky/soc/esp32s3/ledc_periph.c.o
Compiling .pio/build/sticky/soc/esp32s3/pcnt_periph.c.o
Compiling .pio/build/sticky/soc/esp32s3/rmt_periph.c.o
Compiling .pio/build/sticky/soc/esp32s3/sdm_periph.c.o
Compiling .pio/build/sticky/soc/esp32s3/i2s_periph.c.o
Compiling .pio/build/sticky/soc/esp32s3/i2c_periph.c.o
Archiving .pio/build/sticky/esp-idf/sdmmc/libsdmmc.a
Compiling .pio/build/sticky/soc/esp32s3/temperature_sensor_periph.c.o
Indexing .pio/build/sticky/esp-idf/sdmmc/libsdmmc.a
Compiling .pio/build/sticky/soc/esp32s3/timer_periph.c.o
Compiling .pio/build/sticky/soc/esp32s3/lcd_periph.c.o
Compiling .pio/build/sticky/soc/esp32s3/mcpwm_periph.c.o
Compiling .pio/build/sticky/soc/esp32s3/mpi_periph.c.o
Compiling .pio/build/sticky/soc/esp32s3/sdmmc_periph.c.o
Compiling .pio/build/sticky/soc/esp32s3/touch_sensor_periph.c.o
Compiling .pio/build/sticky/soc/esp32s3/twai_periph.c.o
Compiling .pio/build/sticky/soc/esp32s3/wdt_periph.c.o
Compiling .pio/build/sticky/soc/esp32s3/usb_dwc_periph.c.o
Compiling .pio/build/sticky/soc/esp32s3/rtc_io_periph.c.o
Compiling .pio/build/sticky/soc/esp32s3/cam_periph.c.o
Compiling .pio/build/sticky/soc/esp32s3/power_supply_periph.c.o
Compiling .pio/build/sticky/spi_flash/flash_brownout_hook.c.o
Compiling .pio/build/sticky/spi_flash/esp32s3/spi_flash_oct_flash_init.c.o
Archiving .pio/build/sticky/esp-idf/soc/libsoc.a
Compiling .pio/build/sticky/spi_flash/spi_flash_hpm_enable.c.o
Indexing .pio/build/sticky/esp-idf/soc/libsoc.a
Compiling .pio/build/sticky/spi_flash/spi_flash_chip_drivers.c.o
Compiling .pio/build/sticky/spi_flash/spi_flash_chip_generic.c.o
Compiling .pio/build/sticky/spi_flash/spi_flash_chip_issi.c.o
Compiling .pio/build/sticky/spi_flash/spi_flash_chip_mxic.c.o
Compiling .pio/build/sticky/spi_flash/spi_flash_chip_gd.c.o
Compiling .pio/build/sticky/spi_flash/spi_flash_chip_winbond.c.o
Compiling .pio/build/sticky/spi_flash/spi_flash_chip_boya.c.o
Compiling .pio/build/sticky/spi_flash/spi_flash_chip_mxic_opi.c.o
Compiling .pio/build/sticky/spi_flash/spi_flash_chip_th.c.o
Compiling .pio/build/sticky/spi_flash/memspi_host_driver.c.o
Compiling .pio/build/sticky/spi_flash/cache_utils.c.o
Compiling .pio/build/sticky/spi_flash/flash_mmap.c.o
Compiling .pio/build/sticky/spi_flash/flash_ops.c.o
Compiling .pio/build/sticky/spi_flash/spi_flash_wrap.c.o
Compiling .pio/build/sticky/spi_flash/esp_flash_api.c.o
Compiling .pio/build/sticky/spi_flash/esp_flash_spi_init.c.o
Compiling .pio/build/sticky/spi_flash/spi_flash_os_func_app.c.o
Compiling .pio/build/sticky/spi_flash/spi_flash_os_func_noos.c.o
Compiling .pio/build/sticky/spiffs/spiffs_api.c.o
Compiling .pio/build/sticky/spiffs/spiffs/src/spiffs_cache.c.o
Compiling .pio/build/sticky/spiffs/spiffs/src/spiffs_check.c.o
Compiling .pio/build/sticky/spiffs/spiffs/src/spiffs_gc.c.o
Compiling .pio/build/sticky/spiffs/spiffs/src/spiffs_hydrogen.c.o
Archiving .pio/build/sticky/esp-idf/spi_flash/libspi_flash.a
Indexing .pio/build/sticky/esp-idf/spi_flash/libspi_flash.a
Compiling .pio/build/sticky/spiffs/spiffs/src/spiffs_nucleus.c.o
Compiling .pio/build/sticky/spiffs/esp_spiffs.c.o
Compiling .pio/build/sticky/tcp_transport/transport.c.o
Compiling .pio/build/sticky/tcp_transport/transport_ssl.c.o
Compiling .pio/build/sticky/tcp_transport/transport_internal.c.o
Compiling .pio/build/sticky/tcp_transport/transport_socks_proxy.c.o
Compiling .pio/build/sticky/tcp_transport/transport_ws.c.o
Compiling .pio/build/sticky/touch_element/touch_element.c.o
Compiling .pio/build/sticky/touch_element/touch_button.c.o
Archiving .pio/build/sticky/esp-idf/spiffs/libspiffs.a
Indexing .pio/build/sticky/esp-idf/spiffs/libspiffs.a
Compiling .pio/build/sticky/touch_element/touch_slider.c.o
Compiling .pio/build/sticky/touch_element/touch_matrix.c.o
Archiving .pio/build/sticky/esp-idf/tcp_transport/libtcp_transport.a
Indexing .pio/build/sticky/esp-idf/tcp_transport/libtcp_transport.a
Compiling .pio/build/sticky/ulp/ulp_common/ulp_common.c.o
Compiling .pio/build/sticky/ulp/ulp_common/ulp_adc.c.o
Compiling .pio/build/sticky/ulp/ulp_fsm/ulp.c.o
Compiling .pio/build/sticky/ulp/ulp_fsm/ulp_macro.c.o
Compiling .pio/build/sticky/unity/unity/src/unity.c.o
Compiling .pio/build/sticky/unity/unity_compat.c.o
Archiving .pio/build/sticky/esp-idf/touch_element/libtouch_element.a
Indexing .pio/build/sticky/esp-idf/touch_element/libtouch_element.a
Compiling .pio/build/sticky/unity/unity_runner.c.o
Compiling .pio/build/sticky/unity/unity_utils_freertos.c.o
Archiving .pio/build/sticky/esp-idf/ulp/libulp.a
Indexing .pio/build/sticky/esp-idf/ulp/libulp.a
Compiling .pio/build/sticky/unity/unity_utils_cache.c.o
Compiling .pio/build/sticky/unity/unity_utils_memory.c.o
Compiling .pio/build/sticky/unity/unity_port_esp32.c.o
Compiling .pio/build/sticky/unity/port/esp/unity_utils_memory_esp.c.o
Compiling .pio/build/sticky/usb/hcd_dwc.c.o
Compiling .pio/build/sticky/usb/enum.c.o
Compiling .pio/build/sticky/usb/hub.c.o
Archiving .pio/build/sticky/esp-idf/unity/libunity.a
Indexing .pio/build/sticky/esp-idf/unity/libunity.a
Compiling .pio/build/sticky/usb/usb_helpers.c.o
Compiling .pio/build/sticky/usb/usb_host.c.o
Compiling .pio/build/sticky/usb/usb_private.c.o
Compiling .pio/build/sticky/usb/usbh.c.o
Compiling .pio/build/sticky/usb/usb_phy.c.o
Compiling .pio/build/sticky/usb/ext_hub.c.o
Compiling .pio/build/sticky/usb/ext_port.c.o
Compiling .pio/build/sticky/vfs/vfs.c.o
Compiling .pio/build/sticky/vfs/vfs_eventfd.c.o
Compiling .pio/build/sticky/vfs/vfs_semihost.c.o
Compiling .pio/build/sticky/vfs/nullfs.c.o
Archiving .pio/build/sticky/esp-idf/usb/libusb.a
Indexing .pio/build/sticky/esp-idf/usb/libusb.a
Compiling .pio/build/sticky/wear_levelling/Partition.cpp.o
Compiling .pio/build/sticky/wear_levelling/SPI_Flash.cpp.o
Compiling .pio/build/sticky/wear_levelling/WL_Ext_Perf.cpp.o
Compiling .pio/build/sticky/wear_levelling/WL_Ext_Safe.cpp.o
Compiling .pio/build/sticky/wear_levelling/WL_Flash.cpp.o
Compiling .pio/build/sticky/wear_levelling/crc32.cpp.o
Compiling .pio/build/sticky/wear_levelling/wear_levelling.cpp.o
Compiling .pio/build/sticky/wifi_provisioning/src/wifi_config.c.o
Archiving .pio/build/sticky/esp-idf/vfs/libvfs.a
Indexing .pio/build/sticky/esp-idf/vfs/libvfs.a
Compiling .pio/build/sticky/wifi_provisioning/src/wifi_scan.c.o
Compiling .pio/build/sticky/wifi_provisioning/src/wifi_ctrl.c.o
Compiling .pio/build/sticky/wifi_provisioning/src/manager.c.o
Compiling .pio/build/sticky/wifi_provisioning/src/handlers.c.o
Compiling .pio/build/sticky/wifi_provisioning/src/scheme_console.c.o
Archiving .pio/build/sticky/esp-idf/wear_levelling/libwear_levelling.a
Indexing .pio/build/sticky/esp-idf/wear_levelling/libwear_levelling.a
Compiling .pio/build/sticky/wifi_provisioning/proto-c/wifi_config.pb-c.c.o
Compiling .pio/build/sticky/wifi_provisioning/proto-c/wifi_scan.pb-c.c.o
Compiling .pio/build/sticky/wifi_provisioning/proto-c/wifi_ctrl.pb-c.c.o
Compiling .pio/build/sticky/wifi_provisioning/proto-c/wifi_constants.pb-c.c.o
Compiling .pio/build/sticky/wifi_provisioning/src/scheme_softap.c.o
Compiling .pio/build/sticky/wifi_provisioning/src/scheme_ble.c.o
Compiling .pio/build/sticky/wpa_supplicant/port/os_xtensa.c.o
Compiling .pio/build/sticky/wpa_supplicant/port/eloop.c.o
Compiling .pio/build/sticky/wpa_supplicant/src/ap/ap_config.c.o
Compiling .pio/build/sticky/wpa_supplicant/src/ap/ieee802_1x.c.o
Archiving .pio/build/sticky/esp-idf/wifi_provisioning/libwifi_provisioning.a
Indexing .pio/build/sticky/esp-idf/wifi_provisioning/libwifi_provisioning.a
Compiling .pio/build/sticky/wpa_supplicant/src/ap/wpa_auth.c.o
Compiling .pio/build/sticky/wpa_supplicant/src/ap/wpa_auth_ie.c.o
Compiling .pio/build/sticky/wpa_supplicant/src/ap/pmksa_cache_auth.c.o
Compiling .pio/build/sticky/wpa_supplicant/src/ap/sta_info.c.o
Compiling .pio/build/sticky/wpa_supplicant/src/ap/ieee802_11.c.o
Compiling .pio/build/sticky/wpa_supplicant/src/ap/comeback_token.c.o
Compiling .pio/build/sticky/wpa_supplicant/src/common/sae.c.o
Compiling .pio/build/sticky/wpa_supplicant/src/common/dragonfly.c.o
Compiling .pio/build/sticky/wpa_supplicant/src/common/wpa_common.c.o
Compiling .pio/build/sticky/wpa_supplicant/src/utils/bitfield.c.o
Compiling .pio/build/sticky/wpa_supplicant/src/crypto/aes-siv.c.o
Compiling .pio/build/sticky/wpa_supplicant/src/crypto/sha256-kdf.c.o
Compiling .pio/build/sticky/wpa_supplicant/src/crypto/ccmp.c.o
Compiling .pio/build/sticky/wpa_supplicant/src/crypto/aes-gcm.c.o
Compiling .pio/build/sticky/wpa_supplicant/src/crypto/crypto_ops.c.o
Compiling .pio/build/sticky/wpa_supplicant/src/crypto/dh_group5.c.o
Compiling .pio/build/sticky/wpa_supplicant/src/crypto/dh_groups.c.o
Compiling .pio/build/sticky/wpa_supplicant/src/crypto/ms_funcs.c.o
Compiling .pio/build/sticky/wpa_supplicant/src/crypto/sha1-tlsprf.c.o
Compiling .pio/build/sticky/wpa_supplicant/src/crypto/sha256-tlsprf.c.o
Compiling .pio/build/sticky/wpa_supplicant/src/crypto/sha384-tlsprf.c.o
Compiling .pio/build/sticky/wpa_supplicant/src/crypto/sha256-prf.c.o
Compiling .pio/build/sticky/wpa_supplicant/src/crypto/sha1-prf.c.o
Compiling .pio/build/sticky/wpa_supplicant/src/crypto/sha384-prf.c.o
Compiling .pio/build/sticky/wpa_supplicant/src/crypto/md4-internal.c.o
Compiling .pio/build/sticky/wpa_supplicant/src/crypto/sha1-tprf.c.o
Compiling .pio/build/sticky/wpa_supplicant/src/eap_common/eap_wsc_common.c.o
Compiling .pio/build/sticky/wpa_supplicant/src/common/ieee802_11_common.c.o
Compiling .pio/build/sticky/wpa_supplicant/src/eap_peer/chap.c.o
Compiling .pio/build/sticky/wpa_supplicant/src/eap_peer/eap.c.o
Compiling .pio/build/sticky/wpa_supplicant/src/eap_peer/eap_common.c.o
Compiling .pio/build/sticky/wpa_supplicant/src/eap_peer/eap_mschapv2.c.o
Compiling .pio/build/sticky/wpa_supplicant/src/eap_peer/eap_peap.c.o
Compiling .pio/build/sticky/wpa_supplicant/src/eap_peer/eap_peap_common.c.o
Compiling .pio/build/sticky/wpa_supplicant/src/eap_peer/eap_tls.c.o
Compiling .pio/build/sticky/wpa_supplicant/src/eap_peer/eap_tls_common.c.o
Compiling .pio/build/sticky/wpa_supplicant/src/eap_peer/eap_ttls.c.o
Compiling .pio/build/sticky/wpa_supplicant/src/eap_peer/mschapv2.c.o
Compiling .pio/build/sticky/wpa_supplicant/src/eap_peer/eap_fast.c.o
Compiling .pio/build/sticky/wpa_supplicant/src/eap_peer/eap_fast_common.c.o
Compiling .pio/build/sticky/wpa_supplicant/src/eap_peer/eap_fast_pac.c.o
Compiling .pio/build/sticky/wpa_supplicant/src/rsn_supp/pmksa_cache.c.o
Compiling .pio/build/sticky/wpa_supplicant/src/rsn_supp/wpa.c.o
Compiling .pio/build/sticky/wpa_supplicant/src/rsn_supp/wpa_ie.c.o
Compiling .pio/build/sticky/wpa_supplicant/src/utils/base64.c.o
Compiling .pio/build/sticky/wpa_supplicant/src/utils/common.c.o
Compiling .pio/build/sticky/wpa_supplicant/src/utils/ext_password.c.o
Compiling .pio/build/sticky/wpa_supplicant/src/utils/uuid.c.o
Compiling .pio/build/sticky/wpa_supplicant/src/utils/wpabuf.c.o
Compiling .pio/build/sticky/wpa_supplicant/src/utils/wpa_debug.c.o
Compiling .pio/build/sticky/wpa_supplicant/src/utils/json.c.o
Compiling .pio/build/sticky/wpa_supplicant/src/wps/wps.c.o
Compiling .pio/build/sticky/wpa_supplicant/src/wps/wps_attr_build.c.o
Compiling .pio/build/sticky/wpa_supplicant/src/wps/wps_attr_parse.c.o
Compiling .pio/build/sticky/wpa_supplicant/src/wps/wps_attr_process.c.o
Compiling .pio/build/sticky/wpa_supplicant/src/wps/wps_common.c.o
Compiling .pio/build/sticky/wpa_supplicant/src/wps/wps_dev_attr.c.o
Compiling .pio/build/sticky/wpa_supplicant/src/wps/wps_enrollee.c.o
Compiling .pio/build/sticky/wpa_supplicant/src/common/sae_pk.c.o
Compiling .pio/build/sticky/wpa_supplicant/esp_supplicant/src/esp_eap_client.c.o
Compiling .pio/build/sticky/wpa_supplicant/esp_supplicant/src/esp_wpa2_api_port.c.o
Compiling .pio/build/sticky/wpa_supplicant/esp_supplicant/src/esp_wpa_main.c.o
Compiling .pio/build/sticky/wpa_supplicant/esp_supplicant/src/esp_wpas_glue.c.o
Compiling .pio/build/sticky/wpa_supplicant/esp_supplicant/src/esp_common.c.o
Compiling .pio/build/sticky/wpa_supplicant/esp_supplicant/src/esp_wps.c.o
Compiling .pio/build/sticky/wpa_supplicant/esp_supplicant/src/esp_wpa3.c.o
Compiling .pio/build/sticky/wpa_supplicant/esp_supplicant/src/esp_owe.c.o
Compiling .pio/build/sticky/wpa_supplicant/esp_supplicant/src/esp_hostap.c.o
Compiling .pio/build/sticky/wpa_supplicant/esp_supplicant/src/crypto/tls_mbedtls.c.o
Compiling .pio/build/sticky/wpa_supplicant/esp_supplicant/src/crypto/crypto_mbedtls.c.o
Compiling .pio/build/sticky/wpa_supplicant/esp_supplicant/src/crypto/crypto_mbedtls-bignum.c.o
Compiling .pio/build/sticky/wpa_supplicant/esp_supplicant/src/crypto/crypto_mbedtls-rsa.c.o
Compiling .pio/build/sticky/wpa_supplicant/esp_supplicant/src/crypto/crypto_mbedtls-ec.c.o
Compiling .pio/build/sticky/wpa_supplicant/esp_supplicant/src/crypto/fastpsk.c.o
Compiling .pio/build/sticky/wpa_supplicant/src/crypto/rc4.c.o
Compiling .pio/build/sticky/wpa_supplicant/src/crypto/des-internal.c.o
Compiling .pio/build/sticky/wpa_supplicant/esp_supplicant/src/crypto/fastpbkdf2.c.o
Compiling .pio/build/sticky/wpa_supplicant/src/crypto/aes-wrap.c.o
Compiling .pio/build/sticky/wpa_supplicant/src/crypto/aes-unwrap.c.o
Compiling .pio/build/sticky/wpa_supplicant/src/crypto/aes-ccm.c.o
Compiling .pio/build/sticky/xtensa/eri.c.o
Compiling .pio/build/sticky/xtensa/xt_trax.c.o
Compiling .pio/build/sticky/xtensa/xtensa_context.S.o
Compiling .pio/build/sticky/xtensa/xtensa_intr_asm.S.o
Compiling .pio/build/sticky/xtensa/xtensa_intr.c.o
Compiling .pio/build/sticky/xtensa/xtensa_vectors.S.o
Compiling .pio/build/sticky/mbedtls/mbedtls/3rdparty/everest/library/everest.c.o
Archiving .pio/build/sticky/esp-idf/wpa_supplicant/libwpa_supplicant.a
Compiling .pio/build/sticky/mbedtls/mbedtls/3rdparty/everest/library/x25519.c.o
Indexing .pio/build/sticky/esp-idf/wpa_supplicant/libwpa_supplicant.a
Archiving .pio/build/sticky/esp-idf/xtensa/libxtensa.a
Indexing .pio/build/sticky/esp-idf/xtensa/libxtensa.a
Compiling .pio/build/sticky/mbedtls/mbedtls/3rdparty/everest/library/Hacl_Curve25519_joined.c.o
Compiling .pio/build/sticky/mbedtls/mbedtls/library/aes.c.o
Compiling .pio/build/sticky/mbedtls/mbedtls/library/aesni.c.o
Archiving .pio/build/sticky/esp-idf/mbedtls/mbedtls/3rdparty/everest/libeverest.a
Indexing .pio/build/sticky/esp-idf/mbedtls/mbedtls/3rdparty/everest/libeverest.a
Compiling .pio/build/sticky/mbedtls/mbedtls/library/aesce.c.o
Compiling .pio/build/sticky/mbedtls/mbedtls/library/aria.c.o
Compiling .pio/build/sticky/mbedtls/mbedtls/library/asn1parse.c.o
Compiling .pio/build/sticky/mbedtls/mbedtls/library/asn1write.c.o
Compiling .pio/build/sticky/mbedtls/mbedtls/library/base64.c.o
Compiling .pio/build/sticky/mbedtls/mbedtls/library/bignum.c.o
Compiling .pio/build/sticky/mbedtls/mbedtls/library/bignum_core.c.o
Compiling .pio/build/sticky/mbedtls/mbedtls/library/bignum_mod.c.o
Compiling .pio/build/sticky/mbedtls/mbedtls/library/bignum_mod_raw.c.o
Compiling .pio/build/sticky/mbedtls/mbedtls/library/block_cipher.c.o
Compiling .pio/build/sticky/mbedtls/mbedtls/library/camellia.c.o
Compiling .pio/build/sticky/mbedtls/mbedtls/library/ccm.c.o
Compiling .pio/build/sticky/mbedtls/mbedtls/library/chacha20.c.o
Compiling .pio/build/sticky/mbedtls/mbedtls/library/chachapoly.c.o
Compiling .pio/build/sticky/mbedtls/mbedtls/library/cipher.c.o
Compiling .pio/build/sticky/mbedtls/mbedtls/library/cipher_wrap.c.o
Compiling .pio/build/sticky/mbedtls/mbedtls/library/constant_time.c.o
Compiling .pio/build/sticky/mbedtls/mbedtls/library/cmac.c.o
Compiling .pio/build/sticky/mbedtls/mbedtls/library/ctr_drbg.c.o
Compiling .pio/build/sticky/mbedtls/mbedtls/library/des.c.o
Compiling .pio/build/sticky/mbedtls/mbedtls/library/dhm.c.o
Compiling .pio/build/sticky/mbedtls/mbedtls/library/ecdh.c.o
Compiling .pio/build/sticky/mbedtls/mbedtls/library/ecdsa.c.o
Compiling .pio/build/sticky/mbedtls/mbedtls/library/ecjpake.c.o
Compiling .pio/build/sticky/mbedtls/mbedtls/library/ecp.c.o
Compiling .pio/build/sticky/mbedtls/mbedtls/library/ecp_curves.c.o
Compiling .pio/build/sticky/mbedtls/mbedtls/library/ecp_curves_new.c.o
Compiling .pio/build/sticky/mbedtls/mbedtls/library/entropy.c.o
Compiling .pio/build/sticky/mbedtls/mbedtls/library/entropy_poll.c.o
Compiling .pio/build/sticky/mbedtls/mbedtls/library/error.c.o
Compiling .pio/build/sticky/mbedtls/mbedtls/library/gcm.c.o
Compiling .pio/build/sticky/mbedtls/mbedtls/library/hkdf.c.o
Compiling .pio/build/sticky/mbedtls/mbedtls/library/hmac_drbg.c.o
Compiling .pio/build/sticky/mbedtls/mbedtls/library/lmots.c.o
Compiling .pio/build/sticky/mbedtls/mbedtls/library/lms.c.o
Compiling .pio/build/sticky/mbedtls/mbedtls/library/md.c.o
Compiling .pio/build/sticky/mbedtls/mbedtls/library/md5.c.o
Compiling .pio/build/sticky/mbedtls/mbedtls/library/memory_buffer_alloc.c.o
Compiling .pio/build/sticky/mbedtls/mbedtls/library/nist_kw.c.o
Compiling .pio/build/sticky/mbedtls/mbedtls/library/oid.c.o
Compiling .pio/build/sticky/mbedtls/mbedtls/library/padlock.c.o
Compiling .pio/build/sticky/mbedtls/mbedtls/library/pem.c.o
Compiling .pio/build/sticky/mbedtls/mbedtls/library/pk.c.o
Compiling .pio/build/sticky/mbedtls/mbedtls/library/pk_ecc.c.o
Compiling .pio/build/sticky/mbedtls/mbedtls/library/pk_wrap.c.o
Compiling .pio/build/sticky/mbedtls/mbedtls/library/pkcs12.c.o
Compiling .pio/build/sticky/mbedtls/mbedtls/library/pkcs5.c.o
Compiling .pio/build/sticky/mbedtls/mbedtls/library/pkparse.c.o
Compiling .pio/build/sticky/mbedtls/mbedtls/library/pkwrite.c.o
Compiling .pio/build/sticky/mbedtls/mbedtls/library/platform.c.o
Compiling .pio/build/sticky/mbedtls/mbedtls/library/platform_util.c.o
Compiling .pio/build/sticky/mbedtls/mbedtls/library/poly1305.c.o
Compiling .pio/build/sticky/mbedtls/mbedtls/library/psa_crypto.c.o
Compiling .pio/build/sticky/mbedtls/mbedtls/library/psa_crypto_aead.c.o
Compiling .pio/build/sticky/mbedtls/mbedtls/library/psa_crypto_cipher.c.o
Compiling .pio/build/sticky/mbedtls/mbedtls/library/psa_crypto_client.c.o
Compiling .pio/build/sticky/mbedtls/mbedtls/library/psa_crypto_driver_wrappers_no_static.c.o
Compiling .pio/build/sticky/mbedtls/mbedtls/library/psa_crypto_ecp.c.o
Compiling .pio/build/sticky/mbedtls/mbedtls/library/psa_crypto_ffdh.c.o
Compiling .pio/build/sticky/mbedtls/mbedtls/library/psa_crypto_hash.c.o
Compiling .pio/build/sticky/mbedtls/mbedtls/library/psa_crypto_mac.c.o
Compiling .pio/build/sticky/mbedtls/mbedtls/library/psa_crypto_pake.c.o
Compiling .pio/build/sticky/mbedtls/mbedtls/library/psa_crypto_rsa.c.o
Compiling .pio/build/sticky/mbedtls/mbedtls/library/psa_crypto_se.c.o
Compiling .pio/build/sticky/mbedtls/mbedtls/library/psa_crypto_slot_management.c.o
Compiling .pio/build/sticky/mbedtls/mbedtls/library/psa_crypto_storage.c.o
Compiling .pio/build/sticky/mbedtls/mbedtls/library/psa_its_file.c.o
Compiling .pio/build/sticky/mbedtls/mbedtls/library/psa_util.c.o
Compiling .pio/build/sticky/mbedtls/mbedtls/library/ripemd160.c.o
Compiling .pio/build/sticky/mbedtls/mbedtls/library/rsa.c.o
Compiling .pio/build/sticky/mbedtls/mbedtls/library/rsa_alt_helpers.c.o
Compiling .pio/build/sticky/mbedtls/mbedtls/library/sha1.c.o
Compiling .pio/build/sticky/mbedtls/mbedtls/library/sha256.c.o
Compiling .pio/build/sticky/mbedtls/mbedtls/library/sha512.c.o
Compiling .pio/build/sticky/mbedtls/mbedtls/library/sha3.c.o
Compiling .pio/build/sticky/mbedtls/mbedtls/library/threading.c.o
Compiling .pio/build/sticky/mbedtls/mbedtls/library/timing.c.o
Compiling .pio/build/sticky/mbedtls/mbedtls/library/version.c.o
Compiling .pio/build/sticky/mbedtls/mbedtls/library/version_features.c.o
Compiling .pio/build/sticky/mbedtls/port/sha/core/esp_sha_gdma_impl.c.o
Compiling .pio/build/sticky/mbedtls/port/aes/dma/esp_aes_gdma_impl.c.o
Compiling .pio/build/sticky/mbedtls/port/aes/dma/esp_aes_dma_core.c.o
Compiling .pio/build/sticky/mbedtls/port/crypto_shared_gdma/esp_crypto_shared_gdma.c.o
Compiling .pio/build/sticky/mbedtls/port/esp_hardware.c.o
Compiling .pio/build/sticky/mbedtls/port/esp_mem.c.o
Compiling .pio/build/sticky/mbedtls/port/esp_timing.c.o
Compiling .pio/build/sticky/mbedtls/port/aes/esp_aes_xts.c.o
Compiling .pio/build/sticky/mbedtls/port/aes/esp_aes_common.c.o
Compiling .pio/build/sticky/mbedtls/port/aes/dma/esp_aes.c.o
Compiling .pio/build/sticky/mbedtls/port/sha/esp_sha.c.o
Compiling .pio/build/sticky/mbedtls/port/sha/core/sha.c.o
Compiling .pio/build/sticky/mbedtls/port/esp_ds/esp_rsa_sign_alt.c.o
Compiling .pio/build/sticky/mbedtls/port/esp_ds/esp_rsa_dec_alt.c.o
Compiling .pio/build/sticky/mbedtls/port/esp_ds/esp_ds_common.c.o
Compiling .pio/build/sticky/mbedtls/port/esp_hmac_pbkdf2.c.o
Compiling .pio/build/sticky/mbedtls/port/bignum/esp_bignum.c.o
Compiling .pio/build/sticky/mbedtls/port/bignum/bignum_alt.c.o
Compiling .pio/build/sticky/mbedtls/port/sha/core/esp_sha1.c.o
Compiling .pio/build/sticky/mbedtls/port/sha/core/esp_sha256.c.o
Compiling .pio/build/sticky/mbedtls/port/sha/core/esp_sha512.c.o
Compiling .pio/build/sticky/mbedtls/port/aes/esp_aes_gcm.c.o
Compiling .pio/build/sticky/mbedtls/port/md/esp_md.c.o
Compiling .pio/build/sticky/mbedtls/mbedtls/library/debug.c.o
Compiling .pio/build/sticky/mbedtls/mbedtls/library/mps_reader.c.o
Compiling .pio/build/sticky/mbedtls/mbedtls/library/mps_trace.c.o
Compiling .pio/build/sticky/mbedtls/mbedtls/library/ssl_cache.c.o
Compiling .pio/build/sticky/mbedtls/mbedtls/library/ssl_ciphersuites.c.o
Compiling .pio/build/sticky/mbedtls/mbedtls/library/ssl_client.c.o
Archiving .pio/build/sticky/esp-idf/mbedtls/mbedtls/library/libmbedcrypto.a
Indexing .pio/build/sticky/esp-idf/mbedtls/mbedtls/library/libmbedcrypto.a
Compiling .pio/build/sticky/mbedtls/mbedtls/library/ssl_cookie.c.o
Compiling .pio/build/sticky/mbedtls/mbedtls/library/ssl_debug_helpers_generated.c.o
Compiling .pio/build/sticky/mbedtls/mbedtls/library/ssl_msg.c.o
Compiling .pio/build/sticky/mbedtls/mbedtls/library/ssl_ticket.c.o
Compiling .pio/build/sticky/mbedtls/mbedtls/library/ssl_tls.c.o
Compiling .pio/build/sticky/mbedtls/mbedtls/library/ssl_tls12_client.c.o
Compiling .pio/build/sticky/mbedtls/mbedtls/library/ssl_tls12_server.c.o
Compiling .pio/build/sticky/mbedtls/mbedtls/library/ssl_tls13_keys.c.o
Compiling .pio/build/sticky/mbedtls/mbedtls/library/ssl_tls13_server.c.o
Compiling .pio/build/sticky/mbedtls/mbedtls/library/ssl_tls13_client.c.o
Compiling .pio/build/sticky/mbedtls/mbedtls/library/ssl_tls13_generic.c.o
Compiling .pio/build/sticky/mbedtls/port/mbedtls_debug.c.o
Compiling .pio/build/sticky/mbedtls/port/esp_platform_time.c.o
Compiling .pio/build/sticky/mbedtls/port/net_sockets.c.o
Compiling .pio/build/sticky/mbedtls/mbedtls/library/pkcs7.c.o
Compiling .pio/build/sticky/mbedtls/mbedtls/library/x509.c.o
Compiling .pio/build/sticky/mbedtls/mbedtls/library/x509_create.c.o
Archiving .pio/build/sticky/esp-idf/mbedtls/mbedtls/library/libmbedtls.a
Indexing .pio/build/sticky/esp-idf/mbedtls/mbedtls/library/libmbedtls.a
Compiling .pio/build/sticky/mbedtls/mbedtls/library/x509_crl.c.o
Compiling .pio/build/sticky/mbedtls/mbedtls/library/x509_crt.c.o
Compiling .pio/build/sticky/mbedtls/mbedtls/library/x509_csr.c.o
Compiling .pio/build/sticky/mbedtls/mbedtls/library/x509write.c.o
Compiling .pio/build/sticky/mbedtls/mbedtls/library/x509write_crt.c.o
Compiling .pio/build/sticky/mbedtls/mbedtls/library/x509write_csr.c.o
Compiling .pio/build/sticky/mbedtls/mbedtls/3rdparty/p256-m/p256-m_driver_entrypoints.c.o
Compiling .pio/build/sticky/mbedtls/mbedtls/3rdparty/p256-m/p256-m/p256-m.c.o
Generating partitions .pio/build/sticky/partitions.bin
Archiving .pio/build/sticky/esp-idf/mbedtls/mbedtls/3rdparty/p256-m/libp256m.a
Indexing .pio/build/sticky/esp-idf/mbedtls/mbedtls/3rdparty/p256-m/libp256m.a
Archiving .pio/build/sticky/esp-idf/mbedtls/mbedtls/library/libmbedx509.a
Indexing .pio/build/sticky/esp-idf/mbedtls/mbedtls/library/libmbedx509.a
Generating project linker script .pio/build/sticky/sections.ld
Linking .pio/build/sticky/firmware.elf
                            Memory Type Usage Summary                             
┏━━━━━━━━━━━━━━━━━━━━━┳━━━━━━━━━━━━━━┳━━━━━━━━━━┳━━━━━━━━━━━━━━━━┳━━━━━━━━━━━━━━━┓
┃ Memory Type/Section ┃ Used [bytes] ┃ Used [%] ┃ Remain [bytes] ┃ Total [bytes] ┃
┡━━━━━━━━━━━━━━━━━━━━━╇━━━━━━━━━━━━━━╇━━━━━━━━━━╇━━━━━━━━━━━━━━━━╇━━━━━━━━━━━━━━━┩
│ Flash Code          │       667684 │          │                │               │
│    .text            │       667684 │          │                │               │
│ Flash Data          │       154224 │          │                │               │
│    .rodata          │       153968 │          │                │               │
│    .appdesc         │          256 │          │                │               │
│ DIRAM               │       110471 │    32.32 │         231289 │        341760 │
│    .text            │        63439 │    18.56 │                │               │
│    .bss             │        24144 │     7.06 │                │               │
│    .data            │        22888 │      6.7 │                │               │
│ IRAM                │        16384 │    100.0 │              0 │         16384 │
│    .text            │        15356 │    93.73 │                │               │
│    .vectors         │         1028 │     6.27 │                │               │
└─────────────────────┴──────────────┴──────────┴────────────────┴───────────────┘
Retrieving maximum program size .pio/build/sticky/firmware.elf
Checking size .pio/build/sticky/firmware.elf
Advanced Memory Usage is available via "PlatformIO Home > Project Inspect"
RAM:   [=         ]  14.4% (used 47032 bytes from 327680 bytes)
Flash: [=         ]  13.6% (used 924363 bytes from 6815744 bytes)
*** Copied compiled esp32s3 IDF libraries to Arduino framework ***
*** Starting Arduino compile sticky with custom libraries ***
Processing sticky (board: esp32-s3-devkitc1-n16r8; platform: https://github.com/pioarduino/platform-espressif32/releases/download/55.03.37/platform-espressif32.zip; framework: arduino)
--------------------------------------------------------------------------------
Verbose mode can be enabled via `-v, --verbose` option
Patched wolfSSL settings: .pio/libdeps/sticky/Arduino-wolfSSL/src/user_settings.h
Generated: src/network/html/SettingsPageHtml.generated.h
  Original: 19172 bytes
  Minified: 19059 bytes (99.4%)
  Compressed: 4918 bytes (25.7%)
Generated: src/network/html/ApHomePageHtml.generated.h
  Original: 4424 bytes
  Minified: 4405 bytes (99.6%)
  Compressed: 1905 bytes (43.1%)
Generated: src/network/html/FontsPageHtml.generated.h
  Original: 16703 bytes
  Minified: 16533 bytes (99.0%)
  Compressed: 4791 bytes (28.7%)
Generated: src/network/html/HomePageHtml.generated.h
  Original: 15006 bytes
  Minified: 14397 bytes (95.9%)
  Compressed: 3977 bytes (26.5%)
Generated: src/network/html/FilesPageHtml.generated.h
  Original: 202928 bytes
  Minified: 199116 bytes (98.1%)
  Compressed: 45492 bytes (22.4%)
Generated: src/network/html/js/jszip_minJs.generated.h
  Original: 97630 bytes
  Minified: 97630 bytes (100.0%)
  Compressed: 28379 bytes (29.1%)
Running i18n generation script from PlatformIO...
Reading translations from: lib/I18n/translations
Output directory: lib/I18n/

  WARNING: DE has keys not in English: STR_AUTHOR, STR_CHARGING, STR_CHIP, STR_CPU, STR_FILE_SIZE, STR_FLASH_USED, STR_FREE_RAM, STR_FW_VERSION, STR_GATHERING_DATA, STR_INFO, STR_LOAD_EPUB_FAILED, STR_LOAD_XTC_FAILED, STR_MAPPING_LOCAL, STR_MAPPING_REMOTE, STR_MAX_BLOCK, STR_MHZ, STR_MIN_FREE, STR_PAGE_OVERLAY, STR_READING, STR_RECENTS, STR_REGISTER, STR_REGISTERING, STR_REGISTER_FAILED, STR_REGISTER_SUCCESS, STR_REMOVE, STR_SERIES, STR_SLEEP_COVER_OVERLAY, STR_SYSTEM_INFO, STR_UPTIME
  WARNING: PL has keys not in English: STR_DOWNLOAD_FONTS, STR_FONT_DOWNLOAD
  WARNING: HE has keys not in English: STR_ALL_FONTS_INSTALLED, STR_CONFIRM_DOWNLOAD_PROMPT, STR_FILES_LABEL, STR_REDOWNLOAD, STR_SD_CARD_FULL, STR_SIZE_LABEL
  WARNING: NB has keys not in English: STR_SLEEP_TIMER_STEP_HINT
  INFO: 'STR_RESUME' missing in FR, using English fallback
  INFO: 'STR_RESUME' missing in DE, using English fallback
  INFO: 'STR_RESUME' missing in CS, using English fallback
  INFO: 'STR_RESUME' missing in PT, using English fallback
  INFO: 'STR_RESUME' missing in RU, using English fallback
  INFO: 'STR_RESUME' missing in RO, using English fallback
  INFO: 'STR_RESUME' missing in UK, using English fallback
  INFO: 'STR_RESUME' missing in BE, using English fallback
  INFO: 'STR_RESUME' missing in PL, using English fallback
  INFO: 'STR_RESUME' missing in FI, using English fallback
  INFO: 'STR_RESUME' missing in DA, using English fallback
  INFO: 'STR_RESUME' missing in NL, using English fallback
  INFO: 'STR_RESUME' missing in TR, using English fallback
  INFO: 'STR_RESUME' missing in KK, using English fallback
  INFO: 'STR_RESUME' missing in HU, using English fallback
  INFO: 'STR_RESUME' missing in LT, using English fallback
  INFO: 'STR_RESUME' missing in SI, using English fallback
  INFO: 'STR_RESUME' missing in HE, using English fallback
  INFO: 'STR_RESUME' missing in SK, using English fallback
  INFO: 'STR_RESUME' missing in NB, using English fallback
  INFO: 'STR_RESUME' missing in P2, using English fallback
  INFO: 'STR_RESUME' missing in AR, using English fallback
  INFO: 'STR_RESUME' missing in BS, using English fallback
  INFO: 'STR_INDEX_FAILED' missing in FR, using English fallback
  INFO: 'STR_INDEX_FAILED' missing in DE, using English fallback
  INFO: 'STR_INDEX_FAILED' missing in CS, using English fallback
  INFO: 'STR_INDEX_FAILED' missing in PT, using English fallback
  INFO: 'STR_INDEX_FAILED' missing in RU, using English fallback
  INFO: 'STR_INDEX_FAILED' missing in RO, using English fallback
  INFO: 'STR_INDEX_FAILED' missing in UK, using English fallback
  INFO: 'STR_INDEX_FAILED' missing in BE, using English fallback
  INFO: 'STR_INDEX_FAILED' missing in PL, using English fallback
  INFO: 'STR_INDEX_FAILED' missing in FI, using English fallback
  INFO: 'STR_INDEX_FAILED' missing in DA, using English fallback
  INFO: 'STR_INDEX_FAILED' missing in NL, using English fallback
  INFO: 'STR_INDEX_FAILED' missing in KK, using English fallback
  INFO: 'STR_INDEX_FAILED' missing in LT, using English fallback
  INFO: 'STR_INDEX_FAILED' missing in SI, using English fallback
  INFO: 'STR_INDEX_FAILED' missing in HE, using English fallback
  INFO: 'STR_INDEX_FAILED' missing in SK, using English fallback
  INFO: 'STR_INDEX_FAILED' missing in NB, using English fallback
  INFO: 'STR_INDEX_FAILED' missing in P2, using English fallback
  INFO: 'STR_FILE_OPEN_FAILED' missing in ES, using English fallback
  INFO: 'STR_FILE_OPEN_FAILED' missing in FR, using English fallback
  INFO: 'STR_FILE_OPEN_FAILED' missing in DE, using English fallback
  INFO: 'STR_FILE_OPEN_FAILED' missing in CS, using English fallback
  INFO: 'STR_FILE_OPEN_FAILED' missing in PT, using English fallback
  INFO: 'STR_FILE_OPEN_FAILED' missing in RU, using English fallback
  INFO: 'STR_FILE_OPEN_FAILED' missing in SV, using English fallback
  INFO: 'STR_FILE_OPEN_FAILED' missing in RO, using English fallback
  INFO: 'STR_FILE_OPEN_FAILED' missing in CA, using English fallback
  INFO: 'STR_FILE_OPEN_FAILED' missing in UK, using English fallback
  INFO: 'STR_FILE_OPEN_FAILED' missing in BE, using English fallback
  INFO: 'STR_FILE_OPEN_FAILED' missing in IT, using English fallback
  INFO: 'STR_FILE_OPEN_FAILED' missing in PL, using English fallback
  INFO: 'STR_FILE_OPEN_FAILED' missing in FI, using English fallback
  INFO: 'STR_FILE_OPEN_FAILED' missing in DA, using English fallback
  INFO: 'STR_FILE_OPEN_FAILED' missing in NL, using English fallback
  INFO: 'STR_FILE_OPEN_FAILED' missing in TR, using English fallback
  INFO: 'STR_FILE_OPEN_FAILED' missing in KK, using English fallback
  INFO: 'STR_FILE_OPEN_FAILED' missing in HU, using English fallback
  INFO: 'STR_FILE_OPEN_FAILED' missing in LT, using English fallback
  INFO: 'STR_FILE_OPEN_FAILED' missing in SI, using English fallback
  INFO: 'STR_FILE_OPEN_FAILED' missing in CAV, using English fallback
  INFO: 'STR_FILE_OPEN_FAILED' missing in HE, using English fallback
  INFO: 'STR_FILE_OPEN_FAILED' missing in SK, using English fallback
  INFO: 'STR_FILE_OPEN_FAILED' missing in VI, using English fallback
  INFO: 'STR_FILE_OPEN_FAILED' missing in NB, using English fallback
  INFO: 'STR_FILE_OPEN_FAILED' missing in P2, using English fallback
  INFO: 'STR_FILE_OPEN_FAILED' missing in AR, using English fallback
  INFO: 'STR_FILE_OPEN_FAILED' missing in BS, using English fallback
  INFO: 'STR_FILE_OPEN_FAILED' missing in ID, using English fallback
  INFO: 'STR_INVALID_BMP_FILE' missing in ES, using English fallback
  INFO: 'STR_INVALID_BMP_FILE' missing in FR, using English fallback
  INFO: 'STR_INVALID_BMP_FILE' missing in DE, using English fallback
  INFO: 'STR_INVALID_BMP_FILE' missing in CS, using English fallback
  INFO: 'STR_INVALID_BMP_FILE' missing in PT, using English fallback
  INFO: 'STR_INVALID_BMP_FILE' missing in RU, using English fallback
  INFO: 'STR_INVALID_BMP_FILE' missing in SV, using English fallback
  INFO: 'STR_INVALID_BMP_FILE' missing in RO, using English fallback
  INFO: 'STR_INVALID_BMP_FILE' missing in CA, using English fallback
  INFO: 'STR_INVALID_BMP_FILE' missing in UK, using English fallback
  INFO: 'STR_INVALID_BMP_FILE' missing in BE, using English fallback
  INFO: 'STR_INVALID_BMP_FILE' missing in IT, using English fallback
  INFO: 'STR_INVALID_BMP_FILE' missing in PL, using English fallback
  INFO: 'STR_INVALID_BMP_FILE' missing in FI, using English fallback
  INFO: 'STR_INVALID_BMP_FILE' missing in DA, using English fallback
  INFO: 'STR_INVALID_BMP_FILE' missing in NL, using English fallback
  INFO: 'STR_INVALID_BMP_FILE' missing in TR, using English fallback
  INFO: 'STR_INVALID_BMP_FILE' missing in KK, using English fallback
  INFO: 'STR_INVALID_BMP_FILE' missing in HU, using English fallback
  INFO: 'STR_INVALID_BMP_FILE' missing in LT, using English fallback
  INFO: 'STR_INVALID_BMP_FILE' missing in SI, using English fallback
  INFO: 'STR_INVALID_BMP_FILE' missing in CAV, using English fallback
  INFO: 'STR_INVALID_BMP_FILE' missing in HE, using English fallback
  INFO: 'STR_INVALID_BMP_FILE' missing in SK, using English fallback
  INFO: 'STR_INVALID_BMP_FILE' missing in VI, using English fallback
  INFO: 'STR_INVALID_BMP_FILE' missing in NB, using English fallback
  INFO: 'STR_INVALID_BMP_FILE' missing in P2, using English fallback
  INFO: 'STR_INVALID_BMP_FILE' missing in AR, using English fallback
  INFO: 'STR_INVALID_BMP_FILE' missing in BS, using English fallback
  INFO: 'STR_INVALID_BMP_FILE' missing in ID, using English fallback
  INFO: 'STR_INVALID_IMAGE_SIZE' missing in ES, using English fallback
  INFO: 'STR_INVALID_IMAGE_SIZE' missing in FR, using English fallback
  INFO: 'STR_INVALID_IMAGE_SIZE' missing in DE, using English fallback
  INFO: 'STR_INVALID_IMAGE_SIZE' missing in CS, using English fallback
  INFO: 'STR_INVALID_IMAGE_SIZE' missing in PT, using English fallback
  INFO: 'STR_INVALID_IMAGE_SIZE' missing in RU, using English fallback
  INFO: 'STR_INVALID_IMAGE_SIZE' missing in SV, using English fallback
  INFO: 'STR_INVALID_IMAGE_SIZE' missing in RO, using English fallback
  INFO: 'STR_INVALID_IMAGE_SIZE' missing in CA, using English fallback
  INFO: 'STR_INVALID_IMAGE_SIZE' missing in UK, using English fallback
  INFO: 'STR_INVALID_IMAGE_SIZE' missing in BE, using English fallback
  INFO: 'STR_INVALID_IMAGE_SIZE' missing in IT, using English fallback
  INFO: 'STR_INVALID_IMAGE_SIZE' missing in PL, using English fallback
  INFO: 'STR_INVALID_IMAGE_SIZE' missing in FI, using English fallback
  INFO: 'STR_INVALID_IMAGE_SIZE' missing in DA, using English fallback
  INFO: 'STR_INVALID_IMAGE_SIZE' missing in NL, using English fallback
  INFO: 'STR_INVALID_IMAGE_SIZE' missing in TR, using English fallback
  INFO: 'STR_INVALID_IMAGE_SIZE' missing in KK, using English fallback
  INFO: 'STR_INVALID_IMAGE_SIZE' missing in HU, using English fallback
  INFO: 'STR_INVALID_IMAGE_SIZE' missing in LT, using English fallback
  INFO: 'STR_INVALID_IMAGE_SIZE' missing in SI, using English fallback
  INFO: 'STR_INVALID_IMAGE_SIZE' missing in CAV, using English fallback
  INFO: 'STR_INVALID_IMAGE_SIZE' missing in HE, using English fallback
  INFO: 'STR_INVALID_IMAGE_SIZE' missing in SK, using English fallback
  INFO: 'STR_INVALID_IMAGE_SIZE' missing in VI, using English fallback
  INFO: 'STR_INVALID_IMAGE_SIZE' missing in NB, using English fallback
  INFO: 'STR_INVALID_IMAGE_SIZE' missing in P2, using English fallback
  INFO: 'STR_INVALID_IMAGE_SIZE' missing in AR, using English fallback
  INFO: 'STR_INVALID_IMAGE_SIZE' missing in BS, using English fallback
  INFO: 'STR_INVALID_IMAGE_SIZE' missing in ID, using English fallback
  INFO: 'STR_UNSUPPORTED_IMAGE_FORMAT' missing in ES, using English fallback
  INFO: 'STR_UNSUPPORTED_IMAGE_FORMAT' missing in FR, using English fallback
  INFO: 'STR_UNSUPPORTED_IMAGE_FORMAT' missing in DE, using English fallback
  INFO: 'STR_UNSUPPORTED_IMAGE_FORMAT' missing in CS, using English fallback
  INFO: 'STR_UNSUPPORTED_IMAGE_FORMAT' missing in PT, using English fallback
  INFO: 'STR_UNSUPPORTED_IMAGE_FORMAT' missing in RU, using English fallback
  INFO: 'STR_UNSUPPORTED_IMAGE_FORMAT' missing in SV, using English fallback
  INFO: 'STR_UNSUPPORTED_IMAGE_FORMAT' missing in RO, using English fallback
  INFO: 'STR_UNSUPPORTED_IMAGE_FORMAT' missing in CA, using English fallback
  INFO: 'STR_UNSUPPORTED_IMAGE_FORMAT' missing in UK, using English fallback
  INFO: 'STR_UNSUPPORTED_IMAGE_FORMAT' missing in BE, using English fallback
  INFO: 'STR_UNSUPPORTED_IMAGE_FORMAT' missing in IT, using English fallback
  INFO: 'STR_UNSUPPORTED_IMAGE_FORMAT' missing in PL, using English fallback
  INFO: 'STR_UNSUPPORTED_IMAGE_FORMAT' missing in FI, using English fallback
  INFO: 'STR_UNSUPPORTED_IMAGE_FORMAT' missing in DA, using English fallback
  INFO: 'STR_UNSUPPORTED_IMAGE_FORMAT' missing in NL, using English fallback
  INFO: 'STR_UNSUPPORTED_IMAGE_FORMAT' missing in TR, using English fallback
  INFO: 'STR_UNSUPPORTED_IMAGE_FORMAT' missing in KK, using English fallback
  INFO: 'STR_UNSUPPORTED_IMAGE_FORMAT' missing in HU, using English fallback
  INFO: 'STR_UNSUPPORTED_IMAGE_FORMAT' missing in LT, using English fallback
  INFO: 'STR_UNSUPPORTED_IMAGE_FORMAT' missing in SI, using English fallback
  INFO: 'STR_UNSUPPORTED_IMAGE_FORMAT' missing in CAV, using English fallback
  INFO: 'STR_UNSUPPORTED_IMAGE_FORMAT' missing in HE, using English fallback
  INFO: 'STR_UNSUPPORTED_IMAGE_FORMAT' missing in SK, using English fallback
  INFO: 'STR_UNSUPPORTED_IMAGE_FORMAT' missing in VI, using English fallback
  INFO: 'STR_UNSUPPORTED_IMAGE_FORMAT' missing in NB, using English fallback
  INFO: 'STR_UNSUPPORTED_IMAGE_FORMAT' missing in P2, using English fallback
  INFO: 'STR_UNSUPPORTED_IMAGE_FORMAT' missing in AR, using English fallback
  INFO: 'STR_UNSUPPORTED_IMAGE_FORMAT' missing in BS, using English fallback
  INFO: 'STR_UNSUPPORTED_IMAGE_FORMAT' missing in ID, using English fallback
  INFO: 'STR_LOOKUP' missing in FR, using English fallback
  INFO: 'STR_LOOKUP' missing in DE, using English fallback
  INFO: 'STR_LOOKUP' missing in CS, using English fallback
  INFO: 'STR_LOOKUP' missing in PT, using English fallback
  INFO: 'STR_LOOKUP' missing in RU, using English fallback
  INFO: 'STR_LOOKUP' missing in RO, using English fallback
  INFO: 'STR_LOOKUP' missing in UK, using English fallback
  INFO: 'STR_LOOKUP' missing in BE, using English fallback
  INFO: 'STR_LOOKUP' missing in PL, using English fallback
  INFO: 'STR_LOOKUP' missing in FI, using English fallback
  INFO: 'STR_LOOKUP' missing in DA, using English fallback
  INFO: 'STR_LOOKUP' missing in NL, using English fallback
  INFO: 'STR_LOOKUP' missing in TR, using English fallback
  INFO: 'STR_LOOKUP' missing in KK, using English fallback
  INFO: 'STR_LOOKUP' missing in HU, using English fallback
  INFO: 'STR_LOOKUP' missing in LT, using English fallback
  INFO: 'STR_LOOKUP' missing in SI, using English fallback
  INFO: 'STR_LOOKUP' missing in HE, using English fallback
  INFO: 'STR_LOOKUP' missing in SK, using English fallback
  INFO: 'STR_LOOKUP' missing in NB, using English fallback
  INFO: 'STR_LOOKUP' missing in P2, using English fallback
  INFO: 'STR_LOOKUP' missing in AR, using English fallback
  INFO: 'STR_LOOKUP' missing in BS, using English fallback
  INFO: 'STR_DICT_LOOKING_UP' missing in FR, using English fallback
  INFO: 'STR_DICT_LOOKING_UP' missing in DE, using English fallback
  INFO: 'STR_DICT_LOOKING_UP' missing in CS, using English fallback
  INFO: 'STR_DICT_LOOKING_UP' missing in PT, using English fallback
  INFO: 'STR_DICT_LOOKING_UP' missing in RU, using English fallback
  INFO: 'STR_DICT_LOOKING_UP' missing in RO, using English fallback
  INFO: 'STR_DICT_LOOKING_UP' missing in UK, using English fallback
  INFO: 'STR_DICT_LOOKING_UP' missing in BE, using English fallback
  INFO: 'STR_DICT_LOOKING_UP' missing in PL, using English fallback
  INFO: 'STR_DICT_LOOKING_UP' missing in FI, using English fallback
  INFO: 'STR_DICT_LOOKING_UP' missing in DA, using English fallback
  INFO: 'STR_DICT_LOOKING_UP' missing in NL, using English fallback
  INFO: 'STR_DICT_LOOKING_UP' missing in TR, using English fallback
  INFO: 'STR_DICT_LOOKING_UP' missing in KK, using English fallback
  INFO: 'STR_DICT_LOOKING_UP' missing in HU, using English fallback
  INFO: 'STR_DICT_LOOKING_UP' missing in LT, using English fallback
  INFO: 'STR_DICT_LOOKING_UP' missing in SI, using English fallback
  INFO: 'STR_DICT_LOOKING_UP' missing in HE, using English fallback
  INFO: 'STR_DICT_LOOKING_UP' missing in SK, using English fallback
  INFO: 'STR_DICT_LOOKING_UP' missing in NB, using English fallback
  INFO: 'STR_DICT_LOOKING_UP' missing in P2, using English fallback
  INFO: 'STR_DICT_LOOKING_UP' missing in AR, using English fallback
  INFO: 'STR_DICT_LOOKING_UP' missing in BS, using English fallback
  INFO: 'STR_DICT_INDEXING' missing in FR, using English fallback
  INFO: 'STR_DICT_INDEXING' missing in DE, using English fallback
  INFO: 'STR_DICT_INDEXING' missing in CS, using English fallback
  INFO: 'STR_DICT_INDEXING' missing in PT, using English fallback
  INFO: 'STR_DICT_INDEXING' missing in RU, using English fallback
  INFO: 'STR_DICT_INDEXING' missing in RO, using English fallback
  INFO: 'STR_DICT_INDEXING' missing in UK, using English fallback
  INFO: 'STR_DICT_INDEXING' missing in BE, using English fallback
  INFO: 'STR_DICT_INDEXING' missing in PL, using English fallback
  INFO: 'STR_DICT_INDEXING' missing in FI, using English fallback
  INFO: 'STR_DICT_INDEXING' missing in DA, using English fallback
  INFO: 'STR_DICT_INDEXING' missing in NL, using English fallback
  INFO: 'STR_DICT_INDEXING' missing in TR, using English fallback
  INFO: 'STR_DICT_INDEXING' missing in KK, using English fallback
  INFO: 'STR_DICT_INDEXING' missing in HU, using English fallback
  INFO: 'STR_DICT_INDEXING' missing in LT, using English fallback
  INFO: 'STR_DICT_INDEXING' missing in SI, using English fallback
  INFO: 'STR_DICT_INDEXING' missing in HE, using English fallback
  INFO: 'STR_DICT_INDEXING' missing in SK, using English fallback
  INFO: 'STR_DICT_INDEXING' missing in NB, using English fallback
  INFO: 'STR_DICT_INDEXING' missing in P2, using English fallback
  INFO: 'STR_DICT_INDEXING' missing in AR, using English fallback
  INFO: 'STR_DICT_INDEXING' missing in BS, using English fallback
  INFO: 'STR_DICT_NOT_FOUND' missing in FR, using English fallback
  INFO: 'STR_DICT_NOT_FOUND' missing in DE, using English fallback
  INFO: 'STR_DICT_NOT_FOUND' missing in CS, using English fallback
  INFO: 'STR_DICT_NOT_FOUND' missing in PT, using English fallback
  INFO: 'STR_DICT_NOT_FOUND' missing in RU, using English fallback
  INFO: 'STR_DICT_NOT_FOUND' missing in RO, using English fallback
  INFO: 'STR_DICT_NOT_FOUND' missing in UK, using English fallback
  INFO: 'STR_DICT_NOT_FOUND' missing in BE, using English fallback
  INFO: 'STR_DICT_NOT_FOUND' missing in PL, using English fallback
  INFO: 'STR_DICT_NOT_FOUND' missing in FI, using English fallback
  INFO: 'STR_DICT_NOT_FOUND' missing in DA, using English fallback
  INFO: 'STR_DICT_NOT_FOUND' missing in NL, using English fallback
  INFO: 'STR_DICT_NOT_FOUND' missing in TR, using English fallback
  INFO: 'STR_DICT_NOT_FOUND' missing in KK, using English fallback
  INFO: 'STR_DICT_NOT_FOUND' missing in HU, using English fallback
  INFO: 'STR_DICT_NOT_FOUND' missing in LT, using English fallback
  INFO: 'STR_DICT_NOT_FOUND' missing in SI, using English fallback
  INFO: 'STR_DICT_NOT_FOUND' missing in HE, using English fallback
  INFO: 'STR_DICT_NOT_FOUND' missing in SK, using English fallback
  INFO: 'STR_DICT_NOT_FOUND' missing in NB, using English fallback
  INFO: 'STR_DICT_NOT_FOUND' missing in P2, using English fallback
  INFO: 'STR_DICT_NOT_FOUND' missing in AR, using English fallback
  INFO: 'STR_DICT_NOT_FOUND' missing in BS, using English fallback
  INFO: 'STR_DICT_NO_DICT_SET' missing in FR, using English fallback
  INFO: 'STR_DICT_NO_DICT_SET' missing in DE, using English fallback
  INFO: 'STR_DICT_NO_DICT_SET' missing in CS, using English fallback
  INFO: 'STR_DICT_NO_DICT_SET' missing in PT, using English fallback
  INFO: 'STR_DICT_NO_DICT_SET' missing in RU, using English fallback
  INFO: 'STR_DICT_NO_DICT_SET' missing in RO, using English fallback
  INFO: 'STR_DICT_NO_DICT_SET' missing in UK, using English fallback
  INFO: 'STR_DICT_NO_DICT_SET' missing in BE, using English fallback
  INFO: 'STR_DICT_NO_DICT_SET' missing in PL, using English fallback
  INFO: 'STR_DICT_NO_DICT_SET' missing in FI, using English fallback
  INFO: 'STR_DICT_NO_DICT_SET' missing in DA, using English fallback
  INFO: 'STR_DICT_NO_DICT_SET' missing in NL, using English fallback
  INFO: 'STR_DICT_NO_DICT_SET' missing in TR, using English fallback
  INFO: 'STR_DICT_NO_DICT_SET' missing in KK, using English fallback
  INFO: 'STR_DICT_NO_DICT_SET' missing in HU, using English fallback
  INFO: 'STR_DICT_NO_DICT_SET' missing in LT, using English fallback
  INFO: 'STR_DICT_NO_DICT_SET' missing in SI, using English fallback
  INFO: 'STR_DICT_NO_DICT_SET' missing in HE, using English fallback
  INFO: 'STR_DICT_NO_DICT_SET' missing in SK, using English fallback
  INFO: 'STR_DICT_NO_DICT_SET' missing in NB, using English fallback
  INFO: 'STR_DICT_NO_DICT_SET' missing in P2, using English fallback
  INFO: 'STR_DICT_NO_DICT_SET' missing in AR, using English fallback
  INFO: 'STR_DICT_NO_DICT_SET' missing in BS, using English fallback
  INFO: 'STR_DICT_ERROR' missing in FR, using English fallback
  INFO: 'STR_DICT_ERROR' missing in DE, using English fallback
  INFO: 'STR_DICT_ERROR' missing in CS, using English fallback
  INFO: 'STR_DICT_ERROR' missing in PT, using English fallback
  INFO: 'STR_DICT_ERROR' missing in RU, using English fallback
  INFO: 'STR_DICT_ERROR' missing in RO, using English fallback
  INFO: 'STR_DICT_ERROR' missing in UK, using English fallback
  INFO: 'STR_DICT_ERROR' missing in BE, using English fallback
  INFO: 'STR_DICT_ERROR' missing in PL, using English fallback
  INFO: 'STR_DICT_ERROR' missing in FI, using English fallback
  INFO: 'STR_DICT_ERROR' missing in DA, using English fallback
  INFO: 'STR_DICT_ERROR' missing in NL, using English fallback
  INFO: 'STR_DICT_ERROR' missing in TR, using English fallback
  INFO: 'STR_DICT_ERROR' missing in KK, using English fallback
  INFO: 'STR_DICT_ERROR' missing in HU, using English fallback
  INFO: 'STR_DICT_ERROR' missing in LT, using English fallback
  INFO: 'STR_DICT_ERROR' missing in SI, using English fallback
  INFO: 'STR_DICT_ERROR' missing in HE, using English fallback
  INFO: 'STR_DICT_ERROR' missing in SK, using English fallback
  INFO: 'STR_DICT_ERROR' missing in NB, using English fallback
  INFO: 'STR_DICT_ERROR' missing in P2, using English fallback
  INFO: 'STR_DICT_ERROR' missing in AR, using English fallback
  INFO: 'STR_DICT_ERROR' missing in BS, using English fallback
  INFO: 'STR_FINDING_SAVED_WIFI' missing in FR, using English fallback
  INFO: 'STR_FINDING_SAVED_WIFI' missing in DE, using English fallback
  INFO: 'STR_FINDING_SAVED_WIFI' missing in CS, using English fallback
  INFO: 'STR_FINDING_SAVED_WIFI' missing in PT, using English fallback
  INFO: 'STR_FINDING_SAVED_WIFI' missing in RU, using English fallback
  INFO: 'STR_FINDING_SAVED_WIFI' missing in RO, using English fallback
  INFO: 'STR_FINDING_SAVED_WIFI' missing in UK, using English fallback
  INFO: 'STR_FINDING_SAVED_WIFI' missing in BE, using English fallback
  INFO: 'STR_FINDING_SAVED_WIFI' missing in PL, using English fallback
  INFO: 'STR_FINDING_SAVED_WIFI' missing in FI, using English fallback
  INFO: 'STR_FINDING_SAVED_WIFI' missing in DA, using English fallback
  INFO: 'STR_FINDING_SAVED_WIFI' missing in NL, using English fallback
  INFO: 'STR_FINDING_SAVED_WIFI' missing in KK, using English fallback
  INFO: 'STR_FINDING_SAVED_WIFI' missing in LT, using English fallback
  INFO: 'STR_FINDING_SAVED_WIFI' missing in SI, using English fallback
  INFO: 'STR_FINDING_SAVED_WIFI' missing in HE, using English fallback
  INFO: 'STR_FINDING_SAVED_WIFI' missing in SK, using English fallback
  INFO: 'STR_FINDING_SAVED_WIFI' missing in NB, using English fallback
  INFO: 'STR_FINDING_SAVED_WIFI' missing in P2, using English fallback
  INFO: 'STR_CONNECTING_SAVED_WIFI' missing in FR, using English fallback
  INFO: 'STR_CONNECTING_SAVED_WIFI' missing in DE, using English fallback
  INFO: 'STR_CONNECTING_SAVED_WIFI' missing in CS, using English fallback
  INFO: 'STR_CONNECTING_SAVED_WIFI' missing in PT, using English fallback
  INFO: 'STR_CONNECTING_SAVED_WIFI' missing in RU, using English fallback
  INFO: 'STR_CONNECTING_SAVED_WIFI' missing in RO, using English fallback
  INFO: 'STR_CONNECTING_SAVED_WIFI' missing in UK, using English fallback
  INFO: 'STR_CONNECTING_SAVED_WIFI' missing in BE, using English fallback
  INFO: 'STR_CONNECTING_SAVED_WIFI' missing in PL, using English fallback
  INFO: 'STR_CONNECTING_SAVED_WIFI' missing in FI, using English fallback
  INFO: 'STR_CONNECTING_SAVED_WIFI' missing in DA, using English fallback
  INFO: 'STR_CONNECTING_SAVED_WIFI' missing in NL, using English fallback
  INFO: 'STR_CONNECTING_SAVED_WIFI' missing in KK, using English fallback
  INFO: 'STR_CONNECTING_SAVED_WIFI' missing in LT, using English fallback
  INFO: 'STR_CONNECTING_SAVED_WIFI' missing in SI, using English fallback
  INFO: 'STR_CONNECTING_SAVED_WIFI' missing in HE, using English fallback
  INFO: 'STR_CONNECTING_SAVED_WIFI' missing in SK, using English fallback
  INFO: 'STR_CONNECTING_SAVED_WIFI' missing in NB, using English fallback
  INFO: 'STR_CONNECTING_SAVED_WIFI' missing in P2, using English fallback
  INFO: 'STR_SHOW_NETWORKS' missing in FR, using English fallback
  INFO: 'STR_SHOW_NETWORKS' missing in DE, using English fallback
  INFO: 'STR_SHOW_NETWORKS' missing in CS, using English fallback
  INFO: 'STR_SHOW_NETWORKS' missing in PT, using English fallback
  INFO: 'STR_SHOW_NETWORKS' missing in RU, using English fallback
  INFO: 'STR_SHOW_NETWORKS' missing in RO, using English fallback
  INFO: 'STR_SHOW_NETWORKS' missing in UK, using English fallback
  INFO: 'STR_SHOW_NETWORKS' missing in BE, using English fallback
  INFO: 'STR_SHOW_NETWORKS' missing in PL, using English fallback
  INFO: 'STR_SHOW_NETWORKS' missing in FI, using English fallback
  INFO: 'STR_SHOW_NETWORKS' missing in DA, using English fallback
  INFO: 'STR_SHOW_NETWORKS' missing in NL, using English fallback
  INFO: 'STR_SHOW_NETWORKS' missing in KK, using English fallback
  INFO: 'STR_SHOW_NETWORKS' missing in LT, using English fallback
  INFO: 'STR_SHOW_NETWORKS' missing in SI, using English fallback
  INFO: 'STR_SHOW_NETWORKS' missing in HE, using English fallback
  INFO: 'STR_SHOW_NETWORKS' missing in SK, using English fallback
  INFO: 'STR_SHOW_NETWORKS' missing in NB, using English fallback
  INFO: 'STR_SHOW_NETWORKS' missing in P2, using English fallback
  INFO: 'STR_ADD_HIDDEN_NETWORK' missing in NB, using English fallback
  INFO: 'STR_ENTER_WIFI_SSID' missing in NB, using English fallback
  INFO: 'STR_TO_PREFIX' missing in KK, using English fallback
  INFO: 'STR_URL_PREFIX' missing in ES, using English fallback
  INFO: 'STR_URL_PREFIX' missing in FR, using English fallback
  INFO: 'STR_URL_PREFIX' missing in DE, using English fallback
  INFO: 'STR_URL_PREFIX' missing in CS, using English fallback
  INFO: 'STR_URL_PREFIX' missing in PT, using English fallback
  INFO: 'STR_URL_PREFIX' missing in RU, using English fallback
  INFO: 'STR_URL_PREFIX' missing in SV, using English fallback
  INFO: 'STR_URL_PREFIX' missing in RO, using English fallback
  INFO: 'STR_URL_PREFIX' missing in CA, using English fallback
  INFO: 'STR_URL_PREFIX' missing in UK, using English fallback
  INFO: 'STR_URL_PREFIX' missing in BE, using English fallback
  INFO: 'STR_URL_PREFIX' missing in IT, using English fallback
  INFO: 'STR_URL_PREFIX' missing in PL, using English fallback
  INFO: 'STR_URL_PREFIX' missing in FI, using English fallback
  INFO: 'STR_URL_PREFIX' missing in DA, using English fallback
  INFO: 'STR_URL_PREFIX' missing in NL, using English fallback
  INFO: 'STR_URL_PREFIX' missing in TR, using English fallback
  INFO: 'STR_URL_PREFIX' missing in KK, using English fallback
  INFO: 'STR_URL_PREFIX' missing in HU, using English fallback
  INFO: 'STR_URL_PREFIX' missing in LT, using English fallback
  INFO: 'STR_URL_PREFIX' missing in SI, using English fallback
  INFO: 'STR_URL_PREFIX' missing in CAV, using English fallback
  INFO: 'STR_URL_PREFIX' missing in HE, using English fallback
  INFO: 'STR_URL_PREFIX' missing in SK, using English fallback
  INFO: 'STR_URL_PREFIX' missing in VI, using English fallback
  INFO: 'STR_URL_PREFIX' missing in NB, using English fallback
  INFO: 'STR_URL_PREFIX' missing in P2, using English fallback
  INFO: 'STR_URL_PREFIX' missing in AR, using English fallback
  INFO: 'STR_URL_PREFIX' missing in BS, using English fallback
  INFO: 'STR_URL_PREFIX' missing in ID, using English fallback
  INFO: 'STR_TOKEN_PREFIX' missing in ES, using English fallback
  INFO: 'STR_TOKEN_PREFIX' missing in FR, using English fallback
  INFO: 'STR_TOKEN_PREFIX' missing in DE, using English fallback
  INFO: 'STR_TOKEN_PREFIX' missing in CS, using English fallback
  INFO: 'STR_TOKEN_PREFIX' missing in PT, using English fallback
  INFO: 'STR_TOKEN_PREFIX' missing in RU, using English fallback
  INFO: 'STR_TOKEN_PREFIX' missing in SV, using English fallback
  INFO: 'STR_TOKEN_PREFIX' missing in RO, using English fallback
  INFO: 'STR_TOKEN_PREFIX' missing in CA, using English fallback
  INFO: 'STR_TOKEN_PREFIX' missing in UK, using English fallback
  INFO: 'STR_TOKEN_PREFIX' missing in BE, using English fallback
  INFO: 'STR_TOKEN_PREFIX' missing in IT, using English fallback
  INFO: 'STR_TOKEN_PREFIX' missing in PL, using English fallback
  INFO: 'STR_TOKEN_PREFIX' missing in FI, using English fallback
  INFO: 'STR_TOKEN_PREFIX' missing in DA, using English fallback
  INFO: 'STR_TOKEN_PREFIX' missing in NL, using English fallback
  INFO: 'STR_TOKEN_PREFIX' missing in TR, using English fallback
  INFO: 'STR_TOKEN_PREFIX' missing in KK, using English fallback
  INFO: 'STR_TOKEN_PREFIX' missing in HU, using English fallback
  INFO: 'STR_TOKEN_PREFIX' missing in LT, using English fallback
  INFO: 'STR_TOKEN_PREFIX' missing in SI, using English fallback
  INFO: 'STR_TOKEN_PREFIX' missing in CAV, using English fallback
  INFO: 'STR_TOKEN_PREFIX' missing in HE, using English fallback
  INFO: 'STR_TOKEN_PREFIX' missing in SK, using English fallback
  INFO: 'STR_TOKEN_PREFIX' missing in VI, using English fallback
  INFO: 'STR_TOKEN_PREFIX' missing in NB, using English fallback
  INFO: 'STR_TOKEN_PREFIX' missing in P2, using English fallback
  INFO: 'STR_TOKEN_PREFIX' missing in AR, using English fallback
  INFO: 'STR_TOKEN_PREFIX' missing in BS, using English fallback
  INFO: 'STR_TOKEN_PREFIX' missing in ID, using English fallback
  INFO: 'STR_IMAGES' missing in CS, using English fallback
  INFO: 'STR_IMAGES' missing in FI, using English fallback
  INFO: 'STR_IMAGES_DISPLAY' missing in CS, using English fallback
  INFO: 'STR_IMAGES_DISPLAY' missing in FI, using English fallback
  INFO: 'STR_IMAGES_PLACEHOLDER' missing in CS, using English fallback
  INFO: 'STR_IMAGES_PLACEHOLDER' missing in FI, using English fallback
  INFO: 'STR_IMAGES_SUPPRESS' missing in CS, using English fallback
  INFO: 'STR_IMAGES_SUPPRESS' missing in FI, using English fallback
  INFO: 'STR_EOB_HOME' missing in FR, using English fallback
  INFO: 'STR_EOB_HOME' missing in DE, using English fallback
  INFO: 'STR_EOB_HOME' missing in CS, using English fallback
  INFO: 'STR_EOB_HOME' missing in PT, using English fallback
  INFO: 'STR_EOB_HOME' missing in RU, using English fallback
  INFO: 'STR_EOB_HOME' missing in RO, using English fallback
  INFO: 'STR_EOB_HOME' missing in UK, using English fallback
  INFO: 'STR_EOB_HOME' missing in BE, using English fallback
  INFO: 'STR_EOB_HOME' missing in PL, using English fallback
  INFO: 'STR_EOB_HOME' missing in FI, using English fallback
  INFO: 'STR_EOB_HOME' missing in DA, using English fallback
  INFO: 'STR_EOB_HOME' missing in NL, using English fallback
  INFO: 'STR_EOB_HOME' missing in KK, using English fallback
  INFO: 'STR_EOB_HOME' missing in LT, using English fallback
  INFO: 'STR_EOB_HOME' missing in SI, using English fallback
  INFO: 'STR_EOB_HOME' missing in HE, using English fallback
  INFO: 'STR_EOB_HOME' missing in SK, using English fallback
  INFO: 'STR_EOB_HOME' missing in NB, using English fallback
  INFO: 'STR_EOB_HOME' missing in P2, using English fallback
  INFO: 'STR_EOB_CONTINUE_WITH' missing in FR, using English fallback
  INFO: 'STR_EOB_CONTINUE_WITH' missing in DE, using English fallback
  INFO: 'STR_EOB_CONTINUE_WITH' missing in CS, using English fallback
  INFO: 'STR_EOB_CONTINUE_WITH' missing in PT, using English fallback
  INFO: 'STR_EOB_CONTINUE_WITH' missing in RU, using English fallback
  INFO: 'STR_EOB_CONTINUE_WITH' missing in RO, using English fallback
  INFO: 'STR_EOB_CONTINUE_WITH' missing in UK, using English fallback
  INFO: 'STR_EOB_CONTINUE_WITH' missing in BE, using English fallback
  INFO: 'STR_EOB_CONTINUE_WITH' missing in PL, using English fallback
  INFO: 'STR_EOB_CONTINUE_WITH' missing in FI, using English fallback
  INFO: 'STR_EOB_CONTINUE_WITH' missing in DA, using English fallback
  INFO: 'STR_EOB_CONTINUE_WITH' missing in NL, using English fallback
  INFO: 'STR_EOB_CONTINUE_WITH' missing in KK, using English fallback
  INFO: 'STR_EOB_CONTINUE_WITH' missing in LT, using English fallback
  INFO: 'STR_EOB_CONTINUE_WITH' missing in SI, using English fallback
  INFO: 'STR_EOB_CONTINUE_WITH' missing in HE, using English fallback
  INFO: 'STR_EOB_CONTINUE_WITH' missing in SK, using English fallback
  INFO: 'STR_EOB_CONTINUE_WITH' missing in NB, using English fallback
  INFO: 'STR_EOB_CONTINUE_WITH' missing in P2, using English fallback
  INFO: 'STR_TOUCH_READER_CONTROLS' missing in NB, using English fallback
  INFO: 'STR_TOUCH_READER_CONTROLS' missing in P2, using English fallback
  INFO: 'STR_TOUCH_READER_CONTROLS' missing in AR, using English fallback
  INFO: 'STR_TOUCH_READER_CONTROLS' missing in BS, using English fallback
  INFO: 'STR_LONG_PRESS_BEHAVIOR' missing in BE, using English fallback
  INFO: 'STR_LONG_PRESS_BEHAVIOR' missing in KK, using English fallback
  INFO: 'STR_LONG_PRESS_BEHAVIOR' missing in LT, using English fallback
  INFO: 'STR_LONG_PRESS_BEHAVIOR' missing in SI, using English fallback
  INFO: 'STR_LONG_PRESS_BEHAVIOR_OFF' missing in BE, using English fallback
  INFO: 'STR_LONG_PRESS_BEHAVIOR_OFF' missing in KK, using English fallback
  INFO: 'STR_LONG_PRESS_BEHAVIOR_OFF' missing in LT, using English fallback
  INFO: 'STR_LONG_PRESS_BEHAVIOR_OFF' missing in SI, using English fallback
  INFO: 'STR_LONG_PRESS_BEHAVIOR_SKIP' missing in BE, using English fallback
  INFO: 'STR_LONG_PRESS_BEHAVIOR_SKIP' missing in KK, using English fallback
  INFO: 'STR_LONG_PRESS_BEHAVIOR_SKIP' missing in LT, using English fallback
  INFO: 'STR_LONG_PRESS_BEHAVIOR_SKIP' missing in SI, using English fallback
  INFO: 'STR_LONG_PRESS_BEHAVIOR_ORIENTATION' missing in BE, using English fallback
  INFO: 'STR_LONG_PRESS_BEHAVIOR_ORIENTATION' missing in KK, using English fallback
  INFO: 'STR_LONG_PRESS_BEHAVIOR_ORIENTATION' missing in LT, using English fallback
  INFO: 'STR_LONG_PRESS_BEHAVIOR_ORIENTATION' missing in SI, using English fallback
  INFO: 'STR_LONG_PRESS_MENU' missing in FR, using English fallback
  INFO: 'STR_LONG_PRESS_MENU' missing in CS, using English fallback
  INFO: 'STR_LONG_PRESS_MENU' missing in RO, using English fallback
  INFO: 'STR_LONG_PRESS_MENU' missing in UK, using English fallback
  INFO: 'STR_LONG_PRESS_MENU' missing in BE, using English fallback
  INFO: 'STR_LONG_PRESS_MENU' missing in PL, using English fallback
  INFO: 'STR_LONG_PRESS_MENU' missing in FI, using English fallback
  INFO: 'STR_LONG_PRESS_MENU' missing in DA, using English fallback
  INFO: 'STR_LONG_PRESS_MENU' missing in NL, using English fallback
  INFO: 'STR_LONG_PRESS_MENU' missing in KK, using English fallback
  INFO: 'STR_LONG_PRESS_MENU' missing in LT, using English fallback
  INFO: 'STR_LONG_PRESS_MENU' missing in SI, using English fallback
  INFO: 'STR_LONG_PRESS_MENU' missing in SK, using English fallback
  INFO: 'STR_LONG_PRESS_MENU' missing in VI, using English fallback
  INFO: 'STR_TEXT_SETTINGS' missing in AR, using English fallback
  INFO: 'STR_TEXT_SETTINGS' missing in BS, using English fallback
  INFO: 'STR_TEXT_SETTINGS' missing in ID, using English fallback
  INFO: 'STR_FONT' missing in AR, using English fallback
  INFO: 'STR_FONT' missing in BS, using English fallback
  INFO: 'STR_FONT' missing in ID, using English fallback
  INFO: 'STR_SIZE' missing in AR, using English fallback
  INFO: 'STR_SIZE' missing in BS, using English fallback
  INFO: 'STR_SIZE' missing in ID, using English fallback
  INFO: 'STR_LAYOUT' missing in AR, using English fallback
  INFO: 'STR_LAYOUT' missing in BS, using English fallback
  INFO: 'STR_LAYOUT' missing in ID, using English fallback
  INFO: 'STR_ALIGNMENT' missing in AR, using English fallback
  INFO: 'STR_ALIGNMENT' missing in BS, using English fallback
  INFO: 'STR_ALIGNMENT' missing in ID, using English fallback
  INFO: 'STR_STYLE' missing in AR, using English fallback
  INFO: 'STR_STYLE' missing in BS, using English fallback
  INFO: 'STR_STYLE' missing in ID, using English fallback
  INFO: 'STR_NOT_IN_PREVIEW' missing in AR, using English fallback
  INFO: 'STR_NOT_IN_PREVIEW' missing in BS, using English fallback
  INFO: 'STR_NOT_IN_PREVIEW' missing in ID, using English fallback
  INFO: 'STR_SHOW_HIDDEN_FILES' missing in CS, using English fallback
  INFO: 'STR_SHOW_HIDDEN_FILES' missing in FI, using English fallback
  INFO: 'STR_SHOW_HIDDEN_FILES' missing in KK, using English fallback
  INFO: 'STR_SEND_METADATA' missing in NB, using English fallback
  INFO: 'STR_SYNC_BEHAVIOR' missing in FR, using English fallback
  INFO: 'STR_SYNC_BEHAVIOR' missing in DE, using English fallback
  INFO: 'STR_SYNC_BEHAVIOR' missing in CS, using English fallback
  INFO: 'STR_SYNC_BEHAVIOR' missing in PT, using English fallback
  INFO: 'STR_SYNC_BEHAVIOR' missing in RU, using English fallback
  INFO: 'STR_SYNC_BEHAVIOR' missing in RO, using English fallback
  INFO: 'STR_SYNC_BEHAVIOR' missing in UK, using English fallback
  INFO: 'STR_SYNC_BEHAVIOR' missing in BE, using English fallback
  INFO: 'STR_SYNC_BEHAVIOR' missing in PL, using English fallback
  INFO: 'STR_SYNC_BEHAVIOR' missing in FI, using English fallback
  INFO: 'STR_SYNC_BEHAVIOR' missing in DA, using English fallback
  INFO: 'STR_SYNC_BEHAVIOR' missing in NL, using English fallback
  INFO: 'STR_SYNC_BEHAVIOR' missing in TR, using English fallback
  INFO: 'STR_SYNC_BEHAVIOR' missing in KK, using English fallback
  INFO: 'STR_SYNC_BEHAVIOR' missing in HU, using English fallback
  INFO: 'STR_SYNC_BEHAVIOR' missing in LT, using English fallback
  INFO: 'STR_SYNC_BEHAVIOR' missing in SI, using English fallback
  INFO: 'STR_SYNC_BEHAVIOR' missing in HE, using English fallback
  INFO: 'STR_SYNC_BEHAVIOR' missing in SK, using English fallback
  INFO: 'STR_SYNC_BEHAVIOR' missing in VI, using English fallback
  INFO: 'STR_SYNC_BEHAVIOR' missing in NB, using English fallback
  INFO: 'STR_SYNC_BEHAVIOR' missing in P2, using English fallback
  INFO: 'STR_SYNC_BEHAVIOR' missing in AR, using English fallback
  INFO: 'STR_SYNC_BEHAVIOR' missing in BS, using English fallback
  INFO: 'STR_ASK_EVERY_TIME' missing in FR, using English fallback
  INFO: 'STR_ASK_EVERY_TIME' missing in DE, using English fallback
  INFO: 'STR_ASK_EVERY_TIME' missing in CS, using English fallback
  INFO: 'STR_ASK_EVERY_TIME' missing in PT, using English fallback
  INFO: 'STR_ASK_EVERY_TIME' missing in RU, using English fallback
  INFO: 'STR_ASK_EVERY_TIME' missing in RO, using English fallback
  INFO: 'STR_ASK_EVERY_TIME' missing in UK, using English fallback
  INFO: 'STR_ASK_EVERY_TIME' missing in BE, using English fallback
  INFO: 'STR_ASK_EVERY_TIME' missing in PL, using English fallback
  INFO: 'STR_ASK_EVERY_TIME' missing in FI, using English fallback
  INFO: 'STR_ASK_EVERY_TIME' missing in DA, using English fallback
  INFO: 'STR_ASK_EVERY_TIME' missing in NL, using English fallback
  INFO: 'STR_ASK_EVERY_TIME' missing in TR, using English fallback
  INFO: 'STR_ASK_EVERY_TIME' missing in KK, using English fallback
  INFO: 'STR_ASK_EVERY_TIME' missing in HU, using English fallback
  INFO: 'STR_ASK_EVERY_TIME' missing in LT, using English fallback
  INFO: 'STR_ASK_EVERY_TIME' missing in SI, using English fallback
  INFO: 'STR_ASK_EVERY_TIME' missing in HE, using English fallback
  INFO: 'STR_ASK_EVERY_TIME' missing in SK, using English fallback
  INFO: 'STR_ASK_EVERY_TIME' missing in VI, using English fallback
  INFO: 'STR_ASK_EVERY_TIME' missing in NB, using English fallback
  INFO: 'STR_ASK_EVERY_TIME' missing in P2, using English fallback
  INFO: 'STR_ASK_EVERY_TIME' missing in AR, using English fallback
  INFO: 'STR_ASK_EVERY_TIME' missing in BS, using English fallback
  INFO: 'STR_SMART_SYNC' missing in FR, using English fallback
  INFO: 'STR_SMART_SYNC' missing in DE, using English fallback
  INFO: 'STR_SMART_SYNC' missing in CS, using English fallback
  INFO: 'STR_SMART_SYNC' missing in PT, using English fallback
  INFO: 'STR_SMART_SYNC' missing in RU, using English fallback
  INFO: 'STR_SMART_SYNC' missing in RO, using English fallback
  INFO: 'STR_SMART_SYNC' missing in UK, using English fallback
  INFO: 'STR_SMART_SYNC' missing in BE, using English fallback
  INFO: 'STR_SMART_SYNC' missing in PL, using English fallback
  INFO: 'STR_SMART_SYNC' missing in FI, using English fallback
  INFO: 'STR_SMART_SYNC' missing in DA, using English fallback
  INFO: 'STR_SMART_SYNC' missing in NL, using English fallback
  INFO: 'STR_SMART_SYNC' missing in TR, using English fallback
  INFO: 'STR_SMART_SYNC' missing in KK, using English fallback
  INFO: 'STR_SMART_SYNC' missing in HU, using English fallback
  INFO: 'STR_SMART_SYNC' missing in LT, using English fallback
  INFO: 'STR_SMART_SYNC' missing in SI, using English fallback
  INFO: 'STR_SMART_SYNC' missing in HE, using English fallback
  INFO: 'STR_SMART_SYNC' missing in SK, using English fallback
  INFO: 'STR_SMART_SYNC' missing in VI, using English fallback
  INFO: 'STR_SMART_SYNC' missing in NB, using English fallback
  INFO: 'STR_SMART_SYNC' missing in P2, using English fallback
  INFO: 'STR_SMART_SYNC' missing in AR, using English fallback
  INFO: 'STR_SMART_SYNC' missing in BS, using English fallback
  INFO: 'STR_SIGN_UP' missing in FR, using English fallback
  INFO: 'STR_SIGN_UP' missing in DE, using English fallback
  INFO: 'STR_SIGN_UP' missing in CS, using English fallback
  INFO: 'STR_SIGN_UP' missing in PT, using English fallback
  INFO: 'STR_SIGN_UP' missing in RU, using English fallback
  INFO: 'STR_SIGN_UP' missing in RO, using English fallback
  INFO: 'STR_SIGN_UP' missing in UK, using English fallback
  INFO: 'STR_SIGN_UP' missing in BE, using English fallback
  INFO: 'STR_SIGN_UP' missing in PL, using English fallback
  INFO: 'STR_SIGN_UP' missing in FI, using English fallback
  INFO: 'STR_SIGN_UP' missing in DA, using English fallback
  INFO: 'STR_SIGN_UP' missing in NL, using English fallback
  INFO: 'STR_SIGN_UP' missing in TR, using English fallback
  INFO: 'STR_SIGN_UP' missing in KK, using English fallback
  INFO: 'STR_SIGN_UP' missing in HU, using English fallback
  INFO: 'STR_SIGN_UP' missing in LT, using English fallback
  INFO: 'STR_SIGN_UP' missing in SI, using English fallback
  INFO: 'STR_SIGN_UP' missing in HE, using English fallback
  INFO: 'STR_SIGN_UP' missing in SK, using English fallback
  INFO: 'STR_SIGN_UP' missing in VI, using English fallback
  INFO: 'STR_SIGN_UP' missing in NB, using English fallback
  INFO: 'STR_SIGN_UP' missing in P2, using English fallback
  INFO: 'STR_SIGN_UP' missing in AR, using English fallback
  INFO: 'STR_SIGN_UP' missing in BS, using English fallback
  INFO: 'STR_CREATING_ACCOUNT' missing in FR, using English fallback
  INFO: 'STR_CREATING_ACCOUNT' missing in DE, using English fallback
  INFO: 'STR_CREATING_ACCOUNT' missing in CS, using English fallback
  INFO: 'STR_CREATING_ACCOUNT' missing in PT, using English fallback
  INFO: 'STR_CREATING_ACCOUNT' missing in RU, using English fallback
  INFO: 'STR_CREATING_ACCOUNT' missing in RO, using English fallback
  INFO: 'STR_CREATING_ACCOUNT' missing in UK, using English fallback
  INFO: 'STR_CREATING_ACCOUNT' missing in BE, using English fallback
  INFO: 'STR_CREATING_ACCOUNT' missing in PL, using English fallback
  INFO: 'STR_CREATING_ACCOUNT' missing in FI, using English fallback
  INFO: 'STR_CREATING_ACCOUNT' missing in DA, using English fallback
  INFO: 'STR_CREATING_ACCOUNT' missing in NL, using English fallback
  INFO: 'STR_CREATING_ACCOUNT' missing in TR, using English fallback
  INFO: 'STR_CREATING_ACCOUNT' missing in KK, using English fallback
  INFO: 'STR_CREATING_ACCOUNT' missing in HU, using English fallback
  INFO: 'STR_CREATING_ACCOUNT' missing in LT, using English fallback
  INFO: 'STR_CREATING_ACCOUNT' missing in SI, using English fallback
  INFO: 'STR_CREATING_ACCOUNT' missing in HE, using English fallback
  INFO: 'STR_CREATING_ACCOUNT' missing in SK, using English fallback
  INFO: 'STR_CREATING_ACCOUNT' missing in VI, using English fallback
  INFO: 'STR_CREATING_ACCOUNT' missing in NB, using English fallback
  INFO: 'STR_CREATING_ACCOUNT' missing in P2, using English fallback
  INFO: 'STR_CREATING_ACCOUNT' missing in AR, using English fallback
  INFO: 'STR_CREATING_ACCOUNT' missing in BS, using English fallback
  INFO: 'STR_ACCOUNT_CREATED' missing in FR, using English fallback
  INFO: 'STR_ACCOUNT_CREATED' missing in DE, using English fallback
  INFO: 'STR_ACCOUNT_CREATED' missing in CS, using English fallback
  INFO: 'STR_ACCOUNT_CREATED' missing in PT, using English fallback
  INFO: 'STR_ACCOUNT_CREATED' missing in RU, using English fallback
  INFO: 'STR_ACCOUNT_CREATED' missing in RO, using English fallback
  INFO: 'STR_ACCOUNT_CREATED' missing in UK, using English fallback
  INFO: 'STR_ACCOUNT_CREATED' missing in BE, using English fallback
  INFO: 'STR_ACCOUNT_CREATED' missing in PL, using English fallback
  INFO: 'STR_ACCOUNT_CREATED' missing in FI, using English fallback
  INFO: 'STR_ACCOUNT_CREATED' missing in DA, using English fallback
  INFO: 'STR_ACCOUNT_CREATED' missing in NL, using English fallback
  INFO: 'STR_ACCOUNT_CREATED' missing in TR, using English fallback
  INFO: 'STR_ACCOUNT_CREATED' missing in KK, using English fallback
  INFO: 'STR_ACCOUNT_CREATED' missing in HU, using English fallback
  INFO: 'STR_ACCOUNT_CREATED' missing in LT, using English fallback
  INFO: 'STR_ACCOUNT_CREATED' missing in SI, using English fallback
  INFO: 'STR_ACCOUNT_CREATED' missing in HE, using English fallback
  INFO: 'STR_ACCOUNT_CREATED' missing in SK, using English fallback
  INFO: 'STR_ACCOUNT_CREATED' missing in VI, using English fallback
  INFO: 'STR_ACCOUNT_CREATED' missing in NB, using English fallback
  INFO: 'STR_ACCOUNT_CREATED' missing in P2, using English fallback
  INFO: 'STR_ACCOUNT_CREATED' missing in AR, using English fallback
  INFO: 'STR_ACCOUNT_CREATED' missing in BS, using English fallback
  INFO: 'STR_SIGNUP_FAILED' missing in FR, using English fallback
  INFO: 'STR_SIGNUP_FAILED' missing in DE, using English fallback
  INFO: 'STR_SIGNUP_FAILED' missing in CS, using English fallback
  INFO: 'STR_SIGNUP_FAILED' missing in PT, using English fallback
  INFO: 'STR_SIGNUP_FAILED' missing in RU, using English fallback
  INFO: 'STR_SIGNUP_FAILED' missing in RO, using English fallback
  INFO: 'STR_SIGNUP_FAILED' missing in UK, using English fallback
  INFO: 'STR_SIGNUP_FAILED' missing in BE, using English fallback
  INFO: 'STR_SIGNUP_FAILED' missing in PL, using English fallback
  INFO: 'STR_SIGNUP_FAILED' missing in FI, using English fallback
  INFO: 'STR_SIGNUP_FAILED' missing in DA, using English fallback
  INFO: 'STR_SIGNUP_FAILED' missing in NL, using English fallback
  INFO: 'STR_SIGNUP_FAILED' missing in TR, using English fallback
  INFO: 'STR_SIGNUP_FAILED' missing in KK, using English fallback
  INFO: 'STR_SIGNUP_FAILED' missing in HU, using English fallback
  INFO: 'STR_SIGNUP_FAILED' missing in LT, using English fallback
  INFO: 'STR_SIGNUP_FAILED' missing in SI, using English fallback
  INFO: 'STR_SIGNUP_FAILED' missing in HE, using English fallback
  INFO: 'STR_SIGNUP_FAILED' missing in SK, using English fallback
  INFO: 'STR_SIGNUP_FAILED' missing in VI, using English fallback
  INFO: 'STR_SIGNUP_FAILED' missing in NB, using English fallback
  INFO: 'STR_SIGNUP_FAILED' missing in P2, using English fallback
  INFO: 'STR_SIGNUP_FAILED' missing in AR, using English fallback
  INFO: 'STR_SIGNUP_FAILED' missing in BS, using English fallback
  INFO: 'STR_USERNAME_TAKEN' missing in FR, using English fallback
  INFO: 'STR_USERNAME_TAKEN' missing in CS, using English fallback
  INFO: 'STR_USERNAME_TAKEN' missing in PT, using English fallback
  INFO: 'STR_USERNAME_TAKEN' missing in RU, using English fallback
  INFO: 'STR_USERNAME_TAKEN' missing in RO, using English fallback
  INFO: 'STR_USERNAME_TAKEN' missing in UK, using English fallback
  INFO: 'STR_USERNAME_TAKEN' missing in BE, using English fallback
  INFO: 'STR_USERNAME_TAKEN' missing in PL, using English fallback
  INFO: 'STR_USERNAME_TAKEN' missing in FI, using English fallback
  INFO: 'STR_USERNAME_TAKEN' missing in DA, using English fallback
  INFO: 'STR_USERNAME_TAKEN' missing in NL, using English fallback
  INFO: 'STR_USERNAME_TAKEN' missing in TR, using English fallback
  INFO: 'STR_USERNAME_TAKEN' missing in KK, using English fallback
  INFO: 'STR_USERNAME_TAKEN' missing in HU, using English fallback
  INFO: 'STR_USERNAME_TAKEN' missing in LT, using English fallback
  INFO: 'STR_USERNAME_TAKEN' missing in SI, using English fallback
  INFO: 'STR_USERNAME_TAKEN' missing in HE, using English fallback
  INFO: 'STR_USERNAME_TAKEN' missing in SK, using English fallback
  INFO: 'STR_USERNAME_TAKEN' missing in VI, using English fallback
  INFO: 'STR_USERNAME_TAKEN' missing in NB, using English fallback
  INFO: 'STR_USERNAME_TAKEN' missing in P2, using English fallback
  INFO: 'STR_USERNAME_TAKEN' missing in AR, using English fallback
  INFO: 'STR_USERNAME_TAKEN' missing in BS, using English fallback
  INFO: 'STR_FAILED_COUNT_FORMAT' missing in ES, using English fallback
  INFO: 'STR_FAILED_COUNT_FORMAT' missing in FR, using English fallback
  INFO: 'STR_FAILED_COUNT_FORMAT' missing in DE, using English fallback
  INFO: 'STR_FAILED_COUNT_FORMAT' missing in CS, using English fallback
  INFO: 'STR_FAILED_COUNT_FORMAT' missing in PT, using English fallback
  INFO: 'STR_FAILED_COUNT_FORMAT' missing in RU, using English fallback
  INFO: 'STR_FAILED_COUNT_FORMAT' missing in SV, using English fallback
  INFO: 'STR_FAILED_COUNT_FORMAT' missing in RO, using English fallback
  INFO: 'STR_FAILED_COUNT_FORMAT' missing in CA, using English fallback
  INFO: 'STR_FAILED_COUNT_FORMAT' missing in UK, using English fallback
  INFO: 'STR_FAILED_COUNT_FORMAT' missing in BE, using English fallback
  INFO: 'STR_FAILED_COUNT_FORMAT' missing in IT, using English fallback
  INFO: 'STR_FAILED_COUNT_FORMAT' missing in PL, using English fallback
  INFO: 'STR_FAILED_COUNT_FORMAT' missing in FI, using English fallback
  INFO: 'STR_FAILED_COUNT_FORMAT' missing in DA, using English fallback
  INFO: 'STR_FAILED_COUNT_FORMAT' missing in NL, using English fallback
  INFO: 'STR_FAILED_COUNT_FORMAT' missing in TR, using English fallback
  INFO: 'STR_FAILED_COUNT_FORMAT' missing in KK, using English fallback
  INFO: 'STR_FAILED_COUNT_FORMAT' missing in HU, using English fallback
  INFO: 'STR_FAILED_COUNT_FORMAT' missing in LT, using English fallback
  INFO: 'STR_FAILED_COUNT_FORMAT' missing in SI, using English fallback
  INFO: 'STR_FAILED_COUNT_FORMAT' missing in CAV, using English fallback
  INFO: 'STR_FAILED_COUNT_FORMAT' missing in HE, using English fallback
  INFO: 'STR_FAILED_COUNT_FORMAT' missing in SK, using English fallback
  INFO: 'STR_FAILED_COUNT_FORMAT' missing in VI, using English fallback
  INFO: 'STR_FAILED_COUNT_FORMAT' missing in NB, using English fallback
  INFO: 'STR_FAILED_COUNT_FORMAT' missing in P2, using English fallback
  INFO: 'STR_FAILED_COUNT_FORMAT' missing in AR, using English fallback
  INFO: 'STR_FAILED_COUNT_FORMAT' missing in BS, using English fallback
  INFO: 'STR_FAILED_COUNT_FORMAT' missing in ID, using English fallback
  INFO: 'STR_FORCE_REFRESH' missing in FR, using English fallback
  INFO: 'STR_FORCE_REFRESH' missing in CS, using English fallback
  INFO: 'STR_FORCE_REFRESH' missing in RO, using English fallback
  INFO: 'STR_FORCE_REFRESH' missing in BE, using English fallback
  INFO: 'STR_FORCE_REFRESH' missing in FI, using English fallback
  INFO: 'STR_FORCE_REFRESH' missing in DA, using English fallback
  INFO: 'STR_FORCE_REFRESH' missing in NL, using English fallback
  INFO: 'STR_FORCE_REFRESH' missing in KK, using English fallback
  INFO: 'STR_FORCE_REFRESH' missing in LT, using English fallback
  INFO: 'STR_FORCE_REFRESH' missing in SI, using English fallback
  INFO: 'STR_KOSYNC' missing in FR, using English fallback
  INFO: 'STR_KOSYNC' missing in DE, using English fallback
  INFO: 'STR_KOSYNC' missing in CS, using English fallback
  INFO: 'STR_KOSYNC' missing in RO, using English fallback
  INFO: 'STR_KOSYNC' missing in UK, using English fallback
  INFO: 'STR_KOSYNC' missing in BE, using English fallback
  INFO: 'STR_KOSYNC' missing in PL, using English fallback
  INFO: 'STR_KOSYNC' missing in FI, using English fallback
  INFO: 'STR_KOSYNC' missing in DA, using English fallback
  INFO: 'STR_KOSYNC' missing in NL, using English fallback
  INFO: 'STR_KOSYNC' missing in KK, using English fallback
  INFO: 'STR_KOSYNC' missing in LT, using English fallback
  INFO: 'STR_KOSYNC' missing in SI, using English fallback
  INFO: 'STR_KOSYNC' missing in SK, using English fallback
  INFO: 'STR_BOOKMARK_OPTION' missing in FR, using English fallback
  INFO: 'STR_BOOKMARK_OPTION' missing in DE, using English fallback
  INFO: 'STR_BOOKMARK_OPTION' missing in CS, using English fallback
  INFO: 'STR_BOOKMARK_OPTION' missing in RO, using English fallback
  INFO: 'STR_BOOKMARK_OPTION' missing in UK, using English fallback
  INFO: 'STR_BOOKMARK_OPTION' missing in BE, using English fallback
  INFO: 'STR_BOOKMARK_OPTION' missing in PL, using English fallback
  INFO: 'STR_BOOKMARK_OPTION' missing in FI, using English fallback
  INFO: 'STR_BOOKMARK_OPTION' missing in DA, using English fallback
  INFO: 'STR_BOOKMARK_OPTION' missing in NL, using English fallback
  INFO: 'STR_BOOKMARK_OPTION' missing in KK, using English fallback
  INFO: 'STR_BOOKMARK_OPTION' missing in LT, using English fallback
  INFO: 'STR_BOOKMARK_OPTION' missing in SI, using English fallback
  INFO: 'STR_BOOKMARK_OPTION' missing in SK, using English fallback
  INFO: 'STR_DICTIONARY' missing in FR, using English fallback
  INFO: 'STR_DICTIONARY' missing in DE, using English fallback
  INFO: 'STR_DICTIONARY' missing in CS, using English fallback
  INFO: 'STR_DICTIONARY' missing in PT, using English fallback
  INFO: 'STR_DICTIONARY' missing in RU, using English fallback
  INFO: 'STR_DICTIONARY' missing in RO, using English fallback
  INFO: 'STR_DICTIONARY' missing in UK, using English fallback
  INFO: 'STR_DICTIONARY' missing in BE, using English fallback
  INFO: 'STR_DICTIONARY' missing in PL, using English fallback
  INFO: 'STR_DICTIONARY' missing in FI, using English fallback
  INFO: 'STR_DICTIONARY' missing in DA, using English fallback
  INFO: 'STR_DICTIONARY' missing in NL, using English fallback
  INFO: 'STR_DICTIONARY' missing in TR, using English fallback
  INFO: 'STR_DICTIONARY' missing in KK, using English fallback
  INFO: 'STR_DICTIONARY' missing in HU, using English fallback
  INFO: 'STR_DICTIONARY' missing in LT, using English fallback
  INFO: 'STR_DICTIONARY' missing in SI, using English fallback
  INFO: 'STR_DICTIONARY' missing in HE, using English fallback
  INFO: 'STR_DICTIONARY' missing in SK, using English fallback
  INFO: 'STR_DICTIONARY' missing in NB, using English fallback
  INFO: 'STR_DICTIONARY' missing in P2, using English fallback
  INFO: 'STR_DICTIONARY' missing in AR, using English fallback
  INFO: 'STR_DICTIONARY' missing in BS, using English fallback
  INFO: 'STR_DISABLED' missing in FR, using English fallback
  INFO: 'STR_DISABLED' missing in CS, using English fallback
  INFO: 'STR_DISABLED' missing in RO, using English fallback
  INFO: 'STR_DISABLED' missing in BE, using English fallback
  INFO: 'STR_DISABLED' missing in PL, using English fallback
  INFO: 'STR_DISABLED' missing in FI, using English fallback
  INFO: 'STR_DISABLED' missing in DA, using English fallback
  INFO: 'STR_DISABLED' missing in NL, using English fallback
  INFO: 'STR_DISABLED' missing in KK, using English fallback
  INFO: 'STR_DISABLED' missing in LT, using English fallback
  INFO: 'STR_DISABLED' missing in SI, using English fallback
  INFO: 'STR_RESTARTING_HINT' missing in FR, using English fallback
  INFO: 'STR_RESTARTING_HINT' missing in CS, using English fallback
  INFO: 'STR_RESTARTING_HINT' missing in RO, using English fallback
  INFO: 'STR_RESTARTING_HINT' missing in BE, using English fallback
  INFO: 'STR_RESTARTING_HINT' missing in FI, using English fallback
  INFO: 'STR_RESTARTING_HINT' missing in DA, using English fallback
  INFO: 'STR_RESTARTING_HINT' missing in NL, using English fallback
  INFO: 'STR_RESTARTING_HINT' missing in KK, using English fallback
  INFO: 'STR_RESTARTING_HINT' missing in LT, using English fallback
  INFO: 'STR_RESTARTING_HINT' missing in SI, using English fallback
  INFO: 'STR_NEXT_PAGE' missing in FR, using English fallback
  INFO: 'STR_NEXT_PAGE' missing in CS, using English fallback
  INFO: 'STR_NEXT_PAGE' missing in RO, using English fallback
  INFO: 'STR_NEXT_PAGE' missing in BE, using English fallback
  INFO: 'STR_NEXT_PAGE' missing in FI, using English fallback
  INFO: 'STR_NEXT_PAGE' missing in DA, using English fallback
  INFO: 'STR_NEXT_PAGE' missing in NL, using English fallback
  INFO: 'STR_NEXT_PAGE' missing in KK, using English fallback
  INFO: 'STR_NEXT_PAGE' missing in LT, using English fallback
  INFO: 'STR_NEXT_PAGE' missing in SI, using English fallback
  INFO: 'STR_PREV_PAGE' missing in FR, using English fallback
  INFO: 'STR_PREV_PAGE' missing in CS, using English fallback
  INFO: 'STR_PREV_PAGE' missing in RO, using English fallback
  INFO: 'STR_PREV_PAGE' missing in BE, using English fallback
  INFO: 'STR_PREV_PAGE' missing in FI, using English fallback
  INFO: 'STR_PREV_PAGE' missing in DA, using English fallback
  INFO: 'STR_PREV_PAGE' missing in NL, using English fallback
  INFO: 'STR_PREV_PAGE' missing in KK, using English fallback
  INFO: 'STR_PREV_PAGE' missing in LT, using English fallback
  INFO: 'STR_PREV_PAGE' missing in SI, using English fallback
  INFO: 'STR_SD_CARD_ERROR' missing in ES, using English fallback
  INFO: 'STR_SD_CARD_ERROR' missing in FR, using English fallback
  INFO: 'STR_SD_CARD_ERROR' missing in DE, using English fallback
  INFO: 'STR_SD_CARD_ERROR' missing in CS, using English fallback
  INFO: 'STR_SD_CARD_ERROR' missing in PT, using English fallback
  INFO: 'STR_SD_CARD_ERROR' missing in RU, using English fallback
  INFO: 'STR_SD_CARD_ERROR' missing in SV, using English fallback
  INFO: 'STR_SD_CARD_ERROR' missing in RO, using English fallback
  INFO: 'STR_SD_CARD_ERROR' missing in CA, using English fallback
  INFO: 'STR_SD_CARD_ERROR' missing in UK, using English fallback
  INFO: 'STR_SD_CARD_ERROR' missing in BE, using English fallback
  INFO: 'STR_SD_CARD_ERROR' missing in IT, using English fallback
  INFO: 'STR_SD_CARD_ERROR' missing in PL, using English fallback
  INFO: 'STR_SD_CARD_ERROR' missing in FI, using English fallback
  INFO: 'STR_SD_CARD_ERROR' missing in DA, using English fallback
  INFO: 'STR_SD_CARD_ERROR' missing in NL, using English fallback
  INFO: 'STR_SD_CARD_ERROR' missing in TR, using English fallback
  INFO: 'STR_SD_CARD_ERROR' missing in KK, using English fallback
  INFO: 'STR_SD_CARD_ERROR' missing in HU, using English fallback
  INFO: 'STR_SD_CARD_ERROR' missing in LT, using English fallback
  INFO: 'STR_SD_CARD_ERROR' missing in SI, using English fallback
  INFO: 'STR_SD_CARD_ERROR' missing in CAV, using English fallback
  INFO: 'STR_SD_CARD_ERROR' missing in HE, using English fallback
  INFO: 'STR_SD_CARD_ERROR' missing in SK, using English fallback
  INFO: 'STR_SD_CARD_ERROR' missing in VI, using English fallback
  INFO: 'STR_SD_CARD_ERROR' missing in NB, using English fallback
  INFO: 'STR_SD_CARD_ERROR' missing in P2, using English fallback
  INFO: 'STR_SD_CARD_ERROR' missing in AR, using English fallback
  INFO: 'STR_SD_CARD_ERROR' missing in BS, using English fallback
  INFO: 'STR_SD_CARD_ERROR' missing in ID, using English fallback
  INFO: 'STR_SELECTED' missing in CS, using English fallback
  INFO: 'STR_SELECTED' missing in FI, using English fallback
  INFO: 'STR_TAP_TO_RETRY' missing in FR, using English fallback
  INFO: 'STR_TAP_TO_RETRY' missing in DE, using English fallback
  INFO: 'STR_TAP_TO_RETRY' missing in CS, using English fallback
  INFO: 'STR_TAP_TO_RETRY' missing in PT, using English fallback
  INFO: 'STR_TAP_TO_RETRY' missing in RU, using English fallback
  INFO: 'STR_TAP_TO_RETRY' missing in SV, using English fallback
  INFO: 'STR_TAP_TO_RETRY' missing in RO, using English fallback
  INFO: 'STR_TAP_TO_RETRY' missing in UK, using English fallback
  INFO: 'STR_TAP_TO_RETRY' missing in BE, using English fallback
  INFO: 'STR_TAP_TO_RETRY' missing in PL, using English fallback
  INFO: 'STR_TAP_TO_RETRY' missing in FI, using English fallback
  INFO: 'STR_TAP_TO_RETRY' missing in DA, using English fallback
  INFO: 'STR_TAP_TO_RETRY' missing in NL, using English fallback
  INFO: 'STR_TAP_TO_RETRY' missing in TR, using English fallback
  INFO: 'STR_TAP_TO_RETRY' missing in KK, using English fallback
  INFO: 'STR_TAP_TO_RETRY' missing in HU, using English fallback
  INFO: 'STR_TAP_TO_RETRY' missing in LT, using English fallback
  INFO: 'STR_TAP_TO_RETRY' missing in SI, using English fallback
  INFO: 'STR_TAP_TO_RETRY' missing in HE, using English fallback
  INFO: 'STR_TAP_TO_RETRY' missing in SK, using English fallback
  INFO: 'STR_TAP_TO_RETRY' missing in NB, using English fallback
  INFO: 'STR_TAP_TO_RETRY' missing in P2, using English fallback
  INFO: 'STR_TAP_TO_RETRY' missing in AR, using English fallback
  INFO: 'STR_TAP_TO_RETRY' missing in BS, using English fallback
  INFO: 'STR_SHOW' missing in CS, using English fallback
  INFO: 'STR_SHOW' missing in FI, using English fallback
  INFO: 'STR_HIDE' missing in CS, using English fallback
  INFO: 'STR_HIDE' missing in FI, using English fallback
  INFO: 'STR_KEY_SHIFT' missing in FR, using English fallback
  INFO: 'STR_KEY_SHIFT' missing in DE, using English fallback
  INFO: 'STR_KEY_SHIFT' missing in CS, using English fallback
  INFO: 'STR_KEY_SHIFT' missing in PT, using English fallback
  INFO: 'STR_KEY_SHIFT' missing in RU, using English fallback
  INFO: 'STR_KEY_SHIFT' missing in SV, using English fallback
  INFO: 'STR_KEY_SHIFT' missing in RO, using English fallback
  INFO: 'STR_KEY_SHIFT' missing in UK, using English fallback
  INFO: 'STR_KEY_SHIFT' missing in BE, using English fallback
  INFO: 'STR_KEY_SHIFT' missing in PL, using English fallback
  INFO: 'STR_KEY_SHIFT' missing in FI, using English fallback
  INFO: 'STR_KEY_SHIFT' missing in DA, using English fallback
  INFO: 'STR_KEY_SHIFT' missing in NL, using English fallback
  INFO: 'STR_KEY_SHIFT' missing in TR, using English fallback
  INFO: 'STR_KEY_SHIFT' missing in KK, using English fallback
  INFO: 'STR_KEY_SHIFT' missing in HU, using English fallback
  INFO: 'STR_KEY_SHIFT' missing in LT, using English fallback
  INFO: 'STR_KEY_SHIFT' missing in SI, using English fallback
  INFO: 'STR_KEY_SHIFT' missing in HE, using English fallback
  INFO: 'STR_KEY_SHIFT' missing in SK, using English fallback
  INFO: 'STR_KEY_SHIFT' missing in VI, using English fallback
  INFO: 'STR_KEY_SHIFT' missing in NB, using English fallback
  INFO: 'STR_KEY_SHIFT' missing in P2, using English fallback
  INFO: 'STR_KEY_SHIFT' missing in AR, using English fallback
  INFO: 'STR_KEY_SHIFT' missing in BS, using English fallback
  INFO: 'STR_KEY_MODE_SYMBOLS' missing in FR, using English fallback
  INFO: 'STR_KEY_MODE_SYMBOLS' missing in DE, using English fallback
  INFO: 'STR_KEY_MODE_SYMBOLS' missing in CS, using English fallback
  INFO: 'STR_KEY_MODE_SYMBOLS' missing in PT, using English fallback
  INFO: 'STR_KEY_MODE_SYMBOLS' missing in RU, using English fallback
  INFO: 'STR_KEY_MODE_SYMBOLS' missing in SV, using English fallback
  INFO: 'STR_KEY_MODE_SYMBOLS' missing in RO, using English fallback
  INFO: 'STR_KEY_MODE_SYMBOLS' missing in UK, using English fallback
  INFO: 'STR_KEY_MODE_SYMBOLS' missing in BE, using English fallback
  INFO: 'STR_KEY_MODE_SYMBOLS' missing in PL, using English fallback
  INFO: 'STR_KEY_MODE_SYMBOLS' missing in FI, using English fallback
  INFO: 'STR_KEY_MODE_SYMBOLS' missing in DA, using English fallback
  INFO: 'STR_KEY_MODE_SYMBOLS' missing in NL, using English fallback
  INFO: 'STR_KEY_MODE_SYMBOLS' missing in TR, using English fallback
  INFO: 'STR_KEY_MODE_SYMBOLS' missing in KK, using English fallback
  INFO: 'STR_KEY_MODE_SYMBOLS' missing in HU, using English fallback
  INFO: 'STR_KEY_MODE_SYMBOLS' missing in LT, using English fallback
  INFO: 'STR_KEY_MODE_SYMBOLS' missing in SI, using English fallback
  INFO: 'STR_KEY_MODE_SYMBOLS' missing in HE, using English fallback
  INFO: 'STR_KEY_MODE_SYMBOLS' missing in SK, using English fallback
  INFO: 'STR_KEY_MODE_SYMBOLS' missing in VI, using English fallback
  INFO: 'STR_KEY_MODE_SYMBOLS' missing in NB, using English fallback
  INFO: 'STR_KEY_MODE_SYMBOLS' missing in P2, using English fallback
  INFO: 'STR_KEY_MODE_SYMBOLS' missing in AR, using English fallback
  INFO: 'STR_KEY_MODE_SYMBOLS' missing in BS, using English fallback
  INFO: 'STR_KEY_MODE_ABC' missing in FR, using English fallback
  INFO: 'STR_KEY_MODE_ABC' missing in DE, using English fallback
  INFO: 'STR_KEY_MODE_ABC' missing in CS, using English fallback
  INFO: 'STR_KEY_MODE_ABC' missing in PT, using English fallback
  INFO: 'STR_KEY_MODE_ABC' missing in RU, using English fallback
  INFO: 'STR_KEY_MODE_ABC' missing in SV, using English fallback
  INFO: 'STR_KEY_MODE_ABC' missing in RO, using English fallback
  INFO: 'STR_KEY_MODE_ABC' missing in UK, using English fallback
  INFO: 'STR_KEY_MODE_ABC' missing in BE, using English fallback
  INFO: 'STR_KEY_MODE_ABC' missing in PL, using English fallback
  INFO: 'STR_KEY_MODE_ABC' missing in FI, using English fallback
  INFO: 'STR_KEY_MODE_ABC' missing in DA, using English fallback
  INFO: 'STR_KEY_MODE_ABC' missing in NL, using English fallback
  INFO: 'STR_KEY_MODE_ABC' missing in TR, using English fallback
  INFO: 'STR_KEY_MODE_ABC' missing in KK, using English fallback
  INFO: 'STR_KEY_MODE_ABC' missing in HU, using English fallback
  INFO: 'STR_KEY_MODE_ABC' missing in LT, using English fallback
  INFO: 'STR_KEY_MODE_ABC' missing in SI, using English fallback
  INFO: 'STR_KEY_MODE_ABC' missing in HE, using English fallback
  INFO: 'STR_KEY_MODE_ABC' missing in SK, using English fallback
  INFO: 'STR_KEY_MODE_ABC' missing in VI, using English fallback
  INFO: 'STR_KEY_MODE_ABC' missing in NB, using English fallback
  INFO: 'STR_KEY_MODE_ABC' missing in P2, using English fallback
  INFO: 'STR_KEY_MODE_ABC' missing in AR, using English fallback
  INFO: 'STR_KEY_MODE_ABC' missing in BS, using English fallback
  INFO: 'STR_FILTER_INVERTED' missing in ES, using English fallback
  INFO: 'STR_FILTER_INVERTED' missing in FR, using English fallback
  INFO: 'STR_FILTER_INVERTED' missing in DE, using English fallback
  INFO: 'STR_FILTER_INVERTED' missing in CS, using English fallback
  INFO: 'STR_FILTER_INVERTED' missing in PT, using English fallback
  INFO: 'STR_FILTER_INVERTED' missing in RU, using English fallback
  INFO: 'STR_FILTER_INVERTED' missing in SV, using English fallback
  INFO: 'STR_FILTER_INVERTED' missing in RO, using English fallback
  INFO: 'STR_FILTER_INVERTED' missing in CA, using English fallback
  INFO: 'STR_FILTER_INVERTED' missing in UK, using English fallback
  INFO: 'STR_FILTER_INVERTED' missing in BE, using English fallback
  INFO: 'STR_FILTER_INVERTED' missing in IT, using English fallback
  INFO: 'STR_FILTER_INVERTED' missing in PL, using English fallback
  INFO: 'STR_FILTER_INVERTED' missing in FI, using English fallback
  INFO: 'STR_FILTER_INVERTED' missing in DA, using English fallback
  INFO: 'STR_FILTER_INVERTED' missing in NL, using English fallback
  INFO: 'STR_FILTER_INVERTED' missing in TR, using English fallback
  INFO: 'STR_FILTER_INVERTED' missing in KK, using English fallback
  INFO: 'STR_FILTER_INVERTED' missing in HU, using English fallback
  INFO: 'STR_FILTER_INVERTED' missing in LT, using English fallback
  INFO: 'STR_FILTER_INVERTED' missing in SI, using English fallback
  INFO: 'STR_FILTER_INVERTED' missing in CAV, using English fallback
  INFO: 'STR_FILTER_INVERTED' missing in HE, using English fallback
  INFO: 'STR_FILTER_INVERTED' missing in SK, using English fallback
  INFO: 'STR_FILTER_INVERTED' missing in VI, using English fallback
  INFO: 'STR_FILTER_INVERTED' missing in NB, using English fallback
  INFO: 'STR_FILTER_INVERTED' missing in P2, using English fallback
  INFO: 'STR_FILTER_INVERTED' missing in AR, using English fallback
  INFO: 'STR_FILTER_INVERTED' missing in BS, using English fallback
  INFO: 'STR_FILTER_INVERTED' missing in ID, using English fallback
  INFO: 'STR_CUSTOMISE_STATUS_BAR' missing in CS, using English fallback
  INFO: 'STR_CUSTOMISE_STATUS_BAR' missing in FI, using English fallback
  INFO: 'STR_CHAPTER_PAGE_COUNT' missing in CS, using English fallback
  INFO: 'STR_CHAPTER_PAGE_COUNT' missing in FI, using English fallback
  INFO: 'STR_BOOK_PROGRESS_PERCENTAGE' missing in CS, using English fallback
  INFO: 'STR_BOOK_PROGRESS_PERCENTAGE' missing in FI, using English fallback
  INFO: 'STR_PROGRESS_BAR' missing in CS, using English fallback
  INFO: 'STR_PROGRESS_BAR' missing in FI, using English fallback
  INFO: 'STR_PROGRESS_BAR_THICKNESS' missing in CS, using English fallback
  INFO: 'STR_PROGRESS_BAR_THICKNESS' missing in FI, using English fallback
  INFO: 'STR_PROGRESS_BAR_THIN' missing in CS, using English fallback
  INFO: 'STR_PROGRESS_BAR_THIN' missing in FI, using English fallback
  INFO: 'STR_PROGRESS_BAR_MEDIUM' missing in CS, using English fallback
  INFO: 'STR_PROGRESS_BAR_MEDIUM' missing in FI, using English fallback
  INFO: 'STR_PROGRESS_BAR_THICK' missing in CS, using English fallback
  INFO: 'STR_PROGRESS_BAR_THICK' missing in FI, using English fallback
  INFO: 'STR_BOOK' missing in CS, using English fallback
  INFO: 'STR_BOOK' missing in FI, using English fallback
  INFO: 'STR_CHAPTER' missing in CS, using English fallback
  INFO: 'STR_CHAPTER' missing in FI, using English fallback
  INFO: 'STR_EXAMPLE_CHAPTER' missing in CS, using English fallback
  INFO: 'STR_EXAMPLE_CHAPTER' missing in FI, using English fallback
  INFO: 'STR_EXAMPLE_BOOK' missing in CS, using English fallback
  INFO: 'STR_EXAMPLE_BOOK' missing in FI, using English fallback
  INFO: 'STR_PREVIEW' missing in CS, using English fallback
  INFO: 'STR_PREVIEW' missing in FI, using English fallback
  INFO: 'STR_TITLE' missing in CS, using English fallback
  INFO: 'STR_TITLE' missing in FI, using English fallback
  INFO: 'STR_BATTERY' missing in CS, using English fallback
  INFO: 'STR_BATTERY' missing in FI, using English fallback
  INFO: 'STR_XTC_STATUS_BAR' missing in FR, using English fallback
  INFO: 'STR_XTC_STATUS_BAR' missing in CS, using English fallback
  INFO: 'STR_XTC_STATUS_BAR' missing in RO, using English fallback
  INFO: 'STR_XTC_STATUS_BAR' missing in BE, using English fallback
  INFO: 'STR_XTC_STATUS_BAR' missing in FI, using English fallback
  INFO: 'STR_XTC_STATUS_BAR' missing in DA, using English fallback
  INFO: 'STR_XTC_STATUS_BAR' missing in NL, using English fallback
  INFO: 'STR_XTC_STATUS_BAR' missing in KK, using English fallback
  INFO: 'STR_XTC_STATUS_BAR' missing in LT, using English fallback
  INFO: 'STR_XTC_STATUS_BAR' missing in SI, using English fallback
  INFO: 'STR_BOTTOM' missing in FR, using English fallback
  INFO: 'STR_BOTTOM' missing in CS, using English fallback
  INFO: 'STR_BOTTOM' missing in RO, using English fallback
  INFO: 'STR_BOTTOM' missing in BE, using English fallback
  INFO: 'STR_BOTTOM' missing in FI, using English fallback
  INFO: 'STR_BOTTOM' missing in DA, using English fallback
  INFO: 'STR_BOTTOM' missing in NL, using English fallback
  INFO: 'STR_BOTTOM' missing in KK, using English fallback
  INFO: 'STR_BOTTOM' missing in LT, using English fallback
  INFO: 'STR_BOTTOM' missing in SI, using English fallback
  INFO: 'STR_TOP' missing in FR, using English fallback
  INFO: 'STR_TOP' missing in CS, using English fallback
  INFO: 'STR_TOP' missing in RO, using English fallback
  INFO: 'STR_TOP' missing in BE, using English fallback
  INFO: 'STR_TOP' missing in FI, using English fallback
  INFO: 'STR_TOP' missing in DA, using English fallback
  INFO: 'STR_TOP' missing in NL, using English fallback
  INFO: 'STR_TOP' missing in KK, using English fallback
  INFO: 'STR_TOP' missing in LT, using English fallback
  INFO: 'STR_TOP' missing in SI, using English fallback
  INFO: 'STR_CLOCK' missing in FR, using English fallback
  INFO: 'STR_CLOCK' missing in CS, using English fallback
  INFO: 'STR_CLOCK' missing in RO, using English fallback
  INFO: 'STR_CLOCK' missing in BE, using English fallback
  INFO: 'STR_CLOCK' missing in PL, using English fallback
  INFO: 'STR_CLOCK' missing in FI, using English fallback
  INFO: 'STR_CLOCK' missing in DA, using English fallback
  INFO: 'STR_CLOCK' missing in NL, using English fallback
  INFO: 'STR_CLOCK' missing in KK, using English fallback
  INFO: 'STR_CLOCK' missing in LT, using English fallback
  INFO: 'STR_CLOCK' missing in SI, using English fallback
  INFO: 'STR_CLOCK_UTC_OFFSET' missing in FR, using English fallback
  INFO: 'STR_CLOCK_UTC_OFFSET' missing in CS, using English fallback
  INFO: 'STR_CLOCK_UTC_OFFSET' missing in RO, using English fallback
  INFO: 'STR_CLOCK_UTC_OFFSET' missing in BE, using English fallback
  INFO: 'STR_CLOCK_UTC_OFFSET' missing in PL, using English fallback
  INFO: 'STR_CLOCK_UTC_OFFSET' missing in FI, using English fallback
  INFO: 'STR_CLOCK_UTC_OFFSET' missing in DA, using English fallback
  INFO: 'STR_CLOCK_UTC_OFFSET' missing in NL, using English fallback
  INFO: 'STR_CLOCK_UTC_OFFSET' missing in KK, using English fallback
  INFO: 'STR_CLOCK_UTC_OFFSET' missing in LT, using English fallback
  INFO: 'STR_CLOCK_UTC_OFFSET' missing in SI, using English fallback
  INFO: 'STR_CLOCK_FORMAT' missing in FR, using English fallback
  INFO: 'STR_CLOCK_FORMAT' missing in CS, using English fallback
  INFO: 'STR_CLOCK_FORMAT' missing in RO, using English fallback
  INFO: 'STR_CLOCK_FORMAT' missing in BE, using English fallback
  INFO: 'STR_CLOCK_FORMAT' missing in PL, using English fallback
  INFO: 'STR_CLOCK_FORMAT' missing in FI, using English fallback
  INFO: 'STR_CLOCK_FORMAT' missing in DA, using English fallback
  INFO: 'STR_CLOCK_FORMAT' missing in NL, using English fallback
  INFO: 'STR_CLOCK_FORMAT' missing in KK, using English fallback
  INFO: 'STR_CLOCK_FORMAT' missing in LT, using English fallback
  INFO: 'STR_CLOCK_FORMAT' missing in SI, using English fallback
  INFO: 'STR_CLOCK_FORMAT_24H' missing in FR, using English fallback
  INFO: 'STR_CLOCK_FORMAT_24H' missing in CS, using English fallback
  INFO: 'STR_CLOCK_FORMAT_24H' missing in RO, using English fallback
  INFO: 'STR_CLOCK_FORMAT_24H' missing in BE, using English fallback
  INFO: 'STR_CLOCK_FORMAT_24H' missing in PL, using English fallback
  INFO: 'STR_CLOCK_FORMAT_24H' missing in FI, using English fallback
  INFO: 'STR_CLOCK_FORMAT_24H' missing in DA, using English fallback
  INFO: 'STR_CLOCK_FORMAT_24H' missing in NL, using English fallback
  INFO: 'STR_CLOCK_FORMAT_24H' missing in KK, using English fallback
  INFO: 'STR_CLOCK_FORMAT_24H' missing in LT, using English fallback
  INFO: 'STR_CLOCK_FORMAT_24H' missing in SI, using English fallback
  INFO: 'STR_CLOCK_FORMAT_12H' missing in FR, using English fallback
  INFO: 'STR_CLOCK_FORMAT_12H' missing in CS, using English fallback
  INFO: 'STR_CLOCK_FORMAT_12H' missing in RO, using English fallback
  INFO: 'STR_CLOCK_FORMAT_12H' missing in BE, using English fallback
  INFO: 'STR_CLOCK_FORMAT_12H' missing in PL, using English fallback
  INFO: 'STR_CLOCK_FORMAT_12H' missing in FI, using English fallback
  INFO: 'STR_CLOCK_FORMAT_12H' missing in DA, using English fallback
  INFO: 'STR_CLOCK_FORMAT_12H' missing in NL, using English fallback
  INFO: 'STR_CLOCK_FORMAT_12H' missing in KK, using English fallback
  INFO: 'STR_CLOCK_FORMAT_12H' missing in LT, using English fallback
  INFO: 'STR_CLOCK_FORMAT_12H' missing in SI, using English fallback
  INFO: 'STR_CURRENT_TIME' missing in FR, using English fallback
  INFO: 'STR_CURRENT_TIME' missing in CS, using English fallback
  INFO: 'STR_CURRENT_TIME' missing in RO, using English fallback
  INFO: 'STR_CURRENT_TIME' missing in BE, using English fallback
  INFO: 'STR_CURRENT_TIME' missing in PL, using English fallback
  INFO: 'STR_CURRENT_TIME' missing in FI, using English fallback
  INFO: 'STR_CURRENT_TIME' missing in DA, using English fallback
  INFO: 'STR_CURRENT_TIME' missing in NL, using English fallback
  INFO: 'STR_CURRENT_TIME' missing in KK, using English fallback
  INFO: 'STR_CURRENT_TIME' missing in LT, using English fallback
  INFO: 'STR_CURRENT_TIME' missing in SI, using English fallback
  INFO: 'STR_NEXT_FIELD' missing in FR, using English fallback
  INFO: 'STR_NEXT_FIELD' missing in CS, using English fallback
  INFO: 'STR_NEXT_FIELD' missing in RO, using English fallback
  INFO: 'STR_NEXT_FIELD' missing in BE, using English fallback
  INFO: 'STR_NEXT_FIELD' missing in PL, using English fallback
  INFO: 'STR_NEXT_FIELD' missing in FI, using English fallback
  INFO: 'STR_NEXT_FIELD' missing in DA, using English fallback
  INFO: 'STR_NEXT_FIELD' missing in NL, using English fallback
  INFO: 'STR_NEXT_FIELD' missing in KK, using English fallback
  INFO: 'STR_NEXT_FIELD' missing in LT, using English fallback
  INFO: 'STR_NEXT_FIELD' missing in SI, using English fallback
  INFO: 'STR_CLOCK_SYNC' missing in FR, using English fallback
  INFO: 'STR_CLOCK_SYNC' missing in CS, using English fallback
  INFO: 'STR_CLOCK_SYNC' missing in RO, using English fallback
  INFO: 'STR_CLOCK_SYNC' missing in BE, using English fallback
  INFO: 'STR_CLOCK_SYNC' missing in PL, using English fallback
  INFO: 'STR_CLOCK_SYNC' missing in FI, using English fallback
  INFO: 'STR_CLOCK_SYNC' missing in DA, using English fallback
  INFO: 'STR_CLOCK_SYNC' missing in NL, using English fallback
  INFO: 'STR_CLOCK_SYNC' missing in KK, using English fallback
  INFO: 'STR_CLOCK_SYNC' missing in LT, using English fallback
  INFO: 'STR_CLOCK_SYNC' missing in SI, using English fallback
  INFO: 'STR_CLOCK_SYNC_NOW' missing in FR, using English fallback
  INFO: 'STR_CLOCK_SYNC_NOW' missing in CS, using English fallback
  INFO: 'STR_CLOCK_SYNC_NOW' missing in RO, using English fallback
  INFO: 'STR_CLOCK_SYNC_NOW' missing in BE, using English fallback
  INFO: 'STR_CLOCK_SYNC_NOW' missing in PL, using English fallback
  INFO: 'STR_CLOCK_SYNC_NOW' missing in FI, using English fallback
  INFO: 'STR_CLOCK_SYNC_NOW' missing in DA, using English fallback
  INFO: 'STR_CLOCK_SYNC_NOW' missing in NL, using English fallback
  INFO: 'STR_CLOCK_SYNC_NOW' missing in KK, using English fallback
  INFO: 'STR_CLOCK_SYNC_NOW' missing in LT, using English fallback
  INFO: 'STR_CLOCK_SYNC_NOW' missing in SI, using English fallback
  INFO: 'STR_CLOCK_SYNCING' missing in FR, using English fallback
  INFO: 'STR_CLOCK_SYNCING' missing in CS, using English fallback
  INFO: 'STR_CLOCK_SYNCING' missing in RO, using English fallback
  INFO: 'STR_CLOCK_SYNCING' missing in BE, using English fallback
  INFO: 'STR_CLOCK_SYNCING' missing in PL, using English fallback
  INFO: 'STR_CLOCK_SYNCING' missing in FI, using English fallback
  INFO: 'STR_CLOCK_SYNCING' missing in DA, using English fallback
  INFO: 'STR_CLOCK_SYNCING' missing in NL, using English fallback
  INFO: 'STR_CLOCK_SYNCING' missing in KK, using English fallback
  INFO: 'STR_CLOCK_SYNCING' missing in LT, using English fallback
  INFO: 'STR_CLOCK_SYNCING' missing in SI, using English fallback
  INFO: 'STR_CLOCK_SYNC_OK' missing in FR, using English fallback
  INFO: 'STR_CLOCK_SYNC_OK' missing in CS, using English fallback
  INFO: 'STR_CLOCK_SYNC_OK' missing in RO, using English fallback
  INFO: 'STR_CLOCK_SYNC_OK' missing in BE, using English fallback
  INFO: 'STR_CLOCK_SYNC_OK' missing in PL, using English fallback
  INFO: 'STR_CLOCK_SYNC_OK' missing in FI, using English fallback
  INFO: 'STR_CLOCK_SYNC_OK' missing in DA, using English fallback
  INFO: 'STR_CLOCK_SYNC_OK' missing in NL, using English fallback
  INFO: 'STR_CLOCK_SYNC_OK' missing in KK, using English fallback
  INFO: 'STR_CLOCK_SYNC_OK' missing in LT, using English fallback
  INFO: 'STR_CLOCK_SYNC_OK' missing in SI, using English fallback
  INFO: 'STR_CLOCK_SYNC_FAIL' missing in FR, using English fallback
  INFO: 'STR_CLOCK_SYNC_FAIL' missing in CS, using English fallback
  INFO: 'STR_CLOCK_SYNC_FAIL' missing in RO, using English fallback
  INFO: 'STR_CLOCK_SYNC_FAIL' missing in BE, using English fallback
  INFO: 'STR_CLOCK_SYNC_FAIL' missing in PL, using English fallback
  INFO: 'STR_CLOCK_SYNC_FAIL' missing in FI, using English fallback
  INFO: 'STR_CLOCK_SYNC_FAIL' missing in DA, using English fallback
  INFO: 'STR_CLOCK_SYNC_FAIL' missing in NL, using English fallback
  INFO: 'STR_CLOCK_SYNC_FAIL' missing in KK, using English fallback
  INFO: 'STR_CLOCK_SYNC_FAIL' missing in LT, using English fallback
  INFO: 'STR_CLOCK_SYNC_FAIL' missing in SI, using English fallback
  INFO: 'STR_CLOCK_SYNC_NO_WIFI' missing in FR, using English fallback
  INFO: 'STR_CLOCK_SYNC_NO_WIFI' missing in CS, using English fallback
  INFO: 'STR_CLOCK_SYNC_NO_WIFI' missing in RO, using English fallback
  INFO: 'STR_CLOCK_SYNC_NO_WIFI' missing in BE, using English fallback
  INFO: 'STR_CLOCK_SYNC_NO_WIFI' missing in PL, using English fallback
  INFO: 'STR_CLOCK_SYNC_NO_WIFI' missing in FI, using English fallback
  INFO: 'STR_CLOCK_SYNC_NO_WIFI' missing in DA, using English fallback
  INFO: 'STR_CLOCK_SYNC_NO_WIFI' missing in NL, using English fallback
  INFO: 'STR_CLOCK_SYNC_NO_WIFI' missing in KK, using English fallback
  INFO: 'STR_CLOCK_SYNC_NO_WIFI' missing in LT, using English fallback
  INFO: 'STR_CLOCK_SYNC_NO_WIFI' missing in SI, using English fallback
  INFO: 'STR_CLOCK_SYNC_NO_WIFI_HINT' missing in FR, using English fallback
  INFO: 'STR_CLOCK_SYNC_NO_WIFI_HINT' missing in CS, using English fallback
  INFO: 'STR_CLOCK_SYNC_NO_WIFI_HINT' missing in RO, using English fallback
  INFO: 'STR_CLOCK_SYNC_NO_WIFI_HINT' missing in BE, using English fallback
  INFO: 'STR_CLOCK_SYNC_NO_WIFI_HINT' missing in PL, using English fallback
  INFO: 'STR_CLOCK_SYNC_NO_WIFI_HINT' missing in FI, using English fallback
  INFO: 'STR_CLOCK_SYNC_NO_WIFI_HINT' missing in DA, using English fallback
  INFO: 'STR_CLOCK_SYNC_NO_WIFI_HINT' missing in NL, using English fallback
  INFO: 'STR_CLOCK_SYNC_NO_WIFI_HINT' missing in KK, using English fallback
  INFO: 'STR_CLOCK_SYNC_NO_WIFI_HINT' missing in LT, using English fallback
  INFO: 'STR_CLOCK_SYNC_NO_WIFI_HINT' missing in SI, using English fallback
  INFO: 'STR_CLOCK_SYNCED' missing in FR, using English fallback
  INFO: 'STR_CLOCK_SYNCED' missing in CS, using English fallback
  INFO: 'STR_CLOCK_SYNCED' missing in RO, using English fallback
  INFO: 'STR_CLOCK_SYNCED' missing in BE, using English fallback
  INFO: 'STR_CLOCK_SYNCED' missing in PL, using English fallback
  INFO: 'STR_CLOCK_SYNCED' missing in FI, using English fallback
  INFO: 'STR_CLOCK_SYNCED' missing in DA, using English fallback
  INFO: 'STR_CLOCK_SYNCED' missing in NL, using English fallback
  INFO: 'STR_CLOCK_SYNCED' missing in KK, using English fallback
  INFO: 'STR_CLOCK_SYNCED' missing in LT, using English fallback
  INFO: 'STR_CLOCK_SYNCED' missing in SI, using English fallback
  INFO: 'STR_THEME_ROUNDEDRAFF' missing in RO, using English fallback
  INFO: 'STR_THEME_ROUNDEDRAFF' missing in BE, using English fallback
  INFO: 'STR_THEME_ROUNDEDRAFF' missing in FI, using English fallback
  INFO: 'STR_THEME_ROUNDEDRAFF' missing in DA, using English fallback
  INFO: 'STR_THEME_ROUNDEDRAFF' missing in NL, using English fallback
  INFO: 'STR_THEME_ROUNDEDRAFF' missing in KK, using English fallback
  INFO: 'STR_THEME_ROUNDEDRAFF' missing in LT, using English fallback
  INFO: 'STR_THEME_ROUNDEDRAFF' missing in SI, using English fallback
  INFO: 'STR_BOOKMARKS' missing in FR, using English fallback
  INFO: 'STR_BOOKMARKS' missing in CS, using English fallback
  INFO: 'STR_BOOKMARKS' missing in RO, using English fallback
  INFO: 'STR_BOOKMARKS' missing in BE, using English fallback
  INFO: 'STR_BOOKMARKS' missing in PL, using English fallback
  INFO: 'STR_BOOKMARKS' missing in FI, using English fallback
  INFO: 'STR_BOOKMARKS' missing in DA, using English fallback
  INFO: 'STR_BOOKMARKS' missing in NL, using English fallback
  INFO: 'STR_BOOKMARKS' missing in KK, using English fallback
  INFO: 'STR_BOOKMARKS' missing in LT, using English fallback
  INFO: 'STR_BOOKMARKS' missing in SI, using English fallback
  INFO: 'STR_BOOKMARK_ADDED' missing in FR, using English fallback
  INFO: 'STR_BOOKMARK_ADDED' missing in CS, using English fallback
  INFO: 'STR_BOOKMARK_ADDED' missing in RO, using English fallback
  INFO: 'STR_BOOKMARK_ADDED' missing in BE, using English fallback
  INFO: 'STR_BOOKMARK_ADDED' missing in PL, using English fallback
  INFO: 'STR_BOOKMARK_ADDED' missing in FI, using English fallback
  INFO: 'STR_BOOKMARK_ADDED' missing in DA, using English fallback
  INFO: 'STR_BOOKMARK_ADDED' missing in NL, using English fallback
  INFO: 'STR_BOOKMARK_ADDED' missing in KK, using English fallback
  INFO: 'STR_BOOKMARK_ADDED' missing in LT, using English fallback
  INFO: 'STR_BOOKMARK_ADDED' missing in SI, using English fallback
  INFO: 'STR_SEARCH' missing in FR, using English fallback
  INFO: 'STR_SEARCH' missing in CS, using English fallback
  INFO: 'STR_SEARCH' missing in RO, using English fallback
  INFO: 'STR_SEARCH' missing in BE, using English fallback
  INFO: 'STR_SEARCH' missing in FI, using English fallback
  INFO: 'STR_SEARCH' missing in DA, using English fallback
  INFO: 'STR_SEARCH' missing in NL, using English fallback
  INFO: 'STR_SEARCH' missing in KK, using English fallback
  INFO: 'STR_SEARCH' missing in LT, using English fallback
  INFO: 'STR_SEARCH' missing in SI, using English fallback
  INFO: 'STR_DELETE' missing in FI, using English fallback
  INFO: 'STR_CONFIRM_DELETE_BOOKMARK' missing in FR, using English fallback
  INFO: 'STR_CONFIRM_DELETE_BOOKMARK' missing in CS, using English fallback
  INFO: 'STR_CONFIRM_DELETE_BOOKMARK' missing in RO, using English fallback
  INFO: 'STR_CONFIRM_DELETE_BOOKMARK' missing in BE, using English fallback
  INFO: 'STR_CONFIRM_DELETE_BOOKMARK' missing in PL, using English fallback
  INFO: 'STR_CONFIRM_DELETE_BOOKMARK' missing in FI, using English fallback
  INFO: 'STR_CONFIRM_DELETE_BOOKMARK' missing in DA, using English fallback
  INFO: 'STR_CONFIRM_DELETE_BOOKMARK' missing in NL, using English fallback
  INFO: 'STR_CONFIRM_DELETE_BOOKMARK' missing in KK, using English fallback
  INFO: 'STR_CONFIRM_DELETE_BOOKMARK' missing in LT, using English fallback
  INFO: 'STR_CONFIRM_DELETE_BOOKMARK' missing in SI, using English fallback
  INFO: 'STR_DISPLAY_QR' missing in CS, using English fallback
  INFO: 'STR_DISPLAY_QR' missing in FI, using English fallback
  INFO: 'STR_ALREADY_SYNCED' missing in FR, using English fallback
  INFO: 'STR_ALREADY_SYNCED' missing in DE, using English fallback
  INFO: 'STR_ALREADY_SYNCED' missing in CS, using English fallback
  INFO: 'STR_ALREADY_SYNCED' missing in PT, using English fallback
  INFO: 'STR_ALREADY_SYNCED' missing in RU, using English fallback
  INFO: 'STR_ALREADY_SYNCED' missing in RO, using English fallback
  INFO: 'STR_ALREADY_SYNCED' missing in UK, using English fallback
  INFO: 'STR_ALREADY_SYNCED' missing in BE, using English fallback
  INFO: 'STR_ALREADY_SYNCED' missing in PL, using English fallback
  INFO: 'STR_ALREADY_SYNCED' missing in FI, using English fallback
  INFO: 'STR_ALREADY_SYNCED' missing in DA, using English fallback
  INFO: 'STR_ALREADY_SYNCED' missing in NL, using English fallback
  INFO: 'STR_ALREADY_SYNCED' missing in TR, using English fallback
  INFO: 'STR_ALREADY_SYNCED' missing in KK, using English fallback
  INFO: 'STR_ALREADY_SYNCED' missing in HU, using English fallback
  INFO: 'STR_ALREADY_SYNCED' missing in LT, using English fallback
  INFO: 'STR_ALREADY_SYNCED' missing in SI, using English fallback
  INFO: 'STR_ALREADY_SYNCED' missing in HE, using English fallback
  INFO: 'STR_ALREADY_SYNCED' missing in SK, using English fallback
  INFO: 'STR_ALREADY_SYNCED' missing in VI, using English fallback
  INFO: 'STR_ALREADY_SYNCED' missing in NB, using English fallback
  INFO: 'STR_ALREADY_SYNCED' missing in P2, using English fallback
  INFO: 'STR_ALREADY_SYNCED' missing in AR, using English fallback
  INFO: 'STR_ALREADY_SYNCED' missing in BS, using English fallback
  INFO: 'STR_PWR_BTN_FOOTNOTE_BACK' missing in FR, using English fallback
  INFO: 'STR_PWR_BTN_FOOTNOTE_BACK' missing in DE, using English fallback
  INFO: 'STR_PWR_BTN_FOOTNOTE_BACK' missing in CS, using English fallback
  INFO: 'STR_PWR_BTN_FOOTNOTE_BACK' missing in RO, using English fallback
  INFO: 'STR_PWR_BTN_FOOTNOTE_BACK' missing in BE, using English fallback
  INFO: 'STR_PWR_BTN_FOOTNOTE_BACK' missing in PL, using English fallback
  INFO: 'STR_PWR_BTN_FOOTNOTE_BACK' missing in FI, using English fallback
  INFO: 'STR_PWR_BTN_FOOTNOTE_BACK' missing in DA, using English fallback
  INFO: 'STR_PWR_BTN_FOOTNOTE_BACK' missing in NL, using English fallback
  INFO: 'STR_PWR_BTN_FOOTNOTE_BACK' missing in KK, using English fallback
  INFO: 'STR_PWR_BTN_FOOTNOTE_BACK' missing in LT, using English fallback
  INFO: 'STR_PWR_BTN_FOOTNOTE_BACK' missing in SI, using English fallback
  INFO: 'STR_PWR_BTN_FOOTNOTE_BACK' missing in SK, using English fallback
  INFO: 'STR_PWR_BTN_FOOTNOTE_BACK' missing in VI, using English fallback
  INFO: 'STR_BACK_SHORT_TO_FILE_BROWSER' missing in FR, using English fallback
  INFO: 'STR_BACK_SHORT_TO_FILE_BROWSER' missing in CS, using English fallback
  INFO: 'STR_BACK_SHORT_TO_FILE_BROWSER' missing in PT, using English fallback
  INFO: 'STR_BACK_SHORT_TO_FILE_BROWSER' missing in RU, using English fallback
  INFO: 'STR_BACK_SHORT_TO_FILE_BROWSER' missing in RO, using English fallback
  INFO: 'STR_BACK_SHORT_TO_FILE_BROWSER' missing in UK, using English fallback
  INFO: 'STR_BACK_SHORT_TO_FILE_BROWSER' missing in BE, using English fallback
  INFO: 'STR_BACK_SHORT_TO_FILE_BROWSER' missing in PL, using English fallback
  INFO: 'STR_BACK_SHORT_TO_FILE_BROWSER' missing in FI, using English fallback
  INFO: 'STR_BACK_SHORT_TO_FILE_BROWSER' missing in DA, using English fallback
  INFO: 'STR_BACK_SHORT_TO_FILE_BROWSER' missing in NL, using English fallback
  INFO: 'STR_BACK_SHORT_TO_FILE_BROWSER' missing in TR, using English fallback
  INFO: 'STR_BACK_SHORT_TO_FILE_BROWSER' missing in KK, using English fallback
  INFO: 'STR_BACK_SHORT_TO_FILE_BROWSER' missing in HU, using English fallback
  INFO: 'STR_BACK_SHORT_TO_FILE_BROWSER' missing in LT, using English fallback
  INFO: 'STR_BACK_SHORT_TO_FILE_BROWSER' missing in SI, using English fallback
  INFO: 'STR_BACK_SHORT_TO_FILE_BROWSER' missing in HE, using English fallback
  INFO: 'STR_BACK_SHORT_TO_FILE_BROWSER' missing in SK, using English fallback
  INFO: 'STR_BACK_SHORT_TO_FILE_BROWSER' missing in VI, using English fallback
  INFO: 'STR_BACK_SHORT_TO_FILE_BROWSER' missing in NB, using English fallback
  INFO: 'STR_BACK_SHORT_TO_FILE_BROWSER' missing in P2, using English fallback
  INFO: 'STR_BACK_SHORT_TO_FILE_BROWSER' missing in AR, using English fallback
  INFO: 'STR_BACK_SHORT_TO_FILE_BROWSER' missing in BS, using English fallback
  INFO: 'STR_SET_SLEEP_COVER' missing in FR, using English fallback
  INFO: 'STR_SET_SLEEP_COVER' missing in CS, using English fallback
  INFO: 'STR_SET_SLEEP_COVER' missing in RO, using English fallback
  INFO: 'STR_SET_SLEEP_COVER' missing in BE, using English fallback
  INFO: 'STR_SET_SLEEP_COVER' missing in FI, using English fallback
  INFO: 'STR_SET_SLEEP_COVER' missing in DA, using English fallback
  INFO: 'STR_SET_SLEEP_COVER' missing in NL, using English fallback
  INFO: 'STR_SET_SLEEP_COVER' missing in KK, using English fallback
  INFO: 'STR_SET_SLEEP_COVER' missing in LT, using English fallback
  INFO: 'STR_SET_SLEEP_COVER' missing in SI, using English fallback
  INFO: 'STR_FOOTNOTES' missing in CS, using English fallback
  INFO: 'STR_FOOTNOTES' missing in FI, using English fallback
  INFO: 'STR_NO_FOOTNOTES' missing in CS, using English fallback
  INFO: 'STR_NO_FOOTNOTES' missing in FI, using English fallback
  INFO: 'STR_LINK' missing in CS, using English fallback
  INFO: 'STR_LINK' missing in FI, using English fallback
  INFO: 'STR_STEP_HINT_FRONT' missing in NB, using English fallback
  INFO: 'STR_STEP_HINT_SIDE' missing in NB, using English fallback
  INFO: 'STR_ADD_SERVER' missing in FR, using English fallback
  INFO: 'STR_ADD_SERVER' missing in CS, using English fallback
  INFO: 'STR_ADD_SERVER' missing in RO, using English fallback
  INFO: 'STR_ADD_SERVER' missing in BE, using English fallback
  INFO: 'STR_ADD_SERVER' missing in FI, using English fallback
  INFO: 'STR_ADD_SERVER' missing in DA, using English fallback
  INFO: 'STR_ADD_SERVER' missing in NL, using English fallback
  INFO: 'STR_ADD_SERVER' missing in KK, using English fallback
  INFO: 'STR_ADD_SERVER' missing in LT, using English fallback
  INFO: 'STR_ADD_SERVER' missing in SI, using English fallback
  INFO: 'STR_SERVER_NAME' missing in FR, using English fallback
  INFO: 'STR_SERVER_NAME' missing in CS, using English fallback
  INFO: 'STR_SERVER_NAME' missing in RO, using English fallback
  INFO: 'STR_SERVER_NAME' missing in BE, using English fallback
  INFO: 'STR_SERVER_NAME' missing in FI, using English fallback
  INFO: 'STR_SERVER_NAME' missing in DA, using English fallback
  INFO: 'STR_SERVER_NAME' missing in NL, using English fallback
  INFO: 'STR_SERVER_NAME' missing in KK, using English fallback
  INFO: 'STR_SERVER_NAME' missing in LT, using English fallback
  INFO: 'STR_SERVER_NAME' missing in SI, using English fallback
  INFO: 'STR_NO_SERVERS' missing in FR, using English fallback
  INFO: 'STR_NO_SERVERS' missing in CS, using English fallback
  INFO: 'STR_NO_SERVERS' missing in RO, using English fallback
  INFO: 'STR_NO_SERVERS' missing in BE, using English fallback
  INFO: 'STR_NO_SERVERS' missing in FI, using English fallback
  INFO: 'STR_NO_SERVERS' missing in DA, using English fallback
  INFO: 'STR_NO_SERVERS' missing in NL, using English fallback
  INFO: 'STR_NO_SERVERS' missing in KK, using English fallback
  INFO: 'STR_NO_SERVERS' missing in LT, using English fallback
  INFO: 'STR_NO_SERVERS' missing in SI, using English fallback
  INFO: 'STR_DELETE_SERVER' missing in FR, using English fallback
  INFO: 'STR_DELETE_SERVER' missing in CS, using English fallback
  INFO: 'STR_DELETE_SERVER' missing in RO, using English fallback
  INFO: 'STR_DELETE_SERVER' missing in BE, using English fallback
  INFO: 'STR_DELETE_SERVER' missing in FI, using English fallback
  INFO: 'STR_DELETE_SERVER' missing in DA, using English fallback
  INFO: 'STR_DELETE_SERVER' missing in NL, using English fallback
  INFO: 'STR_DELETE_SERVER' missing in KK, using English fallback
  INFO: 'STR_DELETE_SERVER' missing in LT, using English fallback
  INFO: 'STR_DELETE_SERVER' missing in SI, using English fallback
  INFO: 'STR_OPDS_SERVERS' missing in FR, using English fallback
  INFO: 'STR_OPDS_SERVERS' missing in CS, using English fallback
  INFO: 'STR_OPDS_SERVERS' missing in RO, using English fallback
  INFO: 'STR_OPDS_SERVERS' missing in BE, using English fallback
  INFO: 'STR_OPDS_SERVERS' missing in FI, using English fallback
  INFO: 'STR_OPDS_SERVERS' missing in DA, using English fallback
  INFO: 'STR_OPDS_SERVERS' missing in NL, using English fallback
  INFO: 'STR_OPDS_SERVERS' missing in KK, using English fallback
  INFO: 'STR_OPDS_SERVERS' missing in LT, using English fallback
  INFO: 'STR_OPDS_SERVERS' missing in SI, using English fallback
  INFO: 'STR_OPDS_DOWNLOAD_FOLDER' missing in NB, using English fallback
  INFO: 'STR_OPDS_DOWNLOAD_FOLDER' missing in AR, using English fallback
  INFO: 'STR_OPDS_DOWNLOAD_FOLDER' missing in BS, using English fallback
  INFO: 'STR_OPDS_FILENAME_FORMAT' missing in NB, using English fallback
  INFO: 'STR_OPDS_FILENAME_FORMAT' missing in AR, using English fallback
  INFO: 'STR_OPDS_FILENAME_FORMAT' missing in BS, using English fallback
  INFO: 'STR_FMT_AUTHOR_TITLE' missing in NB, using English fallback
  INFO: 'STR_FMT_AUTHOR_TITLE' missing in AR, using English fallback
  INFO: 'STR_FMT_AUTHOR_TITLE' missing in BS, using English fallback
  INFO: 'STR_FMT_TITLE_AUTHOR' missing in NB, using English fallback
  INFO: 'STR_FMT_TITLE_AUTHOR' missing in AR, using English fallback
  INFO: 'STR_FMT_TITLE_AUTHOR' missing in BS, using English fallback
  INFO: 'STR_FMT_TITLE' missing in NB, using English fallback
  INFO: 'STR_FMT_TITLE' missing in AR, using English fallback
  INFO: 'STR_FMT_TITLE' missing in BS, using English fallback
  INFO: 'STR_OPDS_SD_ROOT' missing in FR, using English fallback
  INFO: 'STR_OPDS_SD_ROOT' missing in DE, using English fallback
  INFO: 'STR_OPDS_SD_ROOT' missing in CS, using English fallback
  INFO: 'STR_OPDS_SD_ROOT' missing in PT, using English fallback
  INFO: 'STR_OPDS_SD_ROOT' missing in RU, using English fallback
  INFO: 'STR_OPDS_SD_ROOT' missing in RO, using English fallback
  INFO: 'STR_OPDS_SD_ROOT' missing in UK, using English fallback
  INFO: 'STR_OPDS_SD_ROOT' missing in BE, using English fallback
  INFO: 'STR_OPDS_SD_ROOT' missing in PL, using English fallback
  INFO: 'STR_OPDS_SD_ROOT' missing in FI, using English fallback
  INFO: 'STR_OPDS_SD_ROOT' missing in DA, using English fallback
  INFO: 'STR_OPDS_SD_ROOT' missing in NL, using English fallback
  INFO: 'STR_OPDS_SD_ROOT' missing in TR, using English fallback
  INFO: 'STR_OPDS_SD_ROOT' missing in KK, using English fallback
  INFO: 'STR_OPDS_SD_ROOT' missing in HU, using English fallback
  INFO: 'STR_OPDS_SD_ROOT' missing in LT, using English fallback
  INFO: 'STR_OPDS_SD_ROOT' missing in SI, using English fallback
  INFO: 'STR_OPDS_SD_ROOT' missing in HE, using English fallback
  INFO: 'STR_OPDS_SD_ROOT' missing in SK, using English fallback
  INFO: 'STR_OPDS_SD_ROOT' missing in VI, using English fallback
  INFO: 'STR_OPDS_SD_ROOT' missing in NB, using English fallback
  INFO: 'STR_OPDS_SD_ROOT' missing in P2, using English fallback
  INFO: 'STR_OPDS_SD_ROOT' missing in AR, using English fallback
  INFO: 'STR_OPDS_SD_ROOT' missing in BS, using English fallback
  INFO: 'STR_AUTO_TURN_ENABLED' missing in CS, using English fallback
  INFO: 'STR_AUTO_TURN_ENABLED' missing in FI, using English fallback
  INFO: 'STR_AUTO_TURN_PAGES_PER_MIN' missing in CS, using English fallback
  INFO: 'STR_AUTO_TURN_PAGES_PER_MIN' missing in FI, using English fallback
  INFO: 'STR_MANAGE_FONTS' missing in FR, using English fallback
  INFO: 'STR_MANAGE_FONTS' missing in CS, using English fallback
  INFO: 'STR_MANAGE_FONTS' missing in RO, using English fallback
  INFO: 'STR_MANAGE_FONTS' missing in BE, using English fallback
  INFO: 'STR_MANAGE_FONTS' missing in PL, using English fallback
  INFO: 'STR_MANAGE_FONTS' missing in FI, using English fallback
  INFO: 'STR_MANAGE_FONTS' missing in DA, using English fallback
  INFO: 'STR_MANAGE_FONTS' missing in NL, using English fallback
  INFO: 'STR_MANAGE_FONTS' missing in KK, using English fallback
  INFO: 'STR_MANAGE_FONTS' missing in LT, using English fallback
  INFO: 'STR_MANAGE_FONTS' missing in SI, using English fallback
  INFO: 'STR_FONT_REPOSITORIES' missing in ES, using English fallback
  INFO: 'STR_FONT_REPOSITORIES' missing in FR, using English fallback
  INFO: 'STR_FONT_REPOSITORIES' missing in DE, using English fallback
  INFO: 'STR_FONT_REPOSITORIES' missing in CS, using English fallback
  INFO: 'STR_FONT_REPOSITORIES' missing in PT, using English fallback
  INFO: 'STR_FONT_REPOSITORIES' missing in RU, using English fallback
  INFO: 'STR_FONT_REPOSITORIES' missing in SV, using English fallback
  INFO: 'STR_FONT_REPOSITORIES' missing in RO, using English fallback
  INFO: 'STR_FONT_REPOSITORIES' missing in CA, using English fallback
  INFO: 'STR_FONT_REPOSITORIES' missing in UK, using English fallback
  INFO: 'STR_FONT_REPOSITORIES' missing in BE, using English fallback
  INFO: 'STR_FONT_REPOSITORIES' missing in IT, using English fallback
  INFO: 'STR_FONT_REPOSITORIES' missing in PL, using English fallback
  INFO: 'STR_FONT_REPOSITORIES' missing in FI, using English fallback
  INFO: 'STR_FONT_REPOSITORIES' missing in DA, using English fallback
  INFO: 'STR_FONT_REPOSITORIES' missing in NL, using English fallback
  INFO: 'STR_FONT_REPOSITORIES' missing in TR, using English fallback
  INFO: 'STR_FONT_REPOSITORIES' missing in KK, using English fallback
  INFO: 'STR_FONT_REPOSITORIES' missing in HU, using English fallback
  INFO: 'STR_FONT_REPOSITORIES' missing in LT, using English fallback
  INFO: 'STR_FONT_REPOSITORIES' missing in SI, using English fallback
  INFO: 'STR_FONT_REPOSITORIES' missing in CAV, using English fallback
  INFO: 'STR_FONT_REPOSITORIES' missing in HE, using English fallback
  INFO: 'STR_FONT_REPOSITORIES' missing in SK, using English fallback
  INFO: 'STR_FONT_REPOSITORIES' missing in VI, using English fallback
  INFO: 'STR_FONT_REPOSITORIES' missing in NB, using English fallback
  INFO: 'STR_FONT_REPOSITORIES' missing in P2, using English fallback
  INFO: 'STR_FONT_REPOSITORIES' missing in AR, using English fallback
  INFO: 'STR_FONT_REPOSITORIES' missing in BS, using English fallback
  INFO: 'STR_FONT_REPOSITORIES' missing in ID, using English fallback
  INFO: 'STR_ADD_FONT_REPOSITORY' missing in ES, using English fallback
  INFO: 'STR_ADD_FONT_REPOSITORY' missing in FR, using English fallback
  INFO: 'STR_ADD_FONT_REPOSITORY' missing in DE, using English fallback
  INFO: 'STR_ADD_FONT_REPOSITORY' missing in CS, using English fallback
  INFO: 'STR_ADD_FONT_REPOSITORY' missing in PT, using English fallback
  INFO: 'STR_ADD_FONT_REPOSITORY' missing in RU, using English fallback
  INFO: 'STR_ADD_FONT_REPOSITORY' missing in SV, using English fallback
  INFO: 'STR_ADD_FONT_REPOSITORY' missing in RO, using English fallback
  INFO: 'STR_ADD_FONT_REPOSITORY' missing in CA, using English fallback
  INFO: 'STR_ADD_FONT_REPOSITORY' missing in UK, using English fallback
  INFO: 'STR_ADD_FONT_REPOSITORY' missing in BE, using English fallback
  INFO: 'STR_ADD_FONT_REPOSITORY' missing in IT, using English fallback
  INFO: 'STR_ADD_FONT_REPOSITORY' missing in PL, using English fallback
  INFO: 'STR_ADD_FONT_REPOSITORY' missing in FI, using English fallback
  INFO: 'STR_ADD_FONT_REPOSITORY' missing in DA, using English fallback
  INFO: 'STR_ADD_FONT_REPOSITORY' missing in NL, using English fallback
  INFO: 'STR_ADD_FONT_REPOSITORY' missing in TR, using English fallback
  INFO: 'STR_ADD_FONT_REPOSITORY' missing in KK, using English fallback
  INFO: 'STR_ADD_FONT_REPOSITORY' missing in HU, using English fallback
  INFO: 'STR_ADD_FONT_REPOSITORY' missing in LT, using English fallback
  INFO: 'STR_ADD_FONT_REPOSITORY' missing in SI, using English fallback
  INFO: 'STR_ADD_FONT_REPOSITORY' missing in CAV, using English fallback
  INFO: 'STR_ADD_FONT_REPOSITORY' missing in HE, using English fallback
  INFO: 'STR_ADD_FONT_REPOSITORY' missing in SK, using English fallback
  INFO: 'STR_ADD_FONT_REPOSITORY' missing in VI, using English fallback
  INFO: 'STR_ADD_FONT_REPOSITORY' missing in NB, using English fallback
  INFO: 'STR_ADD_FONT_REPOSITORY' missing in P2, using English fallback
  INFO: 'STR_ADD_FONT_REPOSITORY' missing in AR, using English fallback
  INFO: 'STR_ADD_FONT_REPOSITORY' missing in BS, using English fallback
  INFO: 'STR_ADD_FONT_REPOSITORY' missing in ID, using English fallback
  INFO: 'STR_NO_FONT_REPOSITORIES' missing in ES, using English fallback
  INFO: 'STR_NO_FONT_REPOSITORIES' missing in FR, using English fallback
  INFO: 'STR_NO_FONT_REPOSITORIES' missing in DE, using English fallback
  INFO: 'STR_NO_FONT_REPOSITORIES' missing in CS, using English fallback
  INFO: 'STR_NO_FONT_REPOSITORIES' missing in PT, using English fallback
  INFO: 'STR_NO_FONT_REPOSITORIES' missing in RU, using English fallback
  INFO: 'STR_NO_FONT_REPOSITORIES' missing in SV, using English fallback
  INFO: 'STR_NO_FONT_REPOSITORIES' missing in RO, using English fallback
  INFO: 'STR_NO_FONT_REPOSITORIES' missing in CA, using English fallback
  INFO: 'STR_NO_FONT_REPOSITORIES' missing in UK, using English fallback
  INFO: 'STR_NO_FONT_REPOSITORIES' missing in BE, using English fallback
  INFO: 'STR_NO_FONT_REPOSITORIES' missing in IT, using English fallback
  INFO: 'STR_NO_FONT_REPOSITORIES' missing in PL, using English fallback
  INFO: 'STR_NO_FONT_REPOSITORIES' missing in FI, using English fallback
  INFO: 'STR_NO_FONT_REPOSITORIES' missing in DA, using English fallback
  INFO: 'STR_NO_FONT_REPOSITORIES' missing in NL, using English fallback
  INFO: 'STR_NO_FONT_REPOSITORIES' missing in TR, using English fallback
  INFO: 'STR_NO_FONT_REPOSITORIES' missing in KK, using English fallback
  INFO: 'STR_NO_FONT_REPOSITORIES' missing in HU, using English fallback
  INFO: 'STR_NO_FONT_REPOSITORIES' missing in LT, using English fallback
  INFO: 'STR_NO_FONT_REPOSITORIES' missing in SI, using English fallback
  INFO: 'STR_NO_FONT_REPOSITORIES' missing in CAV, using English fallback
  INFO: 'STR_NO_FONT_REPOSITORIES' missing in HE, using English fallback
  INFO: 'STR_NO_FONT_REPOSITORIES' missing in SK, using English fallback
  INFO: 'STR_NO_FONT_REPOSITORIES' missing in VI, using English fallback
  INFO: 'STR_NO_FONT_REPOSITORIES' missing in NB, using English fallback
  INFO: 'STR_NO_FONT_REPOSITORIES' missing in P2, using English fallback
  INFO: 'STR_NO_FONT_REPOSITORIES' missing in AR, using English fallback
  INFO: 'STR_NO_FONT_REPOSITORIES' missing in BS, using English fallback
  INFO: 'STR_NO_FONT_REPOSITORIES' missing in ID, using English fallback
  INFO: 'STR_FONT_REPOSITORY_EDIT' missing in ES, using English fallback
  INFO: 'STR_FONT_REPOSITORY_EDIT' missing in FR, using English fallback
  INFO: 'STR_FONT_REPOSITORY_EDIT' missing in DE, using English fallback
  INFO: 'STR_FONT_REPOSITORY_EDIT' missing in CS, using English fallback
  INFO: 'STR_FONT_REPOSITORY_EDIT' missing in PT, using English fallback
  INFO: 'STR_FONT_REPOSITORY_EDIT' missing in RU, using English fallback
  INFO: 'STR_FONT_REPOSITORY_EDIT' missing in SV, using English fallback
  INFO: 'STR_FONT_REPOSITORY_EDIT' missing in RO, using English fallback
  INFO: 'STR_FONT_REPOSITORY_EDIT' missing in CA, using English fallback
  INFO: 'STR_FONT_REPOSITORY_EDIT' missing in UK, using English fallback
  INFO: 'STR_FONT_REPOSITORY_EDIT' missing in BE, using English fallback
  INFO: 'STR_FONT_REPOSITORY_EDIT' missing in IT, using English fallback
  INFO: 'STR_FONT_REPOSITORY_EDIT' missing in PL, using English fallback
  INFO: 'STR_FONT_REPOSITORY_EDIT' missing in FI, using English fallback
  INFO: 'STR_FONT_REPOSITORY_EDIT' missing in DA, using English fallback
  INFO: 'STR_FONT_REPOSITORY_EDIT' missing in NL, using English fallback
  INFO: 'STR_FONT_REPOSITORY_EDIT' missing in TR, using English fallback
  INFO: 'STR_FONT_REPOSITORY_EDIT' missing in KK, using English fallback
  INFO: 'STR_FONT_REPOSITORY_EDIT' missing in HU, using English fallback
  INFO: 'STR_FONT_REPOSITORY_EDIT' missing in LT, using English fallback
  INFO: 'STR_FONT_REPOSITORY_EDIT' missing in SI, using English fallback
  INFO: 'STR_FONT_REPOSITORY_EDIT' missing in CAV, using English fallback
  INFO: 'STR_FONT_REPOSITORY_EDIT' missing in HE, using English fallback
  INFO: 'STR_FONT_REPOSITORY_EDIT' missing in SK, using English fallback
  INFO: 'STR_FONT_REPOSITORY_EDIT' missing in VI, using English fallback
  INFO: 'STR_FONT_REPOSITORY_EDIT' missing in NB, using English fallback
  INFO: 'STR_FONT_REPOSITORY_EDIT' missing in P2, using English fallback
  INFO: 'STR_FONT_REPOSITORY_EDIT' missing in AR, using English fallback
  INFO: 'STR_FONT_REPOSITORY_EDIT' missing in BS, using English fallback
  INFO: 'STR_FONT_REPOSITORY_EDIT' missing in ID, using English fallback
  INFO: 'STR_FONT_REPOSITORY_DELETE' missing in ES, using English fallback
  INFO: 'STR_FONT_REPOSITORY_DELETE' missing in FR, using English fallback
  INFO: 'STR_FONT_REPOSITORY_DELETE' missing in DE, using English fallback
  INFO: 'STR_FONT_REPOSITORY_DELETE' missing in CS, using English fallback
  INFO: 'STR_FONT_REPOSITORY_DELETE' missing in PT, using English fallback
  INFO: 'STR_FONT_REPOSITORY_DELETE' missing in RU, using English fallback
  INFO: 'STR_FONT_REPOSITORY_DELETE' missing in SV, using English fallback
  INFO: 'STR_FONT_REPOSITORY_DELETE' missing in RO, using English fallback
  INFO: 'STR_FONT_REPOSITORY_DELETE' missing in CA, using English fallback
  INFO: 'STR_FONT_REPOSITORY_DELETE' missing in UK, using English fallback
  INFO: 'STR_FONT_REPOSITORY_DELETE' missing in BE, using English fallback
  INFO: 'STR_FONT_REPOSITORY_DELETE' missing in IT, using English fallback
  INFO: 'STR_FONT_REPOSITORY_DELETE' missing in PL, using English fallback
  INFO: 'STR_FONT_REPOSITORY_DELETE' missing in FI, using English fallback
  INFO: 'STR_FONT_REPOSITORY_DELETE' missing in DA, using English fallback
  INFO: 'STR_FONT_REPOSITORY_DELETE' missing in NL, using English fallback
  INFO: 'STR_FONT_REPOSITORY_DELETE' missing in TR, using English fallback
  INFO: 'STR_FONT_REPOSITORY_DELETE' missing in KK, using English fallback
  INFO: 'STR_FONT_REPOSITORY_DELETE' missing in HU, using English fallback
  INFO: 'STR_FONT_REPOSITORY_DELETE' missing in LT, using English fallback
  INFO: 'STR_FONT_REPOSITORY_DELETE' missing in SI, using English fallback
  INFO: 'STR_FONT_REPOSITORY_DELETE' missing in CAV, using English fallback
  INFO: 'STR_FONT_REPOSITORY_DELETE' missing in HE, using English fallback
  INFO: 'STR_FONT_REPOSITORY_DELETE' missing in SK, using English fallback
  INFO: 'STR_FONT_REPOSITORY_DELETE' missing in VI, using English fallback
  INFO: 'STR_FONT_REPOSITORY_DELETE' missing in NB, using English fallback
  INFO: 'STR_FONT_REPOSITORY_DELETE' missing in P2, using English fallback
  INFO: 'STR_FONT_REPOSITORY_DELETE' missing in AR, using English fallback
  INFO: 'STR_FONT_REPOSITORY_DELETE' missing in BS, using English fallback
  INFO: 'STR_FONT_REPOSITORY_DELETE' missing in ID, using English fallback
  INFO: 'STR_FONT_REPOSITORY_ENTRY_TITLE' missing in ES, using English fallback
  INFO: 'STR_FONT_REPOSITORY_ENTRY_TITLE' missing in FR, using English fallback
  INFO: 'STR_FONT_REPOSITORY_ENTRY_TITLE' missing in DE, using English fallback
  INFO: 'STR_FONT_REPOSITORY_ENTRY_TITLE' missing in CS, using English fallback
  INFO: 'STR_FONT_REPOSITORY_ENTRY_TITLE' missing in PT, using English fallback
  INFO: 'STR_FONT_REPOSITORY_ENTRY_TITLE' missing in RU, using English fallback
  INFO: 'STR_FONT_REPOSITORY_ENTRY_TITLE' missing in SV, using English fallback
  INFO: 'STR_FONT_REPOSITORY_ENTRY_TITLE' missing in RO, using English fallback
  INFO: 'STR_FONT_REPOSITORY_ENTRY_TITLE' missing in CA, using English fallback
  INFO: 'STR_FONT_REPOSITORY_ENTRY_TITLE' missing in UK, using English fallback
  INFO: 'STR_FONT_REPOSITORY_ENTRY_TITLE' missing in BE, using English fallback
  INFO: 'STR_FONT_REPOSITORY_ENTRY_TITLE' missing in IT, using English fallback
  INFO: 'STR_FONT_REPOSITORY_ENTRY_TITLE' missing in PL, using English fallback
  INFO: 'STR_FONT_REPOSITORY_ENTRY_TITLE' missing in FI, using English fallback
  INFO: 'STR_FONT_REPOSITORY_ENTRY_TITLE' missing in DA, using English fallback
  INFO: 'STR_FONT_REPOSITORY_ENTRY_TITLE' missing in NL, using English fallback
  INFO: 'STR_FONT_REPOSITORY_ENTRY_TITLE' missing in TR, using English fallback
  INFO: 'STR_FONT_REPOSITORY_ENTRY_TITLE' missing in KK, using English fallback
  INFO: 'STR_FONT_REPOSITORY_ENTRY_TITLE' missing in HU, using English fallback
  INFO: 'STR_FONT_REPOSITORY_ENTRY_TITLE' missing in LT, using English fallback
  INFO: 'STR_FONT_REPOSITORY_ENTRY_TITLE' missing in SI, using English fallback
  INFO: 'STR_FONT_REPOSITORY_ENTRY_TITLE' missing in CAV, using English fallback
  INFO: 'STR_FONT_REPOSITORY_ENTRY_TITLE' missing in HE, using English fallback
  INFO: 'STR_FONT_REPOSITORY_ENTRY_TITLE' missing in SK, using English fallback
  INFO: 'STR_FONT_REPOSITORY_ENTRY_TITLE' missing in VI, using English fallback
  INFO: 'STR_FONT_REPOSITORY_ENTRY_TITLE' missing in NB, using English fallback
  INFO: 'STR_FONT_REPOSITORY_ENTRY_TITLE' missing in P2, using English fallback
  INFO: 'STR_FONT_REPOSITORY_ENTRY_TITLE' missing in AR, using English fallback
  INFO: 'STR_FONT_REPOSITORY_ENTRY_TITLE' missing in BS, using English fallback
  INFO: 'STR_FONT_REPOSITORY_ENTRY_TITLE' missing in ID, using English fallback
  INFO: 'STR_FONT_REPOSITORY_INVALID' missing in ES, using English fallback
  INFO: 'STR_FONT_REPOSITORY_INVALID' missing in FR, using English fallback
  INFO: 'STR_FONT_REPOSITORY_INVALID' missing in DE, using English fallback
  INFO: 'STR_FONT_REPOSITORY_INVALID' missing in CS, using English fallback
  INFO: 'STR_FONT_REPOSITORY_INVALID' missing in PT, using English fallback
  INFO: 'STR_FONT_REPOSITORY_INVALID' missing in RU, using English fallback
  INFO: 'STR_FONT_REPOSITORY_INVALID' missing in SV, using English fallback
  INFO: 'STR_FONT_REPOSITORY_INVALID' missing in RO, using English fallback
  INFO: 'STR_FONT_REPOSITORY_INVALID' missing in CA, using English fallback
  INFO: 'STR_FONT_REPOSITORY_INVALID' missing in UK, using English fallback
  INFO: 'STR_FONT_REPOSITORY_INVALID' missing in BE, using English fallback
  INFO: 'STR_FONT_REPOSITORY_INVALID' missing in IT, using English fallback
  INFO: 'STR_FONT_REPOSITORY_INVALID' missing in PL, using English fallback
  INFO: 'STR_FONT_REPOSITORY_INVALID' missing in FI, using English fallback
  INFO: 'STR_FONT_REPOSITORY_INVALID' missing in DA, using English fallback
  INFO: 'STR_FONT_REPOSITORY_INVALID' missing in NL, using English fallback
  INFO: 'STR_FONT_REPOSITORY_INVALID' missing in TR, using English fallback
  INFO: 'STR_FONT_REPOSITORY_INVALID' missing in KK, using English fallback
  INFO: 'STR_FONT_REPOSITORY_INVALID' missing in HU, using English fallback
  INFO: 'STR_FONT_REPOSITORY_INVALID' missing in LT, using English fallback
  INFO: 'STR_FONT_REPOSITORY_INVALID' missing in SI, using English fallback
  INFO: 'STR_FONT_REPOSITORY_INVALID' missing in CAV, using English fallback
  INFO: 'STR_FONT_REPOSITORY_INVALID' missing in HE, using English fallback
  INFO: 'STR_FONT_REPOSITORY_INVALID' missing in SK, using English fallback
  INFO: 'STR_FONT_REPOSITORY_INVALID' missing in VI, using English fallback
  INFO: 'STR_FONT_REPOSITORY_INVALID' missing in NB, using English fallback
  INFO: 'STR_FONT_REPOSITORY_INVALID' missing in P2, using English fallback
  INFO: 'STR_FONT_REPOSITORY_INVALID' missing in AR, using English fallback
  INFO: 'STR_FONT_REPOSITORY_INVALID' missing in BS, using English fallback
  INFO: 'STR_FONT_REPOSITORY_INVALID' missing in ID, using English fallback
  INFO: 'STR_FONT_REPO_LIMIT' missing in ES, using English fallback
  INFO: 'STR_FONT_REPO_LIMIT' missing in FR, using English fallback
  INFO: 'STR_FONT_REPO_LIMIT' missing in DE, using English fallback
  INFO: 'STR_FONT_REPO_LIMIT' missing in CS, using English fallback
  INFO: 'STR_FONT_REPO_LIMIT' missing in PT, using English fallback
  INFO: 'STR_FONT_REPO_LIMIT' missing in RU, using English fallback
  INFO: 'STR_FONT_REPO_LIMIT' missing in SV, using English fallback
  INFO: 'STR_FONT_REPO_LIMIT' missing in RO, using English fallback
  INFO: 'STR_FONT_REPO_LIMIT' missing in CA, using English fallback
  INFO: 'STR_FONT_REPO_LIMIT' missing in UK, using English fallback
  INFO: 'STR_FONT_REPO_LIMIT' missing in BE, using English fallback
  INFO: 'STR_FONT_REPO_LIMIT' missing in IT, using English fallback
  INFO: 'STR_FONT_REPO_LIMIT' missing in PL, using English fallback
  INFO: 'STR_FONT_REPO_LIMIT' missing in FI, using English fallback
  INFO: 'STR_FONT_REPO_LIMIT' missing in DA, using English fallback
  INFO: 'STR_FONT_REPO_LIMIT' missing in NL, using English fallback
  INFO: 'STR_FONT_REPO_LIMIT' missing in TR, using English fallback
  INFO: 'STR_FONT_REPO_LIMIT' missing in KK, using English fallback
  INFO: 'STR_FONT_REPO_LIMIT' missing in HU, using English fallback
  INFO: 'STR_FONT_REPO_LIMIT' missing in LT, using English fallback
  INFO: 'STR_FONT_REPO_LIMIT' missing in SI, using English fallback
  INFO: 'STR_FONT_REPO_LIMIT' missing in CAV, using English fallback
  INFO: 'STR_FONT_REPO_LIMIT' missing in HE, using English fallback
  INFO: 'STR_FONT_REPO_LIMIT' missing in SK, using English fallback
  INFO: 'STR_FONT_REPO_LIMIT' missing in VI, using English fallback
  INFO: 'STR_FONT_REPO_LIMIT' missing in NB, using English fallback
  INFO: 'STR_FONT_REPO_LIMIT' missing in P2, using English fallback
  INFO: 'STR_FONT_REPO_LIMIT' missing in AR, using English fallback
  INFO: 'STR_FONT_REPO_LIMIT' missing in BS, using English fallback
  INFO: 'STR_FONT_REPO_LIMIT' missing in ID, using English fallback
  INFO: 'STR_FONT_REPO_SOME_FAILED' missing in ES, using English fallback
  INFO: 'STR_FONT_REPO_SOME_FAILED' missing in FR, using English fallback
  INFO: 'STR_FONT_REPO_SOME_FAILED' missing in DE, using English fallback
  INFO: 'STR_FONT_REPO_SOME_FAILED' missing in CS, using English fallback
  INFO: 'STR_FONT_REPO_SOME_FAILED' missing in PT, using English fallback
  INFO: 'STR_FONT_REPO_SOME_FAILED' missing in RU, using English fallback
  INFO: 'STR_FONT_REPO_SOME_FAILED' missing in SV, using English fallback
  INFO: 'STR_FONT_REPO_SOME_FAILED' missing in RO, using English fallback
  INFO: 'STR_FONT_REPO_SOME_FAILED' missing in CA, using English fallback
  INFO: 'STR_FONT_REPO_SOME_FAILED' missing in UK, using English fallback
  INFO: 'STR_FONT_REPO_SOME_FAILED' missing in BE, using English fallback
  INFO: 'STR_FONT_REPO_SOME_FAILED' missing in IT, using English fallback
  INFO: 'STR_FONT_REPO_SOME_FAILED' missing in PL, using English fallback
  INFO: 'STR_FONT_REPO_SOME_FAILED' missing in FI, using English fallback
  INFO: 'STR_FONT_REPO_SOME_FAILED' missing in DA, using English fallback
  INFO: 'STR_FONT_REPO_SOME_FAILED' missing in NL, using English fallback
  INFO: 'STR_FONT_REPO_SOME_FAILED' missing in TR, using English fallback
  INFO: 'STR_FONT_REPO_SOME_FAILED' missing in KK, using English fallback
  INFO: 'STR_FONT_REPO_SOME_FAILED' missing in HU, using English fallback
  INFO: 'STR_FONT_REPO_SOME_FAILED' missing in LT, using English fallback
  INFO: 'STR_FONT_REPO_SOME_FAILED' missing in SI, using English fallback
  INFO: 'STR_FONT_REPO_SOME_FAILED' missing in CAV, using English fallback
  INFO: 'STR_FONT_REPO_SOME_FAILED' missing in HE, using English fallback
  INFO: 'STR_FONT_REPO_SOME_FAILED' missing in SK, using English fallback
  INFO: 'STR_FONT_REPO_SOME_FAILED' missing in VI, using English fallback
  INFO: 'STR_FONT_REPO_SOME_FAILED' missing in NB, using English fallback
  INFO: 'STR_FONT_REPO_SOME_FAILED' missing in P2, using English fallback
  INFO: 'STR_FONT_REPO_SOME_FAILED' missing in AR, using English fallback
  INFO: 'STR_FONT_REPO_SOME_FAILED' missing in BS, using English fallback
  INFO: 'STR_FONT_REPO_SOME_FAILED' missing in ID, using English fallback
  INFO: 'STR_FONT_REPO_COUNT' missing in ES, using English fallback
  INFO: 'STR_FONT_REPO_COUNT' missing in FR, using English fallback
  INFO: 'STR_FONT_REPO_COUNT' missing in DE, using English fallback
  INFO: 'STR_FONT_REPO_COUNT' missing in CS, using English fallback
  INFO: 'STR_FONT_REPO_COUNT' missing in PT, using English fallback
  INFO: 'STR_FONT_REPO_COUNT' missing in RU, using English fallback
  INFO: 'STR_FONT_REPO_COUNT' missing in SV, using English fallback
  INFO: 'STR_FONT_REPO_COUNT' missing in RO, using English fallback
  INFO: 'STR_FONT_REPO_COUNT' missing in CA, using English fallback
  INFO: 'STR_FONT_REPO_COUNT' missing in UK, using English fallback
  INFO: 'STR_FONT_REPO_COUNT' missing in BE, using English fallback
  INFO: 'STR_FONT_REPO_COUNT' missing in IT, using English fallback
  INFO: 'STR_FONT_REPO_COUNT' missing in PL, using English fallback
  INFO: 'STR_FONT_REPO_COUNT' missing in FI, using English fallback
  INFO: 'STR_FONT_REPO_COUNT' missing in DA, using English fallback
  INFO: 'STR_FONT_REPO_COUNT' missing in NL, using English fallback
  INFO: 'STR_FONT_REPO_COUNT' missing in TR, using English fallback
  INFO: 'STR_FONT_REPO_COUNT' missing in KK, using English fallback
  INFO: 'STR_FONT_REPO_COUNT' missing in HU, using English fallback
  INFO: 'STR_FONT_REPO_COUNT' missing in LT, using English fallback
  INFO: 'STR_FONT_REPO_COUNT' missing in SI, using English fallback
  INFO: 'STR_FONT_REPO_COUNT' missing in CAV, using English fallback
  INFO: 'STR_FONT_REPO_COUNT' missing in HE, using English fallback
  INFO: 'STR_FONT_REPO_COUNT' missing in SK, using English fallback
  INFO: 'STR_FONT_REPO_COUNT' missing in VI, using English fallback
  INFO: 'STR_FONT_REPO_COUNT' missing in NB, using English fallback
  INFO: 'STR_FONT_REPO_COUNT' missing in P2, using English fallback
  INFO: 'STR_FONT_REPO_COUNT' missing in AR, using English fallback
  INFO: 'STR_FONT_REPO_COUNT' missing in BS, using English fallback
  INFO: 'STR_FONT_REPO_COUNT' missing in ID, using English fallback
  INFO: 'STR_FONT_BROWSER' missing in FR, using English fallback
  INFO: 'STR_FONT_BROWSER' missing in CS, using English fallback
  INFO: 'STR_FONT_BROWSER' missing in RO, using English fallback
  INFO: 'STR_FONT_BROWSER' missing in BE, using English fallback
  INFO: 'STR_FONT_BROWSER' missing in PL, using English fallback
  INFO: 'STR_FONT_BROWSER' missing in FI, using English fallback
  INFO: 'STR_FONT_BROWSER' missing in DA, using English fallback
  INFO: 'STR_FONT_BROWSER' missing in NL, using English fallback
  INFO: 'STR_FONT_BROWSER' missing in KK, using English fallback
  INFO: 'STR_FONT_BROWSER' missing in LT, using English fallback
  INFO: 'STR_FONT_BROWSER' missing in SI, using English fallback
  INFO: 'STR_LOADING_FONT_LIST' missing in FR, using English fallback
  INFO: 'STR_LOADING_FONT_LIST' missing in CS, using English fallback
  INFO: 'STR_LOADING_FONT_LIST' missing in RO, using English fallback
  INFO: 'STR_LOADING_FONT_LIST' missing in BE, using English fallback
  INFO: 'STR_LOADING_FONT_LIST' missing in FI, using English fallback
  INFO: 'STR_LOADING_FONT_LIST' missing in DA, using English fallback
  INFO: 'STR_LOADING_FONT_LIST' missing in NL, using English fallback
  INFO: 'STR_LOADING_FONT_LIST' missing in KK, using English fallback
  INFO: 'STR_LOADING_FONT_LIST' missing in LT, using English fallback
  INFO: 'STR_LOADING_FONT_LIST' missing in SI, using English fallback
  INFO: 'STR_NO_FONTS_AVAILABLE' missing in FR, using English fallback
  INFO: 'STR_NO_FONTS_AVAILABLE' missing in CS, using English fallback
  INFO: 'STR_NO_FONTS_AVAILABLE' missing in RO, using English fallback
  INFO: 'STR_NO_FONTS_AVAILABLE' missing in BE, using English fallback
  INFO: 'STR_NO_FONTS_AVAILABLE' missing in FI, using English fallback
  INFO: 'STR_NO_FONTS_AVAILABLE' missing in DA, using English fallback
  INFO: 'STR_NO_FONTS_AVAILABLE' missing in NL, using English fallback
  INFO: 'STR_NO_FONTS_AVAILABLE' missing in KK, using English fallback
  INFO: 'STR_NO_FONTS_AVAILABLE' missing in LT, using English fallback
  INFO: 'STR_NO_FONTS_AVAILABLE' missing in SI, using English fallback
  INFO: 'STR_FONT_INSTALLED' missing in FR, using English fallback
  INFO: 'STR_FONT_INSTALLED' missing in CS, using English fallback
  INFO: 'STR_FONT_INSTALLED' missing in RO, using English fallback
  INFO: 'STR_FONT_INSTALLED' missing in BE, using English fallback
  INFO: 'STR_FONT_INSTALLED' missing in FI, using English fallback
  INFO: 'STR_FONT_INSTALLED' missing in DA, using English fallback
  INFO: 'STR_FONT_INSTALLED' missing in NL, using English fallback
  INFO: 'STR_FONT_INSTALLED' missing in KK, using English fallback
  INFO: 'STR_FONT_INSTALLED' missing in LT, using English fallback
  INFO: 'STR_FONT_INSTALLED' missing in SI, using English fallback
  INFO: 'STR_FONT_INSTALL_FAILED' missing in FR, using English fallback
  INFO: 'STR_FONT_INSTALL_FAILED' missing in CS, using English fallback
  INFO: 'STR_FONT_INSTALL_FAILED' missing in RO, using English fallback
  INFO: 'STR_FONT_INSTALL_FAILED' missing in BE, using English fallback
  INFO: 'STR_FONT_INSTALL_FAILED' missing in FI, using English fallback
  INFO: 'STR_FONT_INSTALL_FAILED' missing in DA, using English fallback
  INFO: 'STR_FONT_INSTALL_FAILED' missing in NL, using English fallback
  INFO: 'STR_FONT_INSTALL_FAILED' missing in KK, using English fallback
  INFO: 'STR_FONT_INSTALL_FAILED' missing in LT, using English fallback
  INFO: 'STR_FONT_INSTALL_FAILED' missing in SI, using English fallback
  INFO: 'STR_FONT_DELETE_FAILED' missing in ES, using English fallback
  INFO: 'STR_FONT_DELETE_FAILED' missing in FR, using English fallback
  INFO: 'STR_FONT_DELETE_FAILED' missing in DE, using English fallback
  INFO: 'STR_FONT_DELETE_FAILED' missing in CS, using English fallback
  INFO: 'STR_FONT_DELETE_FAILED' missing in PT, using English fallback
  INFO: 'STR_FONT_DELETE_FAILED' missing in RU, using English fallback
  INFO: 'STR_FONT_DELETE_FAILED' missing in SV, using English fallback
  INFO: 'STR_FONT_DELETE_FAILED' missing in RO, using English fallback
  INFO: 'STR_FONT_DELETE_FAILED' missing in CA, using English fallback
  INFO: 'STR_FONT_DELETE_FAILED' missing in UK, using English fallback
  INFO: 'STR_FONT_DELETE_FAILED' missing in BE, using English fallback
  INFO: 'STR_FONT_DELETE_FAILED' missing in IT, using English fallback
  INFO: 'STR_FONT_DELETE_FAILED' missing in PL, using English fallback
  INFO: 'STR_FONT_DELETE_FAILED' missing in FI, using English fallback
  INFO: 'STR_FONT_DELETE_FAILED' missing in DA, using English fallback
  INFO: 'STR_FONT_DELETE_FAILED' missing in NL, using English fallback
  INFO: 'STR_FONT_DELETE_FAILED' missing in TR, using English fallback
  INFO: 'STR_FONT_DELETE_FAILED' missing in KK, using English fallback
  INFO: 'STR_FONT_DELETE_FAILED' missing in HU, using English fallback
  INFO: 'STR_FONT_DELETE_FAILED' missing in LT, using English fallback
  INFO: 'STR_FONT_DELETE_FAILED' missing in SI, using English fallback
  INFO: 'STR_FONT_DELETE_FAILED' missing in CAV, using English fallback
  INFO: 'STR_FONT_DELETE_FAILED' missing in HE, using English fallback
  INFO: 'STR_FONT_DELETE_FAILED' missing in SK, using English fallback
  INFO: 'STR_FONT_DELETE_FAILED' missing in VI, using English fallback
  INFO: 'STR_FONT_DELETE_FAILED' missing in NB, using English fallback
  INFO: 'STR_FONT_DELETE_FAILED' missing in P2, using English fallback
  INFO: 'STR_FONT_DELETE_FAILED' missing in AR, using English fallback
  INFO: 'STR_FONT_DELETE_FAILED' missing in BS, using English fallback
  INFO: 'STR_FONT_DELETE_FAILED' missing in ID, using English fallback
  INFO: 'STR_FONT_LIST_READ_FAILED' missing in ES, using English fallback
  INFO: 'STR_FONT_LIST_READ_FAILED' missing in FR, using English fallback
  INFO: 'STR_FONT_LIST_READ_FAILED' missing in DE, using English fallback
  INFO: 'STR_FONT_LIST_READ_FAILED' missing in CS, using English fallback
  INFO: 'STR_FONT_LIST_READ_FAILED' missing in PT, using English fallback
  INFO: 'STR_FONT_LIST_READ_FAILED' missing in RU, using English fallback
  INFO: 'STR_FONT_LIST_READ_FAILED' missing in SV, using English fallback
  INFO: 'STR_FONT_LIST_READ_FAILED' missing in RO, using English fallback
  INFO: 'STR_FONT_LIST_READ_FAILED' missing in CA, using English fallback
  INFO: 'STR_FONT_LIST_READ_FAILED' missing in UK, using English fallback
  INFO: 'STR_FONT_LIST_READ_FAILED' missing in BE, using English fallback
  INFO: 'STR_FONT_LIST_READ_FAILED' missing in IT, using English fallback
  INFO: 'STR_FONT_LIST_READ_FAILED' missing in PL, using English fallback
  INFO: 'STR_FONT_LIST_READ_FAILED' missing in FI, using English fallback
  INFO: 'STR_FONT_LIST_READ_FAILED' missing in DA, using English fallback
  INFO: 'STR_FONT_LIST_READ_FAILED' missing in NL, using English fallback
  INFO: 'STR_FONT_LIST_READ_FAILED' missing in TR, using English fallback
  INFO: 'STR_FONT_LIST_READ_FAILED' missing in KK, using English fallback
  INFO: 'STR_FONT_LIST_READ_FAILED' missing in HU, using English fallback
  INFO: 'STR_FONT_LIST_READ_FAILED' missing in LT, using English fallback
  INFO: 'STR_FONT_LIST_READ_FAILED' missing in SI, using English fallback
  INFO: 'STR_FONT_LIST_READ_FAILED' missing in CAV, using English fallback
  INFO: 'STR_FONT_LIST_READ_FAILED' missing in HE, using English fallback
  INFO: 'STR_FONT_LIST_READ_FAILED' missing in SK, using English fallback
  INFO: 'STR_FONT_LIST_READ_FAILED' missing in VI, using English fallback
  INFO: 'STR_FONT_LIST_READ_FAILED' missing in NB, using English fallback
  INFO: 'STR_FONT_LIST_READ_FAILED' missing in P2, using English fallback
  INFO: 'STR_FONT_LIST_READ_FAILED' missing in AR, using English fallback
  INFO: 'STR_FONT_LIST_READ_FAILED' missing in BS, using English fallback
  INFO: 'STR_FONT_LIST_READ_FAILED' missing in ID, using English fallback
  INFO: 'STR_FONT_LIST_FETCH_FAILED' missing in ES, using English fallback
  INFO: 'STR_FONT_LIST_FETCH_FAILED' missing in FR, using English fallback
  INFO: 'STR_FONT_LIST_FETCH_FAILED' missing in DE, using English fallback
  INFO: 'STR_FONT_LIST_FETCH_FAILED' missing in CS, using English fallback
  INFO: 'STR_FONT_LIST_FETCH_FAILED' missing in PT, using English fallback
  INFO: 'STR_FONT_LIST_FETCH_FAILED' missing in RU, using English fallback
  INFO: 'STR_FONT_LIST_FETCH_FAILED' missing in SV, using English fallback
  INFO: 'STR_FONT_LIST_FETCH_FAILED' missing in RO, using English fallback
  INFO: 'STR_FONT_LIST_FETCH_FAILED' missing in CA, using English fallback
  INFO: 'STR_FONT_LIST_FETCH_FAILED' missing in UK, using English fallback
  INFO: 'STR_FONT_LIST_FETCH_FAILED' missing in BE, using English fallback
  INFO: 'STR_FONT_LIST_FETCH_FAILED' missing in IT, using English fallback
  INFO: 'STR_FONT_LIST_FETCH_FAILED' missing in PL, using English fallback
  INFO: 'STR_FONT_LIST_FETCH_FAILED' missing in FI, using English fallback
  INFO: 'STR_FONT_LIST_FETCH_FAILED' missing in DA, using English fallback
  INFO: 'STR_FONT_LIST_FETCH_FAILED' missing in NL, using English fallback
  INFO: 'STR_FONT_LIST_FETCH_FAILED' missing in TR, using English fallback
  INFO: 'STR_FONT_LIST_FETCH_FAILED' missing in KK, using English fallback
  INFO: 'STR_FONT_LIST_FETCH_FAILED' missing in HU, using English fallback
  INFO: 'STR_FONT_LIST_FETCH_FAILED' missing in LT, using English fallback
  INFO: 'STR_FONT_LIST_FETCH_FAILED' missing in SI, using English fallback
  INFO: 'STR_FONT_LIST_FETCH_FAILED' missing in CAV, using English fallback
  INFO: 'STR_FONT_LIST_FETCH_FAILED' missing in HE, using English fallback
  INFO: 'STR_FONT_LIST_FETCH_FAILED' missing in SK, using English fallback
  INFO: 'STR_FONT_LIST_FETCH_FAILED' missing in VI, using English fallback
  INFO: 'STR_FONT_LIST_FETCH_FAILED' missing in NB, using English fallback
  INFO: 'STR_FONT_LIST_FETCH_FAILED' missing in P2, using English fallback
  INFO: 'STR_FONT_LIST_FETCH_FAILED' missing in AR, using English fallback
  INFO: 'STR_FONT_LIST_FETCH_FAILED' missing in BS, using English fallback
  INFO: 'STR_FONT_LIST_FETCH_FAILED' missing in ID, using English fallback
  INFO: 'STR_FONT_MANIFEST_INVALID' missing in ES, using English fallback
  INFO: 'STR_FONT_MANIFEST_INVALID' missing in FR, using English fallback
  INFO: 'STR_FONT_MANIFEST_INVALID' missing in DE, using English fallback
  INFO: 'STR_FONT_MANIFEST_INVALID' missing in CS, using English fallback
  INFO: 'STR_FONT_MANIFEST_INVALID' missing in PT, using English fallback
  INFO: 'STR_FONT_MANIFEST_INVALID' missing in RU, using English fallback
  INFO: 'STR_FONT_MANIFEST_INVALID' missing in SV, using English fallback
  INFO: 'STR_FONT_MANIFEST_INVALID' missing in RO, using English fallback
  INFO: 'STR_FONT_MANIFEST_INVALID' missing in CA, using English fallback
  INFO: 'STR_FONT_MANIFEST_INVALID' missing in UK, using English fallback
  INFO: 'STR_FONT_MANIFEST_INVALID' missing in BE, using English fallback
  INFO: 'STR_FONT_MANIFEST_INVALID' missing in IT, using English fallback
  INFO: 'STR_FONT_MANIFEST_INVALID' missing in PL, using English fallback
  INFO: 'STR_FONT_MANIFEST_INVALID' missing in FI, using English fallback
  INFO: 'STR_FONT_MANIFEST_INVALID' missing in DA, using English fallback
  INFO: 'STR_FONT_MANIFEST_INVALID' missing in NL, using English fallback
  INFO: 'STR_FONT_MANIFEST_INVALID' missing in TR, using English fallback
  INFO: 'STR_FONT_MANIFEST_INVALID' missing in KK, using English fallback
  INFO: 'STR_FONT_MANIFEST_INVALID' missing in HU, using English fallback
  INFO: 'STR_FONT_MANIFEST_INVALID' missing in LT, using English fallback
  INFO: 'STR_FONT_MANIFEST_INVALID' missing in SI, using English fallback
  INFO: 'STR_FONT_MANIFEST_INVALID' missing in CAV, using English fallback
  INFO: 'STR_FONT_MANIFEST_INVALID' missing in HE, using English fallback
  INFO: 'STR_FONT_MANIFEST_INVALID' missing in SK, using English fallback
  INFO: 'STR_FONT_MANIFEST_INVALID' missing in VI, using English fallback
  INFO: 'STR_FONT_MANIFEST_INVALID' missing in NB, using English fallback
  INFO: 'STR_FONT_MANIFEST_INVALID' missing in P2, using English fallback
  INFO: 'STR_FONT_MANIFEST_INVALID' missing in AR, using English fallback
  INFO: 'STR_FONT_MANIFEST_INVALID' missing in BS, using English fallback
  INFO: 'STR_FONT_MANIFEST_INVALID' missing in ID, using English fallback
  INFO: 'STR_FONT_MANIFEST_UNSUPPORTED' missing in ES, using English fallback
  INFO: 'STR_FONT_MANIFEST_UNSUPPORTED' missing in FR, using English fallback
  INFO: 'STR_FONT_MANIFEST_UNSUPPORTED' missing in DE, using English fallback
  INFO: 'STR_FONT_MANIFEST_UNSUPPORTED' missing in CS, using English fallback
  INFO: 'STR_FONT_MANIFEST_UNSUPPORTED' missing in PT, using English fallback
  INFO: 'STR_FONT_MANIFEST_UNSUPPORTED' missing in RU, using English fallback
  INFO: 'STR_FONT_MANIFEST_UNSUPPORTED' missing in SV, using English fallback
  INFO: 'STR_FONT_MANIFEST_UNSUPPORTED' missing in RO, using English fallback
  INFO: 'STR_FONT_MANIFEST_UNSUPPORTED' missing in CA, using English fallback
  INFO: 'STR_FONT_MANIFEST_UNSUPPORTED' missing in UK, using English fallback
  INFO: 'STR_FONT_MANIFEST_UNSUPPORTED' missing in BE, using English fallback
  INFO: 'STR_FONT_MANIFEST_UNSUPPORTED' missing in IT, using English fallback
  INFO: 'STR_FONT_MANIFEST_UNSUPPORTED' missing in PL, using English fallback
  INFO: 'STR_FONT_MANIFEST_UNSUPPORTED' missing in FI, using English fallback
  INFO: 'STR_FONT_MANIFEST_UNSUPPORTED' missing in DA, using English fallback
  INFO: 'STR_FONT_MANIFEST_UNSUPPORTED' missing in NL, using English fallback
  INFO: 'STR_FONT_MANIFEST_UNSUPPORTED' missing in TR, using English fallback
  INFO: 'STR_FONT_MANIFEST_UNSUPPORTED' missing in KK, using English fallback
  INFO: 'STR_FONT_MANIFEST_UNSUPPORTED' missing in HU, using English fallback
  INFO: 'STR_FONT_MANIFEST_UNSUPPORTED' missing in LT, using English fallback
  INFO: 'STR_FONT_MANIFEST_UNSUPPORTED' missing in SI, using English fallback
  INFO: 'STR_FONT_MANIFEST_UNSUPPORTED' missing in CAV, using English fallback
  INFO: 'STR_FONT_MANIFEST_UNSUPPORTED' missing in HE, using English fallback
  INFO: 'STR_FONT_MANIFEST_UNSUPPORTED' missing in SK, using English fallback
  INFO: 'STR_FONT_MANIFEST_UNSUPPORTED' missing in VI, using English fallback
  INFO: 'STR_FONT_MANIFEST_UNSUPPORTED' missing in NB, using English fallback
  INFO: 'STR_FONT_MANIFEST_UNSUPPORTED' missing in P2, using English fallback
  INFO: 'STR_FONT_MANIFEST_UNSUPPORTED' missing in AR, using English fallback
  INFO: 'STR_FONT_MANIFEST_UNSUPPORTED' missing in BS, using English fallback
  INFO: 'STR_FONT_MANIFEST_UNSUPPORTED' missing in ID, using English fallback
  INFO: 'STR_FONT_CATALOG_UPDATED_AT' missing in ES, using English fallback
  INFO: 'STR_FONT_CATALOG_UPDATED_AT' missing in FR, using English fallback
  INFO: 'STR_FONT_CATALOG_UPDATED_AT' missing in DE, using English fallback
  INFO: 'STR_FONT_CATALOG_UPDATED_AT' missing in CS, using English fallback
  INFO: 'STR_FONT_CATALOG_UPDATED_AT' missing in PT, using English fallback
  INFO: 'STR_FONT_CATALOG_UPDATED_AT' missing in RU, using English fallback
  INFO: 'STR_FONT_CATALOG_UPDATED_AT' missing in SV, using English fallback
  INFO: 'STR_FONT_CATALOG_UPDATED_AT' missing in RO, using English fallback
  INFO: 'STR_FONT_CATALOG_UPDATED_AT' missing in CA, using English fallback
  INFO: 'STR_FONT_CATALOG_UPDATED_AT' missing in UK, using English fallback
  INFO: 'STR_FONT_CATALOG_UPDATED_AT' missing in BE, using English fallback
  INFO: 'STR_FONT_CATALOG_UPDATED_AT' missing in IT, using English fallback
  INFO: 'STR_FONT_CATALOG_UPDATED_AT' missing in PL, using English fallback
  INFO: 'STR_FONT_CATALOG_UPDATED_AT' missing in FI, using English fallback
  INFO: 'STR_FONT_CATALOG_UPDATED_AT' missing in DA, using English fallback
  INFO: 'STR_FONT_CATALOG_UPDATED_AT' missing in NL, using English fallback
  INFO: 'STR_FONT_CATALOG_UPDATED_AT' missing in TR, using English fallback
  INFO: 'STR_FONT_CATALOG_UPDATED_AT' missing in KK, using English fallback
  INFO: 'STR_FONT_CATALOG_UPDATED_AT' missing in HU, using English fallback
  INFO: 'STR_FONT_CATALOG_UPDATED_AT' missing in LT, using English fallback
  INFO: 'STR_FONT_CATALOG_UPDATED_AT' missing in SI, using English fallback
  INFO: 'STR_FONT_CATALOG_UPDATED_AT' missing in CAV, using English fallback
  INFO: 'STR_FONT_CATALOG_UPDATED_AT' missing in HE, using English fallback
  INFO: 'STR_FONT_CATALOG_UPDATED_AT' missing in SK, using English fallback
  INFO: 'STR_FONT_CATALOG_UPDATED_AT' missing in VI, using English fallback
  INFO: 'STR_FONT_CATALOG_UPDATED_AT' missing in NB, using English fallback
  INFO: 'STR_FONT_CATALOG_UPDATED_AT' missing in P2, using English fallback
  INFO: 'STR_FONT_CATALOG_UPDATED_AT' missing in AR, using English fallback
  INFO: 'STR_FONT_CATALOG_UPDATED_AT' missing in BS, using English fallback
  INFO: 'STR_FONT_CATALOG_UPDATED_AT' missing in ID, using English fallback
  INFO: 'STR_FONT_DIRECTORY_FAILED' missing in ES, using English fallback
  INFO: 'STR_FONT_DIRECTORY_FAILED' missing in FR, using English fallback
  INFO: 'STR_FONT_DIRECTORY_FAILED' missing in DE, using English fallback
  INFO: 'STR_FONT_DIRECTORY_FAILED' missing in CS, using English fallback
  INFO: 'STR_FONT_DIRECTORY_FAILED' missing in PT, using English fallback
  INFO: 'STR_FONT_DIRECTORY_FAILED' missing in RU, using English fallback
  INFO: 'STR_FONT_DIRECTORY_FAILED' missing in SV, using English fallback
  INFO: 'STR_FONT_DIRECTORY_FAILED' missing in RO, using English fallback
  INFO: 'STR_FONT_DIRECTORY_FAILED' missing in CA, using English fallback
  INFO: 'STR_FONT_DIRECTORY_FAILED' missing in UK, using English fallback
  INFO: 'STR_FONT_DIRECTORY_FAILED' missing in BE, using English fallback
  INFO: 'STR_FONT_DIRECTORY_FAILED' missing in IT, using English fallback
  INFO: 'STR_FONT_DIRECTORY_FAILED' missing in PL, using English fallback
  INFO: 'STR_FONT_DIRECTORY_FAILED' missing in FI, using English fallback
  INFO: 'STR_FONT_DIRECTORY_FAILED' missing in DA, using English fallback
  INFO: 'STR_FONT_DIRECTORY_FAILED' missing in NL, using English fallback
  INFO: 'STR_FONT_DIRECTORY_FAILED' missing in TR, using English fallback
  INFO: 'STR_FONT_DIRECTORY_FAILED' missing in KK, using English fallback
  INFO: 'STR_FONT_DIRECTORY_FAILED' missing in HU, using English fallback
  INFO: 'STR_FONT_DIRECTORY_FAILED' missing in LT, using English fallback
  INFO: 'STR_FONT_DIRECTORY_FAILED' missing in SI, using English fallback
  INFO: 'STR_FONT_DIRECTORY_FAILED' missing in CAV, using English fallback
  INFO: 'STR_FONT_DIRECTORY_FAILED' missing in HE, using English fallback
  INFO: 'STR_FONT_DIRECTORY_FAILED' missing in SK, using English fallback
  INFO: 'STR_FONT_DIRECTORY_FAILED' missing in VI, using English fallback
  INFO: 'STR_FONT_DIRECTORY_FAILED' missing in NB, using English fallback
  INFO: 'STR_FONT_DIRECTORY_FAILED' missing in P2, using English fallback
  INFO: 'STR_FONT_DIRECTORY_FAILED' missing in AR, using English fallback
  INFO: 'STR_FONT_DIRECTORY_FAILED' missing in BS, using English fallback
  INFO: 'STR_FONT_DIRECTORY_FAILED' missing in ID, using English fallback
  INFO: 'STR_FONT_CLEANUP_FAILED' missing in ES, using English fallback
  INFO: 'STR_FONT_CLEANUP_FAILED' missing in FR, using English fallback
  INFO: 'STR_FONT_CLEANUP_FAILED' missing in DE, using English fallback
  INFO: 'STR_FONT_CLEANUP_FAILED' missing in CS, using English fallback
  INFO: 'STR_FONT_CLEANUP_FAILED' missing in PT, using English fallback
  INFO: 'STR_FONT_CLEANUP_FAILED' missing in RU, using English fallback
  INFO: 'STR_FONT_CLEANUP_FAILED' missing in SV, using English fallback
  INFO: 'STR_FONT_CLEANUP_FAILED' missing in RO, using English fallback
  INFO: 'STR_FONT_CLEANUP_FAILED' missing in CA, using English fallback
  INFO: 'STR_FONT_CLEANUP_FAILED' missing in UK, using English fallback
  INFO: 'STR_FONT_CLEANUP_FAILED' missing in BE, using English fallback
  INFO: 'STR_FONT_CLEANUP_FAILED' missing in IT, using English fallback
  INFO: 'STR_FONT_CLEANUP_FAILED' missing in PL, using English fallback
  INFO: 'STR_FONT_CLEANUP_FAILED' missing in FI, using English fallback
  INFO: 'STR_FONT_CLEANUP_FAILED' missing in DA, using English fallback
  INFO: 'STR_FONT_CLEANUP_FAILED' missing in NL, using English fallback
  INFO: 'STR_FONT_CLEANUP_FAILED' missing in TR, using English fallback
  INFO: 'STR_FONT_CLEANUP_FAILED' missing in KK, using English fallback
  INFO: 'STR_FONT_CLEANUP_FAILED' missing in HU, using English fallback
  INFO: 'STR_FONT_CLEANUP_FAILED' missing in LT, using English fallback
  INFO: 'STR_FONT_CLEANUP_FAILED' missing in SI, using English fallback
  INFO: 'STR_FONT_CLEANUP_FAILED' missing in CAV, using English fallback
  INFO: 'STR_FONT_CLEANUP_FAILED' missing in HE, using English fallback
  INFO: 'STR_FONT_CLEANUP_FAILED' missing in SK, using English fallback
  INFO: 'STR_FONT_CLEANUP_FAILED' missing in VI, using English fallback
  INFO: 'STR_FONT_CLEANUP_FAILED' missing in NB, using English fallback
  INFO: 'STR_FONT_CLEANUP_FAILED' missing in P2, using English fallback
  INFO: 'STR_FONT_CLEANUP_FAILED' missing in AR, using English fallback
  INFO: 'STR_FONT_CLEANUP_FAILED' missing in BS, using English fallback
  INFO: 'STR_FONT_CLEANUP_FAILED' missing in ID, using English fallback
  INFO: 'STR_INSTALLED' missing in FR, using English fallback
  INFO: 'STR_INSTALLED' missing in CS, using English fallback
  INFO: 'STR_INSTALLED' missing in RO, using English fallback
  INFO: 'STR_INSTALLED' missing in BE, using English fallback
  INFO: 'STR_INSTALLED' missing in FI, using English fallback
  INFO: 'STR_INSTALLED' missing in DA, using English fallback
  INFO: 'STR_INSTALLED' missing in NL, using English fallback
  INFO: 'STR_INSTALLED' missing in KK, using English fallback
  INFO: 'STR_INSTALLED' missing in LT, using English fallback
  INFO: 'STR_INSTALLED' missing in SI, using English fallback
  INFO: 'STR_DOWNLOAD_ALL' missing in FR, using English fallback
  INFO: 'STR_DOWNLOAD_ALL' missing in CS, using English fallback
  INFO: 'STR_DOWNLOAD_ALL' missing in RO, using English fallback
  INFO: 'STR_DOWNLOAD_ALL' missing in BE, using English fallback
  INFO: 'STR_DOWNLOAD_ALL' missing in FI, using English fallback
  INFO: 'STR_DOWNLOAD_ALL' missing in DA, using English fallback
  INFO: 'STR_DOWNLOAD_ALL' missing in NL, using English fallback
  INFO: 'STR_DOWNLOAD_ALL' missing in KK, using English fallback
  INFO: 'STR_DOWNLOAD_ALL' missing in LT, using English fallback
  INFO: 'STR_DOWNLOAD_ALL' missing in SI, using English fallback
  INFO: 'STR_UPDATE_ALL' missing in FR, using English fallback
  INFO: 'STR_UPDATE_ALL' missing in CS, using English fallback
  INFO: 'STR_UPDATE_ALL' missing in RO, using English fallback
  INFO: 'STR_UPDATE_ALL' missing in BE, using English fallback
  INFO: 'STR_UPDATE_ALL' missing in FI, using English fallback
  INFO: 'STR_UPDATE_ALL' missing in DA, using English fallback
  INFO: 'STR_UPDATE_ALL' missing in NL, using English fallback
  INFO: 'STR_UPDATE_ALL' missing in KK, using English fallback
  INFO: 'STR_UPDATE_ALL' missing in LT, using English fallback
  INFO: 'STR_UPDATE_ALL' missing in SI, using English fallback
  INFO: 'STR_FONT_INSUFFICIENT_STORAGE' missing in ES, using English fallback
  INFO: 'STR_FONT_INSUFFICIENT_STORAGE' missing in FR, using English fallback
  INFO: 'STR_FONT_INSUFFICIENT_STORAGE' missing in DE, using English fallback
  INFO: 'STR_FONT_INSUFFICIENT_STORAGE' missing in CS, using English fallback
  INFO: 'STR_FONT_INSUFFICIENT_STORAGE' missing in PT, using English fallback
  INFO: 'STR_FONT_INSUFFICIENT_STORAGE' missing in RU, using English fallback
  INFO: 'STR_FONT_INSUFFICIENT_STORAGE' missing in SV, using English fallback
  INFO: 'STR_FONT_INSUFFICIENT_STORAGE' missing in RO, using English fallback
  INFO: 'STR_FONT_INSUFFICIENT_STORAGE' missing in CA, using English fallback
  INFO: 'STR_FONT_INSUFFICIENT_STORAGE' missing in UK, using English fallback
  INFO: 'STR_FONT_INSUFFICIENT_STORAGE' missing in BE, using English fallback
  INFO: 'STR_FONT_INSUFFICIENT_STORAGE' missing in IT, using English fallback
  INFO: 'STR_FONT_INSUFFICIENT_STORAGE' missing in PL, using English fallback
  INFO: 'STR_FONT_INSUFFICIENT_STORAGE' missing in FI, using English fallback
  INFO: 'STR_FONT_INSUFFICIENT_STORAGE' missing in DA, using English fallback
  INFO: 'STR_FONT_INSUFFICIENT_STORAGE' missing in NL, using English fallback
  INFO: 'STR_FONT_INSUFFICIENT_STORAGE' missing in TR, using English fallback
  INFO: 'STR_FONT_INSUFFICIENT_STORAGE' missing in KK, using English fallback
  INFO: 'STR_FONT_INSUFFICIENT_STORAGE' missing in HU, using English fallback
  INFO: 'STR_FONT_INSUFFICIENT_STORAGE' missing in LT, using English fallback
  INFO: 'STR_FONT_INSUFFICIENT_STORAGE' missing in SI, using English fallback
  INFO: 'STR_FONT_INSUFFICIENT_STORAGE' missing in CAV, using English fallback
  INFO: 'STR_FONT_INSUFFICIENT_STORAGE' missing in HE, using English fallback
  INFO: 'STR_FONT_INSUFFICIENT_STORAGE' missing in SK, using English fallback
  INFO: 'STR_FONT_INSUFFICIENT_STORAGE' missing in VI, using English fallback
  INFO: 'STR_FONT_INSUFFICIENT_STORAGE' missing in NB, using English fallback
  INFO: 'STR_FONT_INSUFFICIENT_STORAGE' missing in P2, using English fallback
  INFO: 'STR_FONT_INSUFFICIENT_STORAGE' missing in AR, using English fallback
  INFO: 'STR_FONT_INSUFFICIENT_STORAGE' missing in BS, using English fallback
  INFO: 'STR_FONT_INSUFFICIENT_STORAGE' missing in ID, using English fallback
  INFO: 'STR_FONT_FILE_SIZE_MISMATCH' missing in ES, using English fallback
  INFO: 'STR_FONT_FILE_SIZE_MISMATCH' missing in FR, using English fallback
  INFO: 'STR_FONT_FILE_SIZE_MISMATCH' missing in DE, using English fallback
  INFO: 'STR_FONT_FILE_SIZE_MISMATCH' missing in CS, using English fallback
  INFO: 'STR_FONT_FILE_SIZE_MISMATCH' missing in PT, using English fallback
  INFO: 'STR_FONT_FILE_SIZE_MISMATCH' missing in RU, using English fallback
  INFO: 'STR_FONT_FILE_SIZE_MISMATCH' missing in SV, using English fallback
  INFO: 'STR_FONT_FILE_SIZE_MISMATCH' missing in RO, using English fallback
  INFO: 'STR_FONT_FILE_SIZE_MISMATCH' missing in CA, using English fallback
  INFO: 'STR_FONT_FILE_SIZE_MISMATCH' missing in UK, using English fallback
  INFO: 'STR_FONT_FILE_SIZE_MISMATCH' missing in BE, using English fallback
  INFO: 'STR_FONT_FILE_SIZE_MISMATCH' missing in IT, using English fallback
  INFO: 'STR_FONT_FILE_SIZE_MISMATCH' missing in PL, using English fallback
  INFO: 'STR_FONT_FILE_SIZE_MISMATCH' missing in FI, using English fallback
  INFO: 'STR_FONT_FILE_SIZE_MISMATCH' missing in DA, using English fallback
  INFO: 'STR_FONT_FILE_SIZE_MISMATCH' missing in NL, using English fallback
  INFO: 'STR_FONT_FILE_SIZE_MISMATCH' missing in TR, using English fallback
  INFO: 'STR_FONT_FILE_SIZE_MISMATCH' missing in KK, using English fallback
  INFO: 'STR_FONT_FILE_SIZE_MISMATCH' missing in HU, using English fallback
  INFO: 'STR_FONT_FILE_SIZE_MISMATCH' missing in LT, using English fallback
  INFO: 'STR_FONT_FILE_SIZE_MISMATCH' missing in SI, using English fallback
  INFO: 'STR_FONT_FILE_SIZE_MISMATCH' missing in CAV, using English fallback
  INFO: 'STR_FONT_FILE_SIZE_MISMATCH' missing in HE, using English fallback
  INFO: 'STR_FONT_FILE_SIZE_MISMATCH' missing in SK, using English fallback
  INFO: 'STR_FONT_FILE_SIZE_MISMATCH' missing in VI, using English fallback
  INFO: 'STR_FONT_FILE_SIZE_MISMATCH' missing in NB, using English fallback
  INFO: 'STR_FONT_FILE_SIZE_MISMATCH' missing in P2, using English fallback
  INFO: 'STR_FONT_FILE_SIZE_MISMATCH' missing in AR, using English fallback
  INFO: 'STR_FONT_FILE_SIZE_MISMATCH' missing in BS, using English fallback
  INFO: 'STR_FONT_FILE_SIZE_MISMATCH' missing in ID, using English fallback
  INFO: 'STR_FONT_CHECKSUM_FAILED' missing in ES, using English fallback
  INFO: 'STR_FONT_CHECKSUM_FAILED' missing in FR, using English fallback
  INFO: 'STR_FONT_CHECKSUM_FAILED' missing in DE, using English fallback
  INFO: 'STR_FONT_CHECKSUM_FAILED' missing in CS, using English fallback
  INFO: 'STR_FONT_CHECKSUM_FAILED' missing in PT, using English fallback
  INFO: 'STR_FONT_CHECKSUM_FAILED' missing in RU, using English fallback
  INFO: 'STR_FONT_CHECKSUM_FAILED' missing in SV, using English fallback
  INFO: 'STR_FONT_CHECKSUM_FAILED' missing in RO, using English fallback
  INFO: 'STR_FONT_CHECKSUM_FAILED' missing in CA, using English fallback
  INFO: 'STR_FONT_CHECKSUM_FAILED' missing in UK, using English fallback
  INFO: 'STR_FONT_CHECKSUM_FAILED' missing in BE, using English fallback
  INFO: 'STR_FONT_CHECKSUM_FAILED' missing in IT, using English fallback
  INFO: 'STR_FONT_CHECKSUM_FAILED' missing in PL, using English fallback
  INFO: 'STR_FONT_CHECKSUM_FAILED' missing in FI, using English fallback
  INFO: 'STR_FONT_CHECKSUM_FAILED' missing in DA, using English fallback
  INFO: 'STR_FONT_CHECKSUM_FAILED' missing in NL, using English fallback
  INFO: 'STR_FONT_CHECKSUM_FAILED' missing in TR, using English fallback
  INFO: 'STR_FONT_CHECKSUM_FAILED' missing in KK, using English fallback
  INFO: 'STR_FONT_CHECKSUM_FAILED' missing in HU, using English fallback
  INFO: 'STR_FONT_CHECKSUM_FAILED' missing in LT, using English fallback
  INFO: 'STR_FONT_CHECKSUM_FAILED' missing in SI, using English fallback
  INFO: 'STR_FONT_CHECKSUM_FAILED' missing in CAV, using English fallback
  INFO: 'STR_FONT_CHECKSUM_FAILED' missing in HE, using English fallback
  INFO: 'STR_FONT_CHECKSUM_FAILED' missing in SK, using English fallback
  INFO: 'STR_FONT_CHECKSUM_FAILED' missing in VI, using English fallback
  INFO: 'STR_FONT_CHECKSUM_FAILED' missing in NB, using English fallback
  INFO: 'STR_FONT_CHECKSUM_FAILED' missing in P2, using English fallback
  INFO: 'STR_FONT_CHECKSUM_FAILED' missing in AR, using English fallback
  INFO: 'STR_FONT_CHECKSUM_FAILED' missing in BS, using English fallback
  INFO: 'STR_FONT_CHECKSUM_FAILED' missing in ID, using English fallback
  INFO: 'STR_FONT_CHECKSUM_MISMATCH' missing in ES, using English fallback
  INFO: 'STR_FONT_CHECKSUM_MISMATCH' missing in FR, using English fallback
  INFO: 'STR_FONT_CHECKSUM_MISMATCH' missing in DE, using English fallback
  INFO: 'STR_FONT_CHECKSUM_MISMATCH' missing in CS, using English fallback
  INFO: 'STR_FONT_CHECKSUM_MISMATCH' missing in PT, using English fallback
  INFO: 'STR_FONT_CHECKSUM_MISMATCH' missing in RU, using English fallback
  INFO: 'STR_FONT_CHECKSUM_MISMATCH' missing in SV, using English fallback
  INFO: 'STR_FONT_CHECKSUM_MISMATCH' missing in RO, using English fallback
  INFO: 'STR_FONT_CHECKSUM_MISMATCH' missing in CA, using English fallback
  INFO: 'STR_FONT_CHECKSUM_MISMATCH' missing in UK, using English fallback
  INFO: 'STR_FONT_CHECKSUM_MISMATCH' missing in BE, using English fallback
  INFO: 'STR_FONT_CHECKSUM_MISMATCH' missing in IT, using English fallback
  INFO: 'STR_FONT_CHECKSUM_MISMATCH' missing in PL, using English fallback
  INFO: 'STR_FONT_CHECKSUM_MISMATCH' missing in FI, using English fallback
  INFO: 'STR_FONT_CHECKSUM_MISMATCH' missing in DA, using English fallback
  INFO: 'STR_FONT_CHECKSUM_MISMATCH' missing in NL, using English fallback
  INFO: 'STR_FONT_CHECKSUM_MISMATCH' missing in TR, using English fallback
  INFO: 'STR_FONT_CHECKSUM_MISMATCH' missing in KK, using English fallback
  INFO: 'STR_FONT_CHECKSUM_MISMATCH' missing in HU, using English fallback
  INFO: 'STR_FONT_CHECKSUM_MISMATCH' missing in LT, using English fallback
  INFO: 'STR_FONT_CHECKSUM_MISMATCH' missing in SI, using English fallback
  INFO: 'STR_FONT_CHECKSUM_MISMATCH' missing in CAV, using English fallback
  INFO: 'STR_FONT_CHECKSUM_MISMATCH' missing in HE, using English fallback
  INFO: 'STR_FONT_CHECKSUM_MISMATCH' missing in SK, using English fallback
  INFO: 'STR_FONT_CHECKSUM_MISMATCH' missing in VI, using English fallback
  INFO: 'STR_FONT_CHECKSUM_MISMATCH' missing in NB, using English fallback
  INFO: 'STR_FONT_CHECKSUM_MISMATCH' missing in P2, using English fallback
  INFO: 'STR_FONT_CHECKSUM_MISMATCH' missing in AR, using English fallback
  INFO: 'STR_FONT_CHECKSUM_MISMATCH' missing in BS, using English fallback
  INFO: 'STR_FONT_CHECKSUM_MISMATCH' missing in ID, using English fallback
  INFO: 'STR_FONT_INVALID_FILE' missing in ES, using English fallback
  INFO: 'STR_FONT_INVALID_FILE' missing in FR, using English fallback
  INFO: 'STR_FONT_INVALID_FILE' missing in DE, using English fallback
  INFO: 'STR_FONT_INVALID_FILE' missing in CS, using English fallback
  INFO: 'STR_FONT_INVALID_FILE' missing in PT, using English fallback
  INFO: 'STR_FONT_INVALID_FILE' missing in RU, using English fallback
  INFO: 'STR_FONT_INVALID_FILE' missing in SV, using English fallback
  INFO: 'STR_FONT_INVALID_FILE' missing in RO, using English fallback
  INFO: 'STR_FONT_INVALID_FILE' missing in CA, using English fallback
  INFO: 'STR_FONT_INVALID_FILE' missing in UK, using English fallback
  INFO: 'STR_FONT_INVALID_FILE' missing in BE, using English fallback
  INFO: 'STR_FONT_INVALID_FILE' missing in IT, using English fallback
  INFO: 'STR_FONT_INVALID_FILE' missing in PL, using English fallback
  INFO: 'STR_FONT_INVALID_FILE' missing in FI, using English fallback
  INFO: 'STR_FONT_INVALID_FILE' missing in DA, using English fallback
  INFO: 'STR_FONT_INVALID_FILE' missing in NL, using English fallback
  INFO: 'STR_FONT_INVALID_FILE' missing in TR, using English fallback
  INFO: 'STR_FONT_INVALID_FILE' missing in KK, using English fallback
  INFO: 'STR_FONT_INVALID_FILE' missing in HU, using English fallback
  INFO: 'STR_FONT_INVALID_FILE' missing in LT, using English fallback
  INFO: 'STR_FONT_INVALID_FILE' missing in SI, using English fallback
  INFO: 'STR_FONT_INVALID_FILE' missing in CAV, using English fallback
  INFO: 'STR_FONT_INVALID_FILE' missing in HE, using English fallback
  INFO: 'STR_FONT_INVALID_FILE' missing in SK, using English fallback
  INFO: 'STR_FONT_INVALID_FILE' missing in VI, using English fallback
  INFO: 'STR_FONT_INVALID_FILE' missing in NB, using English fallback
  INFO: 'STR_FONT_INVALID_FILE' missing in P2, using English fallback
  INFO: 'STR_FONT_INVALID_FILE' missing in AR, using English fallback
  INFO: 'STR_FONT_INVALID_FILE' missing in BS, using English fallback
  INFO: 'STR_FONT_INVALID_FILE' missing in ID, using English fallback
  INFO: 'STR_FONT_REPLACEMENT_FAILED' missing in ES, using English fallback
  INFO: 'STR_FONT_REPLACEMENT_FAILED' missing in FR, using English fallback
  INFO: 'STR_FONT_REPLACEMENT_FAILED' missing in DE, using English fallback
  INFO: 'STR_FONT_REPLACEMENT_FAILED' missing in CS, using English fallback
  INFO: 'STR_FONT_REPLACEMENT_FAILED' missing in PT, using English fallback
  INFO: 'STR_FONT_REPLACEMENT_FAILED' missing in RU, using English fallback
  INFO: 'STR_FONT_REPLACEMENT_FAILED' missing in SV, using English fallback
  INFO: 'STR_FONT_REPLACEMENT_FAILED' missing in RO, using English fallback
  INFO: 'STR_FONT_REPLACEMENT_FAILED' missing in CA, using English fallback
  INFO: 'STR_FONT_REPLACEMENT_FAILED' missing in UK, using English fallback
  INFO: 'STR_FONT_REPLACEMENT_FAILED' missing in BE, using English fallback
  INFO: 'STR_FONT_REPLACEMENT_FAILED' missing in IT, using English fallback
  INFO: 'STR_FONT_REPLACEMENT_FAILED' missing in PL, using English fallback
  INFO: 'STR_FONT_REPLACEMENT_FAILED' missing in FI, using English fallback
  INFO: 'STR_FONT_REPLACEMENT_FAILED' missing in DA, using English fallback
  INFO: 'STR_FONT_REPLACEMENT_FAILED' missing in NL, using English fallback
  INFO: 'STR_FONT_REPLACEMENT_FAILED' missing in TR, using English fallback
  INFO: 'STR_FONT_REPLACEMENT_FAILED' missing in KK, using English fallback
  INFO: 'STR_FONT_REPLACEMENT_FAILED' missing in HU, using English fallback
  INFO: 'STR_FONT_REPLACEMENT_FAILED' missing in LT, using English fallback
  INFO: 'STR_FONT_REPLACEMENT_FAILED' missing in SI, using English fallback
  INFO: 'STR_FONT_REPLACEMENT_FAILED' missing in CAV, using English fallback
  INFO: 'STR_FONT_REPLACEMENT_FAILED' missing in HE, using English fallback
  INFO: 'STR_FONT_REPLACEMENT_FAILED' missing in SK, using English fallback
  INFO: 'STR_FONT_REPLACEMENT_FAILED' missing in VI, using English fallback
  INFO: 'STR_FONT_REPLACEMENT_FAILED' missing in NB, using English fallback
  INFO: 'STR_FONT_REPLACEMENT_FAILED' missing in P2, using English fallback
  INFO: 'STR_FONT_REPLACEMENT_FAILED' missing in AR, using English fallback
  INFO: 'STR_FONT_REPLACEMENT_FAILED' missing in BS, using English fallback
  INFO: 'STR_FONT_REPLACEMENT_FAILED' missing in ID, using English fallback
  INFO: 'STR_FONT_ROLLBACK_FAILED' missing in ES, using English fallback
  INFO: 'STR_FONT_ROLLBACK_FAILED' missing in FR, using English fallback
  INFO: 'STR_FONT_ROLLBACK_FAILED' missing in DE, using English fallback
  INFO: 'STR_FONT_ROLLBACK_FAILED' missing in CS, using English fallback
  INFO: 'STR_FONT_ROLLBACK_FAILED' missing in PT, using English fallback
  INFO: 'STR_FONT_ROLLBACK_FAILED' missing in RU, using English fallback
  INFO: 'STR_FONT_ROLLBACK_FAILED' missing in SV, using English fallback
  INFO: 'STR_FONT_ROLLBACK_FAILED' missing in RO, using English fallback
  INFO: 'STR_FONT_ROLLBACK_FAILED' missing in CA, using English fallback
  INFO: 'STR_FONT_ROLLBACK_FAILED' missing in UK, using English fallback
  INFO: 'STR_FONT_ROLLBACK_FAILED' missing in BE, using English fallback
  INFO: 'STR_FONT_ROLLBACK_FAILED' missing in IT, using English fallback
  INFO: 'STR_FONT_ROLLBACK_FAILED' missing in PL, using English fallback
  INFO: 'STR_FONT_ROLLBACK_FAILED' missing in FI, using English fallback
  INFO: 'STR_FONT_ROLLBACK_FAILED' missing in DA, using English fallback
  INFO: 'STR_FONT_ROLLBACK_FAILED' missing in NL, using English fallback
  INFO: 'STR_FONT_ROLLBACK_FAILED' missing in TR, using English fallback
  INFO: 'STR_FONT_ROLLBACK_FAILED' missing in KK, using English fallback
  INFO: 'STR_FONT_ROLLBACK_FAILED' missing in HU, using English fallback
  INFO: 'STR_FONT_ROLLBACK_FAILED' missing in LT, using English fallback
  INFO: 'STR_FONT_ROLLBACK_FAILED' missing in SI, using English fallback
  INFO: 'STR_FONT_ROLLBACK_FAILED' missing in CAV, using English fallback
  INFO: 'STR_FONT_ROLLBACK_FAILED' missing in HE, using English fallback
  INFO: 'STR_FONT_ROLLBACK_FAILED' missing in SK, using English fallback
  INFO: 'STR_FONT_ROLLBACK_FAILED' missing in VI, using English fallback
  INFO: 'STR_FONT_ROLLBACK_FAILED' missing in NB, using English fallback
  INFO: 'STR_FONT_ROLLBACK_FAILED' missing in P2, using English fallback
  INFO: 'STR_FONT_ROLLBACK_FAILED' missing in AR, using English fallback
  INFO: 'STR_FONT_ROLLBACK_FAILED' missing in BS, using English fallback
  INFO: 'STR_FONT_ROLLBACK_FAILED' missing in ID, using English fallback
  INFO: 'STR_UPDATE_AVAILABLE' missing in FR, using English fallback
  INFO: 'STR_UPDATE_AVAILABLE' missing in CS, using English fallback
  INFO: 'STR_UPDATE_AVAILABLE' missing in RO, using English fallback
  INFO: 'STR_UPDATE_AVAILABLE' missing in BE, using English fallback
  INFO: 'STR_UPDATE_AVAILABLE' missing in FI, using English fallback
  INFO: 'STR_UPDATE_AVAILABLE' missing in DA, using English fallback
  INFO: 'STR_UPDATE_AVAILABLE' missing in NL, using English fallback
  INFO: 'STR_UPDATE_AVAILABLE' missing in KK, using English fallback
  INFO: 'STR_UPDATE_AVAILABLE' missing in LT, using English fallback
  INFO: 'STR_UPDATE_AVAILABLE' missing in SI, using English fallback
  INFO: 'STR_CRASH_TITLE' missing in FR, using English fallback
  INFO: 'STR_CRASH_TITLE' missing in CS, using English fallback
  INFO: 'STR_CRASH_TITLE' missing in RO, using English fallback
  INFO: 'STR_CRASH_TITLE' missing in BE, using English fallback
  INFO: 'STR_CRASH_TITLE' missing in FI, using English fallback
  INFO: 'STR_CRASH_TITLE' missing in DA, using English fallback
  INFO: 'STR_CRASH_TITLE' missing in NL, using English fallback
  INFO: 'STR_CRASH_TITLE' missing in KK, using English fallback
  INFO: 'STR_CRASH_TITLE' missing in LT, using English fallback
  INFO: 'STR_CRASH_TITLE' missing in SI, using English fallback
  INFO: 'STR_CRASH_DESCRIPTION' missing in FR, using English fallback
  INFO: 'STR_CRASH_DESCRIPTION' missing in CS, using English fallback
  INFO: 'STR_CRASH_DESCRIPTION' missing in RO, using English fallback
  INFO: 'STR_CRASH_DESCRIPTION' missing in BE, using English fallback
  INFO: 'STR_CRASH_DESCRIPTION' missing in FI, using English fallback
  INFO: 'STR_CRASH_DESCRIPTION' missing in DA, using English fallback
  INFO: 'STR_CRASH_DESCRIPTION' missing in NL, using English fallback
  INFO: 'STR_CRASH_DESCRIPTION' missing in KK, using English fallback
  INFO: 'STR_CRASH_DESCRIPTION' missing in LT, using English fallback
  INFO: 'STR_CRASH_DESCRIPTION' missing in SI, using English fallback
  INFO: 'STR_CRASH_REASON' missing in FR, using English fallback
  INFO: 'STR_CRASH_REASON' missing in CS, using English fallback
  INFO: 'STR_CRASH_REASON' missing in RO, using English fallback
  INFO: 'STR_CRASH_REASON' missing in BE, using English fallback
  INFO: 'STR_CRASH_REASON' missing in FI, using English fallback
  INFO: 'STR_CRASH_REASON' missing in DA, using English fallback
  INFO: 'STR_CRASH_REASON' missing in NL, using English fallback
  INFO: 'STR_CRASH_REASON' missing in KK, using English fallback
  INFO: 'STR_CRASH_REASON' missing in LT, using English fallback
  INFO: 'STR_CRASH_REASON' missing in SI, using English fallback
  INFO: 'STR_CRASH_NO_REASON' missing in FR, using English fallback
  INFO: 'STR_CRASH_NO_REASON' missing in CS, using English fallback
  INFO: 'STR_CRASH_NO_REASON' missing in RO, using English fallback
  INFO: 'STR_CRASH_NO_REASON' missing in BE, using English fallback
  INFO: 'STR_CRASH_NO_REASON' missing in FI, using English fallback
  INFO: 'STR_CRASH_NO_REASON' missing in DA, using English fallback
  INFO: 'STR_CRASH_NO_REASON' missing in NL, using English fallback
  INFO: 'STR_CRASH_NO_REASON' missing in KK, using English fallback
  INFO: 'STR_CRASH_NO_REASON' missing in LT, using English fallback
  INFO: 'STR_CRASH_NO_REASON' missing in SI, using English fallback
  INFO: 'STR_KB_HINT_MOVE_CURSOR' missing in FR, using English fallback
  INFO: 'STR_KB_HINT_MOVE_CURSOR' missing in CS, using English fallback
  INFO: 'STR_KB_HINT_MOVE_CURSOR' missing in RO, using English fallback
  INFO: 'STR_KB_HINT_MOVE_CURSOR' missing in BE, using English fallback
  INFO: 'STR_KB_HINT_MOVE_CURSOR' missing in FI, using English fallback
  INFO: 'STR_KB_HINT_MOVE_CURSOR' missing in DA, using English fallback
  INFO: 'STR_KB_HINT_MOVE_CURSOR' missing in NL, using English fallback
  INFO: 'STR_KB_HINT_MOVE_CURSOR' missing in KK, using English fallback
  INFO: 'STR_KB_HINT_MOVE_CURSOR' missing in LT, using English fallback
  INFO: 'STR_KB_HINT_MOVE_CURSOR' missing in SI, using English fallback
  INFO: 'STR_KB_HINT_RETURN_CURSOR' missing in FR, using English fallback
  INFO: 'STR_KB_HINT_RETURN_CURSOR' missing in CS, using English fallback
  INFO: 'STR_KB_HINT_RETURN_CURSOR' missing in RO, using English fallback
  INFO: 'STR_KB_HINT_RETURN_CURSOR' missing in BE, using English fallback
  INFO: 'STR_KB_HINT_RETURN_CURSOR' missing in FI, using English fallback
  INFO: 'STR_KB_HINT_RETURN_CURSOR' missing in DA, using English fallback
  INFO: 'STR_KB_HINT_RETURN_CURSOR' missing in NL, using English fallback
  INFO: 'STR_KB_HINT_RETURN_CURSOR' missing in KK, using English fallback
  INFO: 'STR_KB_HINT_RETURN_CURSOR' missing in LT, using English fallback
  INFO: 'STR_KB_HINT_RETURN_CURSOR' missing in SI, using English fallback
  INFO: 'STR_KB_HINT_HIDE_PASSWORD' missing in FR, using English fallback
  INFO: 'STR_KB_HINT_HIDE_PASSWORD' missing in CS, using English fallback
  INFO: 'STR_KB_HINT_HIDE_PASSWORD' missing in RO, using English fallback
  INFO: 'STR_KB_HINT_HIDE_PASSWORD' missing in BE, using English fallback
  INFO: 'STR_KB_HINT_HIDE_PASSWORD' missing in FI, using English fallback
  INFO: 'STR_KB_HINT_HIDE_PASSWORD' missing in DA, using English fallback
  INFO: 'STR_KB_HINT_HIDE_PASSWORD' missing in NL, using English fallback
  INFO: 'STR_KB_HINT_HIDE_PASSWORD' missing in KK, using English fallback
  INFO: 'STR_KB_HINT_HIDE_PASSWORD' missing in LT, using English fallback
  INFO: 'STR_KB_HINT_HIDE_PASSWORD' missing in SI, using English fallback
  INFO: 'STR_KB_HINT_SHOW_PASSWORD' missing in FR, using English fallback
  INFO: 'STR_KB_HINT_SHOW_PASSWORD' missing in CS, using English fallback
  INFO: 'STR_KB_HINT_SHOW_PASSWORD' missing in RO, using English fallback
  INFO: 'STR_KB_HINT_SHOW_PASSWORD' missing in BE, using English fallback
  INFO: 'STR_KB_HINT_SHOW_PASSWORD' missing in FI, using English fallback
  INFO: 'STR_KB_HINT_SHOW_PASSWORD' missing in DA, using English fallback
  INFO: 'STR_KB_HINT_SHOW_PASSWORD' missing in NL, using English fallback
  INFO: 'STR_KB_HINT_SHOW_PASSWORD' missing in KK, using English fallback
  INFO: 'STR_KB_HINT_SHOW_PASSWORD' missing in LT, using English fallback
  INFO: 'STR_KB_HINT_SHOW_PASSWORD' missing in SI, using English fallback
  INFO: 'STR_KB_HINT_TOGGLE_HIDE_PASSWORD' missing in FR, using English fallback
  INFO: 'STR_KB_HINT_TOGGLE_HIDE_PASSWORD' missing in CS, using English fallback
  INFO: 'STR_KB_HINT_TOGGLE_HIDE_PASSWORD' missing in RO, using English fallback
  INFO: 'STR_KB_HINT_TOGGLE_HIDE_PASSWORD' missing in BE, using English fallback
  INFO: 'STR_KB_HINT_TOGGLE_HIDE_PASSWORD' missing in FI, using English fallback
  INFO: 'STR_KB_HINT_TOGGLE_HIDE_PASSWORD' missing in DA, using English fallback
  INFO: 'STR_KB_HINT_TOGGLE_HIDE_PASSWORD' missing in NL, using English fallback
  INFO: 'STR_KB_HINT_TOGGLE_HIDE_PASSWORD' missing in KK, using English fallback
  INFO: 'STR_KB_HINT_TOGGLE_HIDE_PASSWORD' missing in LT, using English fallback
  INFO: 'STR_KB_HINT_TOGGLE_HIDE_PASSWORD' missing in SI, using English fallback
  INFO: 'STR_KB_HINT_TOGGLE_SHOW_PASSWORD' missing in FR, using English fallback
  INFO: 'STR_KB_HINT_TOGGLE_SHOW_PASSWORD' missing in CS, using English fallback
  INFO: 'STR_KB_HINT_TOGGLE_SHOW_PASSWORD' missing in RO, using English fallback
  INFO: 'STR_KB_HINT_TOGGLE_SHOW_PASSWORD' missing in BE, using English fallback
  INFO: 'STR_KB_HINT_TOGGLE_SHOW_PASSWORD' missing in FI, using English fallback
  INFO: 'STR_KB_HINT_TOGGLE_SHOW_PASSWORD' missing in DA, using English fallback
  INFO: 'STR_KB_HINT_TOGGLE_SHOW_PASSWORD' missing in NL, using English fallback
  INFO: 'STR_KB_HINT_TOGGLE_SHOW_PASSWORD' missing in KK, using English fallback
  INFO: 'STR_KB_HINT_TOGGLE_SHOW_PASSWORD' missing in LT, using English fallback
  INFO: 'STR_KB_HINT_TOGGLE_SHOW_PASSWORD' missing in SI, using English fallback
  INFO: 'STR_KB_HINT_EDIT_ENTRY' missing in FR, using English fallback
  INFO: 'STR_KB_HINT_EDIT_ENTRY' missing in CS, using English fallback
  INFO: 'STR_KB_HINT_EDIT_ENTRY' missing in RO, using English fallback
  INFO: 'STR_KB_HINT_EDIT_ENTRY' missing in BE, using English fallback
  INFO: 'STR_KB_HINT_EDIT_ENTRY' missing in FI, using English fallback
  INFO: 'STR_KB_HINT_EDIT_ENTRY' missing in DA, using English fallback
  INFO: 'STR_KB_HINT_EDIT_ENTRY' missing in NL, using English fallback
  INFO: 'STR_KB_HINT_EDIT_ENTRY' missing in KK, using English fallback
  INFO: 'STR_KB_HINT_EDIT_ENTRY' missing in LT, using English fallback
  INFO: 'STR_KB_HINT_EDIT_ENTRY' missing in SI, using English fallback
  INFO: 'STR_KB_TIPS' missing in FR, using English fallback
  INFO: 'STR_KB_TIPS' missing in CS, using English fallback
  INFO: 'STR_KB_TIPS' missing in RO, using English fallback
  INFO: 'STR_KB_TIPS' missing in BE, using English fallback
  INFO: 'STR_KB_TIPS' missing in FI, using English fallback
  INFO: 'STR_KB_TIPS' missing in DA, using English fallback
  INFO: 'STR_KB_TIPS' missing in NL, using English fallback
  INFO: 'STR_KB_TIPS' missing in KK, using English fallback
  INFO: 'STR_KB_TIPS' missing in LT, using English fallback
  INFO: 'STR_KB_TIPS' missing in SI, using English fallback
  INFO: 'STR_KB_HINT_RETURN_KEYBOARD' missing in FR, using English fallback
  INFO: 'STR_KB_HINT_RETURN_KEYBOARD' missing in CS, using English fallback
  INFO: 'STR_KB_HINT_RETURN_KEYBOARD' missing in RO, using English fallback
  INFO: 'STR_KB_HINT_RETURN_KEYBOARD' missing in BE, using English fallback
  INFO: 'STR_KB_HINT_RETURN_KEYBOARD' missing in FI, using English fallback
  INFO: 'STR_KB_HINT_RETURN_KEYBOARD' missing in DA, using English fallback
  INFO: 'STR_KB_HINT_RETURN_KEYBOARD' missing in NL, using English fallback
  INFO: 'STR_KB_HINT_RETURN_KEYBOARD' missing in KK, using English fallback
  INFO: 'STR_KB_HINT_RETURN_KEYBOARD' missing in LT, using English fallback
  INFO: 'STR_KB_HINT_RETURN_KEYBOARD' missing in SI, using English fallback
  INFO: 'STR_KB_HINT_EXIT_URL_MODE' missing in FR, using English fallback
  INFO: 'STR_KB_HINT_EXIT_URL_MODE' missing in CS, using English fallback
  INFO: 'STR_KB_HINT_EXIT_URL_MODE' missing in RO, using English fallback
  INFO: 'STR_KB_HINT_EXIT_URL_MODE' missing in BE, using English fallback
  INFO: 'STR_KB_HINT_EXIT_URL_MODE' missing in FI, using English fallback
  INFO: 'STR_KB_HINT_EXIT_URL_MODE' missing in DA, using English fallback
  INFO: 'STR_KB_HINT_EXIT_URL_MODE' missing in NL, using English fallback
  INFO: 'STR_KB_HINT_EXIT_URL_MODE' missing in KK, using English fallback
  INFO: 'STR_KB_HINT_EXIT_URL_MODE' missing in LT, using English fallback
  INFO: 'STR_KB_HINT_EXIT_URL_MODE' missing in SI, using English fallback
  INFO: 'STR_KB_HINT_CLEAR_TEXT' missing in FR, using English fallback
  INFO: 'STR_KB_HINT_CLEAR_TEXT' missing in CS, using English fallback
  INFO: 'STR_KB_HINT_CLEAR_TEXT' missing in RO, using English fallback
  INFO: 'STR_KB_HINT_CLEAR_TEXT' missing in BE, using English fallback
  INFO: 'STR_KB_HINT_CLEAR_TEXT' missing in FI, using English fallback
  INFO: 'STR_KB_HINT_CLEAR_TEXT' missing in DA, using English fallback
  INFO: 'STR_KB_HINT_CLEAR_TEXT' missing in NL, using English fallback
  INFO: 'STR_KB_HINT_CLEAR_TEXT' missing in KK, using English fallback
  INFO: 'STR_KB_HINT_CLEAR_TEXT' missing in LT, using English fallback
  INFO: 'STR_KB_HINT_CLEAR_TEXT' missing in SI, using English fallback
  INFO: 'STR_KB_HINT_SECONDARY_CHAR' missing in FR, using English fallback
  INFO: 'STR_KB_HINT_SECONDARY_CHAR' missing in CS, using English fallback
  INFO: 'STR_KB_HINT_SECONDARY_CHAR' missing in RO, using English fallback
  INFO: 'STR_KB_HINT_SECONDARY_CHAR' missing in BE, using English fallback
  INFO: 'STR_KB_HINT_SECONDARY_CHAR' missing in FI, using English fallback
  INFO: 'STR_KB_HINT_SECONDARY_CHAR' missing in DA, using English fallback
  INFO: 'STR_KB_HINT_SECONDARY_CHAR' missing in NL, using English fallback
  INFO: 'STR_KB_HINT_SECONDARY_CHAR' missing in KK, using English fallback
  INFO: 'STR_KB_HINT_SECONDARY_CHAR' missing in LT, using English fallback
  INFO: 'STR_KB_HINT_SECONDARY_CHAR' missing in SI, using English fallback
  INFO: 'STR_KB_HINT_UPPER_SECONDARY' missing in FR, using English fallback
  INFO: 'STR_KB_HINT_UPPER_SECONDARY' missing in CS, using English fallback
  INFO: 'STR_KB_HINT_UPPER_SECONDARY' missing in RO, using English fallback
  INFO: 'STR_KB_HINT_UPPER_SECONDARY' missing in BE, using English fallback
  INFO: 'STR_KB_HINT_UPPER_SECONDARY' missing in FI, using English fallback
  INFO: 'STR_KB_HINT_UPPER_SECONDARY' missing in DA, using English fallback
  INFO: 'STR_KB_HINT_UPPER_SECONDARY' missing in NL, using English fallback
  INFO: 'STR_KB_HINT_UPPER_SECONDARY' missing in KK, using English fallback
  INFO: 'STR_KB_HINT_UPPER_SECONDARY' missing in LT, using English fallback
  INFO: 'STR_KB_HINT_UPPER_SECONDARY' missing in SI, using English fallback
  INFO: 'STR_KB_HINT_LOWER_SECONDARY' missing in FR, using English fallback
  INFO: 'STR_KB_HINT_LOWER_SECONDARY' missing in CS, using English fallback
  INFO: 'STR_KB_HINT_LOWER_SECONDARY' missing in RO, using English fallback
  INFO: 'STR_KB_HINT_LOWER_SECONDARY' missing in BE, using English fallback
  INFO: 'STR_KB_HINT_LOWER_SECONDARY' missing in FI, using English fallback
  INFO: 'STR_KB_HINT_LOWER_SECONDARY' missing in DA, using English fallback
  INFO: 'STR_KB_HINT_LOWER_SECONDARY' missing in NL, using English fallback
  INFO: 'STR_KB_HINT_LOWER_SECONDARY' missing in KK, using English fallback
  INFO: 'STR_KB_HINT_LOWER_SECONDARY' missing in LT, using English fallback
  INFO: 'STR_KB_HINT_LOWER_SECONDARY' missing in SI, using English fallback
  INFO: 'STR_KB_HINT_URL_SNIPPETS' missing in FR, using English fallback
  INFO: 'STR_KB_HINT_URL_SNIPPETS' missing in CS, using English fallback
  INFO: 'STR_KB_HINT_URL_SNIPPETS' missing in RO, using English fallback
  INFO: 'STR_KB_HINT_URL_SNIPPETS' missing in BE, using English fallback
  INFO: 'STR_KB_HINT_URL_SNIPPETS' missing in FI, using English fallback
  INFO: 'STR_KB_HINT_URL_SNIPPETS' missing in DA, using English fallback
  INFO: 'STR_KB_HINT_URL_SNIPPETS' missing in NL, using English fallback
  INFO: 'STR_KB_HINT_URL_SNIPPETS' missing in KK, using English fallback
  INFO: 'STR_KB_HINT_URL_SNIPPETS' missing in LT, using English fallback
  INFO: 'STR_KB_HINT_URL_SNIPPETS' missing in SI, using English fallback
  INFO: 'STR_SD_FIRMWARE_UPDATE' missing in FR, using English fallback
  INFO: 'STR_SD_FIRMWARE_UPDATE' missing in CS, using English fallback
  INFO: 'STR_SD_FIRMWARE_UPDATE' missing in RO, using English fallback
  INFO: 'STR_SD_FIRMWARE_UPDATE' missing in BE, using English fallback
  INFO: 'STR_SD_FIRMWARE_UPDATE' missing in FI, using English fallback
  INFO: 'STR_SD_FIRMWARE_UPDATE' missing in DA, using English fallback
  INFO: 'STR_SD_FIRMWARE_UPDATE' missing in NL, using English fallback
  INFO: 'STR_SD_FIRMWARE_UPDATE' missing in KK, using English fallback
  INFO: 'STR_SD_FIRMWARE_UPDATE' missing in LT, using English fallback
  INFO: 'STR_SD_FIRMWARE_UPDATE' missing in SI, using English fallback
  INFO: 'STR_SELECT_FIRMWARE_FILE' missing in FR, using English fallback
  INFO: 'STR_SELECT_FIRMWARE_FILE' missing in CS, using English fallback
  INFO: 'STR_SELECT_FIRMWARE_FILE' missing in RO, using English fallback
  INFO: 'STR_SELECT_FIRMWARE_FILE' missing in BE, using English fallback
  INFO: 'STR_SELECT_FIRMWARE_FILE' missing in FI, using English fallback
  INFO: 'STR_SELECT_FIRMWARE_FILE' missing in DA, using English fallback
  INFO: 'STR_SELECT_FIRMWARE_FILE' missing in NL, using English fallback
  INFO: 'STR_SELECT_FIRMWARE_FILE' missing in KK, using English fallback
  INFO: 'STR_SELECT_FIRMWARE_FILE' missing in LT, using English fallback
  INFO: 'STR_SELECT_FIRMWARE_FILE' missing in SI, using English fallback
  INFO: 'STR_NO_BIN_FILES' missing in FR, using English fallback
  INFO: 'STR_NO_BIN_FILES' missing in CS, using English fallback
  INFO: 'STR_NO_BIN_FILES' missing in RO, using English fallback
  INFO: 'STR_NO_BIN_FILES' missing in BE, using English fallback
  INFO: 'STR_NO_BIN_FILES' missing in FI, using English fallback
  INFO: 'STR_NO_BIN_FILES' missing in DA, using English fallback
  INFO: 'STR_NO_BIN_FILES' missing in NL, using English fallback
  INFO: 'STR_NO_BIN_FILES' missing in KK, using English fallback
  INFO: 'STR_NO_BIN_FILES' missing in LT, using English fallback
  INFO: 'STR_NO_BIN_FILES' missing in SI, using English fallback
  INFO: 'STR_VALIDATING_FIRMWARE' missing in FR, using English fallback
  INFO: 'STR_VALIDATING_FIRMWARE' missing in CS, using English fallback
  INFO: 'STR_VALIDATING_FIRMWARE' missing in RO, using English fallback
  INFO: 'STR_VALIDATING_FIRMWARE' missing in BE, using English fallback
  INFO: 'STR_VALIDATING_FIRMWARE' missing in FI, using English fallback
  INFO: 'STR_VALIDATING_FIRMWARE' missing in DA, using English fallback
  INFO: 'STR_VALIDATING_FIRMWARE' missing in NL, using English fallback
  INFO: 'STR_VALIDATING_FIRMWARE' missing in KK, using English fallback
  INFO: 'STR_VALIDATING_FIRMWARE' missing in LT, using English fallback
  INFO: 'STR_VALIDATING_FIRMWARE' missing in SI, using English fallback
  INFO: 'STR_INVALID_FIRMWARE' missing in FR, using English fallback
  INFO: 'STR_INVALID_FIRMWARE' missing in CS, using English fallback
  INFO: 'STR_INVALID_FIRMWARE' missing in RO, using English fallback
  INFO: 'STR_INVALID_FIRMWARE' missing in BE, using English fallback
  INFO: 'STR_INVALID_FIRMWARE' missing in FI, using English fallback
  INFO: 'STR_INVALID_FIRMWARE' missing in DA, using English fallback
  INFO: 'STR_INVALID_FIRMWARE' missing in NL, using English fallback
  INFO: 'STR_INVALID_FIRMWARE' missing in KK, using English fallback
  INFO: 'STR_INVALID_FIRMWARE' missing in LT, using English fallback
  INFO: 'STR_INVALID_FIRMWARE' missing in SI, using English fallback
  INFO: 'STR_FIRMWARE_TOO_LARGE' missing in FR, using English fallback
  INFO: 'STR_FIRMWARE_TOO_LARGE' missing in CS, using English fallback
  INFO: 'STR_FIRMWARE_TOO_LARGE' missing in RO, using English fallback
  INFO: 'STR_FIRMWARE_TOO_LARGE' missing in BE, using English fallback
  INFO: 'STR_FIRMWARE_TOO_LARGE' missing in FI, using English fallback
  INFO: 'STR_FIRMWARE_TOO_LARGE' missing in DA, using English fallback
  INFO: 'STR_FIRMWARE_TOO_LARGE' missing in NL, using English fallback
  INFO: 'STR_FIRMWARE_TOO_LARGE' missing in KK, using English fallback
  INFO: 'STR_FIRMWARE_TOO_LARGE' missing in LT, using English fallback
  INFO: 'STR_FIRMWARE_TOO_LARGE' missing in SI, using English fallback
  INFO: 'STR_FIRMWARE_TOO_SMALL' missing in FR, using English fallback
  INFO: 'STR_FIRMWARE_TOO_SMALL' missing in CS, using English fallback
  INFO: 'STR_FIRMWARE_TOO_SMALL' missing in RO, using English fallback
  INFO: 'STR_FIRMWARE_TOO_SMALL' missing in BE, using English fallback
  INFO: 'STR_FIRMWARE_TOO_SMALL' missing in FI, using English fallback
  INFO: 'STR_FIRMWARE_TOO_SMALL' missing in DA, using English fallback
  INFO: 'STR_FIRMWARE_TOO_SMALL' missing in NL, using English fallback
  INFO: 'STR_FIRMWARE_TOO_SMALL' missing in KK, using English fallback
  INFO: 'STR_FIRMWARE_TOO_SMALL' missing in LT, using English fallback
  INFO: 'STR_FIRMWARE_TOO_SMALL' missing in SI, using English fallback
  INFO: 'STR_FIRMWARE_UPDATE_PROMPT' missing in FR, using English fallback
  INFO: 'STR_FIRMWARE_UPDATE_PROMPT' missing in CS, using English fallback
  INFO: 'STR_FIRMWARE_UPDATE_PROMPT' missing in RO, using English fallback
  INFO: 'STR_FIRMWARE_UPDATE_PROMPT' missing in BE, using English fallback
  INFO: 'STR_FIRMWARE_UPDATE_PROMPT' missing in FI, using English fallback
  INFO: 'STR_FIRMWARE_UPDATE_PROMPT' missing in DA, using English fallback
  INFO: 'STR_FIRMWARE_UPDATE_PROMPT' missing in NL, using English fallback
  INFO: 'STR_FIRMWARE_UPDATE_PROMPT' missing in KK, using English fallback
  INFO: 'STR_FIRMWARE_UPDATE_PROMPT' missing in LT, using English fallback
  INFO: 'STR_FIRMWARE_UPDATE_PROMPT' missing in SI, using English fallback
  INFO: 'STR_FIRMWARE_FILE_OPEN_FAILED' missing in FR, using English fallback
  INFO: 'STR_FIRMWARE_FILE_OPEN_FAILED' missing in CS, using English fallback
  INFO: 'STR_FIRMWARE_FILE_OPEN_FAILED' missing in RO, using English fallback
  INFO: 'STR_FIRMWARE_FILE_OPEN_FAILED' missing in BE, using English fallback
  INFO: 'STR_FIRMWARE_FILE_OPEN_FAILED' missing in FI, using English fallback
  INFO: 'STR_FIRMWARE_FILE_OPEN_FAILED' missing in DA, using English fallback
  INFO: 'STR_FIRMWARE_FILE_OPEN_FAILED' missing in NL, using English fallback
  INFO: 'STR_FIRMWARE_FILE_OPEN_FAILED' missing in KK, using English fallback
  INFO: 'STR_FIRMWARE_FILE_OPEN_FAILED' missing in LT, using English fallback
  INFO: 'STR_FIRMWARE_FILE_OPEN_FAILED' missing in SI, using English fallback
  INFO: 'STR_FIRMWARE_WRITE_FAILED' missing in FR, using English fallback
  INFO: 'STR_FIRMWARE_WRITE_FAILED' missing in CS, using English fallback
  INFO: 'STR_FIRMWARE_WRITE_FAILED' missing in RO, using English fallback
  INFO: 'STR_FIRMWARE_WRITE_FAILED' missing in BE, using English fallback
  INFO: 'STR_FIRMWARE_WRITE_FAILED' missing in FI, using English fallback
  INFO: 'STR_FIRMWARE_WRITE_FAILED' missing in DA, using English fallback
  INFO: 'STR_FIRMWARE_WRITE_FAILED' missing in NL, using English fallback
  INFO: 'STR_FIRMWARE_WRITE_FAILED' missing in KK, using English fallback
  INFO: 'STR_FIRMWARE_WRITE_FAILED' missing in LT, using English fallback
  INFO: 'STR_FIRMWARE_WRITE_FAILED' missing in SI, using English fallback
  INFO: 'STR_FIRMWARE_UPDATE_DO_NOT_POWER_OFF' missing in FR, using English fallback
  INFO: 'STR_FIRMWARE_UPDATE_DO_NOT_POWER_OFF' missing in CS, using English fallback
  INFO: 'STR_FIRMWARE_UPDATE_DO_NOT_POWER_OFF' missing in RO, using English fallback
  INFO: 'STR_FIRMWARE_UPDATE_DO_NOT_POWER_OFF' missing in BE, using English fallback
  INFO: 'STR_FIRMWARE_UPDATE_DO_NOT_POWER_OFF' missing in FI, using English fallback
  INFO: 'STR_FIRMWARE_UPDATE_DO_NOT_POWER_OFF' missing in DA, using English fallback
  INFO: 'STR_FIRMWARE_UPDATE_DO_NOT_POWER_OFF' missing in NL, using English fallback
  INFO: 'STR_FIRMWARE_UPDATE_DO_NOT_POWER_OFF' missing in KK, using English fallback
  INFO: 'STR_FIRMWARE_UPDATE_DO_NOT_POWER_OFF' missing in LT, using English fallback
  INFO: 'STR_FIRMWARE_UPDATE_DO_NOT_POWER_OFF' missing in SI, using English fallback
  INFO: 'STR_RECOVERY_MODE' missing in FR, using English fallback
  INFO: 'STR_RECOVERY_MODE' missing in CS, using English fallback
  INFO: 'STR_RECOVERY_MODE' missing in RO, using English fallback
  INFO: 'STR_RECOVERY_MODE' missing in BE, using English fallback
  INFO: 'STR_RECOVERY_MODE' missing in FI, using English fallback
  INFO: 'STR_RECOVERY_MODE' missing in DA, using English fallback
  INFO: 'STR_RECOVERY_MODE' missing in NL, using English fallback
  INFO: 'STR_RECOVERY_MODE' missing in KK, using English fallback
  INFO: 'STR_RECOVERY_MODE' missing in LT, using English fallback
  INFO: 'STR_RECOVERY_MODE' missing in SI, using English fallback
  INFO: 'STR_RECOVERY_MODE_HINT' missing in FR, using English fallback
  INFO: 'STR_RECOVERY_MODE_HINT' missing in CS, using English fallback
  INFO: 'STR_RECOVERY_MODE_HINT' missing in RO, using English fallback
  INFO: 'STR_RECOVERY_MODE_HINT' missing in BE, using English fallback
  INFO: 'STR_RECOVERY_MODE_HINT' missing in FI, using English fallback
  INFO: 'STR_RECOVERY_MODE_HINT' missing in DA, using English fallback
  INFO: 'STR_RECOVERY_MODE_HINT' missing in NL, using English fallback
  INFO: 'STR_RECOVERY_MODE_HINT' missing in KK, using English fallback
  INFO: 'STR_RECOVERY_MODE_HINT' missing in LT, using English fallback
  INFO: 'STR_RECOVERY_MODE_HINT' missing in SI, using English fallback
  INFO: 'STR_READER_SETTINGS' missing in ES, using English fallback
  INFO: 'STR_READER_SETTINGS' missing in FR, using English fallback
  INFO: 'STR_READER_SETTINGS' missing in DE, using English fallback
  INFO: 'STR_READER_SETTINGS' missing in CS, using English fallback
  INFO: 'STR_READER_SETTINGS' missing in PT, using English fallback
  INFO: 'STR_READER_SETTINGS' missing in RU, using English fallback
  INFO: 'STR_READER_SETTINGS' missing in SV, using English fallback
  INFO: 'STR_READER_SETTINGS' missing in RO, using English fallback
  INFO: 'STR_READER_SETTINGS' missing in CA, using English fallback
  INFO: 'STR_READER_SETTINGS' missing in UK, using English fallback
  INFO: 'STR_READER_SETTINGS' missing in BE, using English fallback
  INFO: 'STR_READER_SETTINGS' missing in IT, using English fallback
  INFO: 'STR_READER_SETTINGS' missing in PL, using English fallback
  INFO: 'STR_READER_SETTINGS' missing in FI, using English fallback
  INFO: 'STR_READER_SETTINGS' missing in DA, using English fallback
  INFO: 'STR_READER_SETTINGS' missing in NL, using English fallback
  INFO: 'STR_READER_SETTINGS' missing in TR, using English fallback
  INFO: 'STR_READER_SETTINGS' missing in KK, using English fallback
  INFO: 'STR_READER_SETTINGS' missing in HU, using English fallback
  INFO: 'STR_READER_SETTINGS' missing in LT, using English fallback
  INFO: 'STR_READER_SETTINGS' missing in SI, using English fallback
  INFO: 'STR_READER_SETTINGS' missing in CAV, using English fallback
  INFO: 'STR_READER_SETTINGS' missing in HE, using English fallback
  INFO: 'STR_READER_SETTINGS' missing in SK, using English fallback
  INFO: 'STR_READER_SETTINGS' missing in VI, using English fallback
  INFO: 'STR_READER_SETTINGS' missing in NB, using English fallback
  INFO: 'STR_READER_SETTINGS' missing in P2, using English fallback
  INFO: 'STR_READER_SETTINGS' missing in AR, using English fallback
  INFO: 'STR_READER_SETTINGS' missing in BS, using English fallback
  INFO: 'STR_READER_SETTINGS' missing in ID, using English fallback
  INFO: 'STR_CALIBRE_LIBRARY' missing in ES, using English fallback
  INFO: 'STR_CALIBRE_LIBRARY' missing in FR, using English fallback
  INFO: 'STR_CALIBRE_LIBRARY' missing in DE, using English fallback
  INFO: 'STR_CALIBRE_LIBRARY' missing in CS, using English fallback
  INFO: 'STR_CALIBRE_LIBRARY' missing in PT, using English fallback
  INFO: 'STR_CALIBRE_LIBRARY' missing in RU, using English fallback
  INFO: 'STR_CALIBRE_LIBRARY' missing in SV, using English fallback
  INFO: 'STR_CALIBRE_LIBRARY' missing in RO, using English fallback
  INFO: 'STR_CALIBRE_LIBRARY' missing in CA, using English fallback
  INFO: 'STR_CALIBRE_LIBRARY' missing in UK, using English fallback
  INFO: 'STR_CALIBRE_LIBRARY' missing in BE, using English fallback
  INFO: 'STR_CALIBRE_LIBRARY' missing in IT, using English fallback
  INFO: 'STR_CALIBRE_LIBRARY' missing in PL, using English fallback
  INFO: 'STR_CALIBRE_LIBRARY' missing in FI, using English fallback
  INFO: 'STR_CALIBRE_LIBRARY' missing in DA, using English fallback
  INFO: 'STR_CALIBRE_LIBRARY' missing in NL, using English fallback
  INFO: 'STR_CALIBRE_LIBRARY' missing in TR, using English fallback
  INFO: 'STR_CALIBRE_LIBRARY' missing in KK, using English fallback
  INFO: 'STR_CALIBRE_LIBRARY' missing in HU, using English fallback
  INFO: 'STR_CALIBRE_LIBRARY' missing in LT, using English fallback
  INFO: 'STR_CALIBRE_LIBRARY' missing in SI, using English fallback
  INFO: 'STR_CALIBRE_LIBRARY' missing in CAV, using English fallback
  INFO: 'STR_CALIBRE_LIBRARY' missing in HE, using English fallback
  INFO: 'STR_CALIBRE_LIBRARY' missing in SK, using English fallback
  INFO: 'STR_CALIBRE_LIBRARY' missing in VI, using English fallback
  INFO: 'STR_CALIBRE_LIBRARY' missing in NB, using English fallback
  INFO: 'STR_CALIBRE_LIBRARY' missing in P2, using English fallback
  INFO: 'STR_CALIBRE_LIBRARY' missing in AR, using English fallback
  INFO: 'STR_CALIBRE_LIBRARY' missing in BS, using English fallback
  INFO: 'STR_CALIBRE_LIBRARY' missing in ID, using English fallback
  INFO: 'STR_CALIBRE_WEB_URL' missing in CAV, using English fallback
  INFO: 'STR_CALIBRE_WEB_URL' missing in SK, using English fallback
  INFO: 'STR_CALIBRE_WEB_URL' missing in VI, using English fallback
  INFO: 'STR_CALIBRE_WEB_URL' missing in NB, using English fallback
  INFO: 'STR_CALIBRE_WEB_URL' missing in P2, using English fallback
  INFO: 'STR_CALIBRE_WEB_URL' missing in AR, using English fallback
  INFO: 'STR_CALIBRE_WEB_URL' missing in BS, using English fallback
  INFO: 'STR_CALIBRE_WEB_URL' missing in ID, using English fallback
  INFO: 'STR_LONG_PRESS_SKIP' missing in CAV, using English fallback
  INFO: 'STR_LONG_PRESS_SKIP' missing in HE, using English fallback
  INFO: 'STR_LONG_PRESS_SKIP' missing in SK, using English fallback
  INFO: 'STR_LONG_PRESS_SKIP' missing in VI, using English fallback
  INFO: 'STR_LONG_PRESS_SKIP' missing in NB, using English fallback
  INFO: 'STR_LONG_PRESS_SKIP' missing in P2, using English fallback
  INFO: 'STR_LONG_PRESS_SKIP' missing in AR, using English fallback
  INFO: 'STR_LONG_PRESS_SKIP' missing in BS, using English fallback
  INFO: 'STR_LONG_PRESS_SKIP' missing in ID, using English fallback
  INFO: 'STR_BLUETOOTH_PAGE_TURN' missing in ES, using English fallback
  INFO: 'STR_BLUETOOTH_PAGE_TURN' missing in FR, using English fallback
  INFO: 'STR_BLUETOOTH_PAGE_TURN' missing in DE, using English fallback
  INFO: 'STR_BLUETOOTH_PAGE_TURN' missing in CS, using English fallback
  INFO: 'STR_BLUETOOTH_PAGE_TURN' missing in PT, using English fallback
  INFO: 'STR_BLUETOOTH_PAGE_TURN' missing in RU, using English fallback
  INFO: 'STR_BLUETOOTH_PAGE_TURN' missing in SV, using English fallback
  INFO: 'STR_BLUETOOTH_PAGE_TURN' missing in RO, using English fallback
  INFO: 'STR_BLUETOOTH_PAGE_TURN' missing in CA, using English fallback
  INFO: 'STR_BLUETOOTH_PAGE_TURN' missing in UK, using English fallback
  INFO: 'STR_BLUETOOTH_PAGE_TURN' missing in BE, using English fallback
  INFO: 'STR_BLUETOOTH_PAGE_TURN' missing in IT, using English fallback
  INFO: 'STR_BLUETOOTH_PAGE_TURN' missing in PL, using English fallback
  INFO: 'STR_BLUETOOTH_PAGE_TURN' missing in FI, using English fallback
  INFO: 'STR_BLUETOOTH_PAGE_TURN' missing in DA, using English fallback
  INFO: 'STR_BLUETOOTH_PAGE_TURN' missing in NL, using English fallback
  INFO: 'STR_BLUETOOTH_PAGE_TURN' missing in TR, using English fallback
  INFO: 'STR_BLUETOOTH_PAGE_TURN' missing in KK, using English fallback
  INFO: 'STR_BLUETOOTH_PAGE_TURN' missing in HU, using English fallback
  INFO: 'STR_BLUETOOTH_PAGE_TURN' missing in LT, using English fallback
  INFO: 'STR_BLUETOOTH_PAGE_TURN' missing in SI, using English fallback
  INFO: 'STR_BLUETOOTH_PAGE_TURN' missing in CAV, using English fallback
  INFO: 'STR_BLUETOOTH_PAGE_TURN' missing in HE, using English fallback
  INFO: 'STR_BLUETOOTH_PAGE_TURN' missing in SK, using English fallback
  INFO: 'STR_BLUETOOTH_PAGE_TURN' missing in VI, using English fallback
  INFO: 'STR_BLUETOOTH_PAGE_TURN' missing in NB, using English fallback
  INFO: 'STR_BLUETOOTH_PAGE_TURN' missing in P2, using English fallback
  INFO: 'STR_BLUETOOTH_PAGE_TURN' missing in AR, using English fallback
  INFO: 'STR_BLUETOOTH_PAGE_TURN' missing in BS, using English fallback
  INFO: 'STR_BLUETOOTH_PAGE_TURN' missing in ID, using English fallback
  INFO: 'STR_BLUETOOTH_SCAN_DEVICES' missing in ES, using English fallback
  INFO: 'STR_BLUETOOTH_SCAN_DEVICES' missing in FR, using English fallback
  INFO: 'STR_BLUETOOTH_SCAN_DEVICES' missing in DE, using English fallback
  INFO: 'STR_BLUETOOTH_SCAN_DEVICES' missing in CS, using English fallback
  INFO: 'STR_BLUETOOTH_SCAN_DEVICES' missing in PT, using English fallback
  INFO: 'STR_BLUETOOTH_SCAN_DEVICES' missing in RU, using English fallback
  INFO: 'STR_BLUETOOTH_SCAN_DEVICES' missing in SV, using English fallback
  INFO: 'STR_BLUETOOTH_SCAN_DEVICES' missing in RO, using English fallback
  INFO: 'STR_BLUETOOTH_SCAN_DEVICES' missing in CA, using English fallback
  INFO: 'STR_BLUETOOTH_SCAN_DEVICES' missing in UK, using English fallback
  INFO: 'STR_BLUETOOTH_SCAN_DEVICES' missing in BE, using English fallback
  INFO: 'STR_BLUETOOTH_SCAN_DEVICES' missing in IT, using English fallback
  INFO: 'STR_BLUETOOTH_SCAN_DEVICES' missing in PL, using English fallback
  INFO: 'STR_BLUETOOTH_SCAN_DEVICES' missing in FI, using English fallback
  INFO: 'STR_BLUETOOTH_SCAN_DEVICES' missing in DA, using English fallback
  INFO: 'STR_BLUETOOTH_SCAN_DEVICES' missing in NL, using English fallback
  INFO: 'STR_BLUETOOTH_SCAN_DEVICES' missing in TR, using English fallback
  INFO: 'STR_BLUETOOTH_SCAN_DEVICES' missing in KK, using English fallback
  INFO: 'STR_BLUETOOTH_SCAN_DEVICES' missing in HU, using English fallback
  INFO: 'STR_BLUETOOTH_SCAN_DEVICES' missing in LT, using English fallback
  INFO: 'STR_BLUETOOTH_SCAN_DEVICES' missing in SI, using English fallback
  INFO: 'STR_BLUETOOTH_SCAN_DEVICES' missing in CAV, using English fallback
  INFO: 'STR_BLUETOOTH_SCAN_DEVICES' missing in HE, using English fallback
  INFO: 'STR_BLUETOOTH_SCAN_DEVICES' missing in SK, using English fallback
  INFO: 'STR_BLUETOOTH_SCAN_DEVICES' missing in VI, using English fallback
  INFO: 'STR_BLUETOOTH_SCAN_DEVICES' missing in NB, using English fallback
  INFO: 'STR_BLUETOOTH_SCAN_DEVICES' missing in P2, using English fallback
  INFO: 'STR_BLUETOOTH_SCAN_DEVICES' missing in AR, using English fallback
  INFO: 'STR_BLUETOOTH_SCAN_DEVICES' missing in BS, using English fallback
  INFO: 'STR_BLUETOOTH_SCAN_DEVICES' missing in ID, using English fallback
  INFO: 'STR_BLUETOOTH_PAIRED_DEVICE' missing in ES, using English fallback
  INFO: 'STR_BLUETOOTH_PAIRED_DEVICE' missing in FR, using English fallback
  INFO: 'STR_BLUETOOTH_PAIRED_DEVICE' missing in DE, using English fallback
  INFO: 'STR_BLUETOOTH_PAIRED_DEVICE' missing in CS, using English fallback
  INFO: 'STR_BLUETOOTH_PAIRED_DEVICE' missing in PT, using English fallback
  INFO: 'STR_BLUETOOTH_PAIRED_DEVICE' missing in RU, using English fallback
  INFO: 'STR_BLUETOOTH_PAIRED_DEVICE' missing in SV, using English fallback
  INFO: 'STR_BLUETOOTH_PAIRED_DEVICE' missing in RO, using English fallback
  INFO: 'STR_BLUETOOTH_PAIRED_DEVICE' missing in CA, using English fallback
  INFO: 'STR_BLUETOOTH_PAIRED_DEVICE' missing in UK, using English fallback
  INFO: 'STR_BLUETOOTH_PAIRED_DEVICE' missing in BE, using English fallback
  INFO: 'STR_BLUETOOTH_PAIRED_DEVICE' missing in IT, using English fallback
  INFO: 'STR_BLUETOOTH_PAIRED_DEVICE' missing in PL, using English fallback
  INFO: 'STR_BLUETOOTH_PAIRED_DEVICE' missing in FI, using English fallback
  INFO: 'STR_BLUETOOTH_PAIRED_DEVICE' missing in DA, using English fallback
  INFO: 'STR_BLUETOOTH_PAIRED_DEVICE' missing in NL, using English fallback
  INFO: 'STR_BLUETOOTH_PAIRED_DEVICE' missing in TR, using English fallback
  INFO: 'STR_BLUETOOTH_PAIRED_DEVICE' missing in KK, using English fallback
  INFO: 'STR_BLUETOOTH_PAIRED_DEVICE' missing in HU, using English fallback
  INFO: 'STR_BLUETOOTH_PAIRED_DEVICE' missing in LT, using English fallback
  INFO: 'STR_BLUETOOTH_PAIRED_DEVICE' missing in SI, using English fallback
  INFO: 'STR_BLUETOOTH_PAIRED_DEVICE' missing in CAV, using English fallback
  INFO: 'STR_BLUETOOTH_PAIRED_DEVICE' missing in HE, using English fallback
  INFO: 'STR_BLUETOOTH_PAIRED_DEVICE' missing in SK, using English fallback
  INFO: 'STR_BLUETOOTH_PAIRED_DEVICE' missing in VI, using English fallback
  INFO: 'STR_BLUETOOTH_PAIRED_DEVICE' missing in NB, using English fallback
  INFO: 'STR_BLUETOOTH_PAIRED_DEVICE' missing in P2, using English fallback
  INFO: 'STR_BLUETOOTH_PAIRED_DEVICE' missing in AR, using English fallback
  INFO: 'STR_BLUETOOTH_PAIRED_DEVICE' missing in BS, using English fallback
  INFO: 'STR_BLUETOOTH_PAIRED_DEVICE' missing in ID, using English fallback
  INFO: 'STR_BLUETOOTH_READY' missing in ES, using English fallback
  INFO: 'STR_BLUETOOTH_READY' missing in FR, using English fallback
  INFO: 'STR_BLUETOOTH_READY' missing in DE, using English fallback
  INFO: 'STR_BLUETOOTH_READY' missing in CS, using English fallback
  INFO: 'STR_BLUETOOTH_READY' missing in PT, using English fallback
  INFO: 'STR_BLUETOOTH_READY' missing in RU, using English fallback
  INFO: 'STR_BLUETOOTH_READY' missing in SV, using English fallback
  INFO: 'STR_BLUETOOTH_READY' missing in RO, using English fallback
  INFO: 'STR_BLUETOOTH_READY' missing in CA, using English fallback
  INFO: 'STR_BLUETOOTH_READY' missing in UK, using English fallback
  INFO: 'STR_BLUETOOTH_READY' missing in BE, using English fallback
  INFO: 'STR_BLUETOOTH_READY' missing in IT, using English fallback
  INFO: 'STR_BLUETOOTH_READY' missing in PL, using English fallback
  INFO: 'STR_BLUETOOTH_READY' missing in FI, using English fallback
  INFO: 'STR_BLUETOOTH_READY' missing in DA, using English fallback
  INFO: 'STR_BLUETOOTH_READY' missing in NL, using English fallback
  INFO: 'STR_BLUETOOTH_READY' missing in TR, using English fallback
  INFO: 'STR_BLUETOOTH_READY' missing in KK, using English fallback
  INFO: 'STR_BLUETOOTH_READY' missing in HU, using English fallback
  INFO: 'STR_BLUETOOTH_READY' missing in LT, using English fallback
  INFO: 'STR_BLUETOOTH_READY' missing in SI, using English fallback
  INFO: 'STR_BLUETOOTH_READY' missing in CAV, using English fallback
  INFO: 'STR_BLUETOOTH_READY' missing in HE, using English fallback
  INFO: 'STR_BLUETOOTH_READY' missing in SK, using English fallback
  INFO: 'STR_BLUETOOTH_READY' missing in VI, using English fallback
  INFO: 'STR_BLUETOOTH_READY' missing in NB, using English fallback
  INFO: 'STR_BLUETOOTH_READY' missing in P2, using English fallback
  INFO: 'STR_BLUETOOTH_READY' missing in AR, using English fallback
  INFO: 'STR_BLUETOOTH_READY' missing in BS, using English fallback
  INFO: 'STR_BLUETOOTH_READY' missing in ID, using English fallback
  INFO: 'STR_BLUETOOTH_STACK_UNAVAILABLE' missing in ES, using English fallback
  INFO: 'STR_BLUETOOTH_STACK_UNAVAILABLE' missing in FR, using English fallback
  INFO: 'STR_BLUETOOTH_STACK_UNAVAILABLE' missing in DE, using English fallback
  INFO: 'STR_BLUETOOTH_STACK_UNAVAILABLE' missing in CS, using English fallback
  INFO: 'STR_BLUETOOTH_STACK_UNAVAILABLE' missing in PT, using English fallback
  INFO: 'STR_BLUETOOTH_STACK_UNAVAILABLE' missing in RU, using English fallback
  INFO: 'STR_BLUETOOTH_STACK_UNAVAILABLE' missing in SV, using English fallback
  INFO: 'STR_BLUETOOTH_STACK_UNAVAILABLE' missing in RO, using English fallback
  INFO: 'STR_BLUETOOTH_STACK_UNAVAILABLE' missing in CA, using English fallback
  INFO: 'STR_BLUETOOTH_STACK_UNAVAILABLE' missing in UK, using English fallback
  INFO: 'STR_BLUETOOTH_STACK_UNAVAILABLE' missing in BE, using English fallback
  INFO: 'STR_BLUETOOTH_STACK_UNAVAILABLE' missing in IT, using English fallback
  INFO: 'STR_BLUETOOTH_STACK_UNAVAILABLE' missing in PL, using English fallback
  INFO: 'STR_BLUETOOTH_STACK_UNAVAILABLE' missing in FI, using English fallback
  INFO: 'STR_BLUETOOTH_STACK_UNAVAILABLE' missing in DA, using English fallback
  INFO: 'STR_BLUETOOTH_STACK_UNAVAILABLE' missing in NL, using English fallback
  INFO: 'STR_BLUETOOTH_STACK_UNAVAILABLE' missing in TR, using English fallback
  INFO: 'STR_BLUETOOTH_STACK_UNAVAILABLE' missing in KK, using English fallback
  INFO: 'STR_BLUETOOTH_STACK_UNAVAILABLE' missing in HU, using English fallback
  INFO: 'STR_BLUETOOTH_STACK_UNAVAILABLE' missing in LT, using English fallback
  INFO: 'STR_BLUETOOTH_STACK_UNAVAILABLE' missing in SI, using English fallback
  INFO: 'STR_BLUETOOTH_STACK_UNAVAILABLE' missing in CAV, using English fallback
  INFO: 'STR_BLUETOOTH_STACK_UNAVAILABLE' missing in HE, using English fallback
  INFO: 'STR_BLUETOOTH_STACK_UNAVAILABLE' missing in SK, using English fallback
  INFO: 'STR_BLUETOOTH_STACK_UNAVAILABLE' missing in VI, using English fallback
  INFO: 'STR_BLUETOOTH_STACK_UNAVAILABLE' missing in NB, using English fallback
  INFO: 'STR_BLUETOOTH_STACK_UNAVAILABLE' missing in P2, using English fallback
  INFO: 'STR_BLUETOOTH_STACK_UNAVAILABLE' missing in AR, using English fallback
  INFO: 'STR_BLUETOOTH_STACK_UNAVAILABLE' missing in BS, using English fallback
  INFO: 'STR_BLUETOOTH_STACK_UNAVAILABLE' missing in ID, using English fallback
  INFO: 'STR_INSTALL_FIRMWARE_SD' missing in ES, using English fallback
  INFO: 'STR_INSTALL_FIRMWARE_SD' missing in FR, using English fallback
  INFO: 'STR_INSTALL_FIRMWARE_SD' missing in DE, using English fallback
  INFO: 'STR_INSTALL_FIRMWARE_SD' missing in CS, using English fallback
  INFO: 'STR_INSTALL_FIRMWARE_SD' missing in PT, using English fallback
  INFO: 'STR_INSTALL_FIRMWARE_SD' missing in RU, using English fallback
  INFO: 'STR_INSTALL_FIRMWARE_SD' missing in SV, using English fallback
  INFO: 'STR_INSTALL_FIRMWARE_SD' missing in RO, using English fallback
  INFO: 'STR_INSTALL_FIRMWARE_SD' missing in CA, using English fallback
  INFO: 'STR_INSTALL_FIRMWARE_SD' missing in UK, using English fallback
  INFO: 'STR_INSTALL_FIRMWARE_SD' missing in BE, using English fallback
  INFO: 'STR_INSTALL_FIRMWARE_SD' missing in IT, using English fallback
  INFO: 'STR_INSTALL_FIRMWARE_SD' missing in PL, using English fallback
  INFO: 'STR_INSTALL_FIRMWARE_SD' missing in FI, using English fallback
  INFO: 'STR_INSTALL_FIRMWARE_SD' missing in DA, using English fallback
  INFO: 'STR_INSTALL_FIRMWARE_SD' missing in NL, using English fallback
  INFO: 'STR_INSTALL_FIRMWARE_SD' missing in TR, using English fallback
  INFO: 'STR_INSTALL_FIRMWARE_SD' missing in KK, using English fallback
  INFO: 'STR_INSTALL_FIRMWARE_SD' missing in HU, using English fallback
  INFO: 'STR_INSTALL_FIRMWARE_SD' missing in LT, using English fallback
  INFO: 'STR_INSTALL_FIRMWARE_SD' missing in SI, using English fallback
  INFO: 'STR_INSTALL_FIRMWARE_SD' missing in CAV, using English fallback
  INFO: 'STR_INSTALL_FIRMWARE_SD' missing in HE, using English fallback
  INFO: 'STR_INSTALL_FIRMWARE_SD' missing in SK, using English fallback
  INFO: 'STR_INSTALL_FIRMWARE_SD' missing in VI, using English fallback
  INFO: 'STR_INSTALL_FIRMWARE_SD' missing in NB, using English fallback
  INFO: 'STR_INSTALL_FIRMWARE_SD' missing in P2, using English fallback
  INFO: 'STR_INSTALL_FIRMWARE_SD' missing in AR, using English fallback
  INFO: 'STR_INSTALL_FIRMWARE_SD' missing in BS, using English fallback
  INFO: 'STR_INSTALL_FIRMWARE_SD' missing in ID, using English fallback
  INFO: 'STR_SD_FIRMWARE_SCANNING' missing in ES, using English fallback
  INFO: 'STR_SD_FIRMWARE_SCANNING' missing in FR, using English fallback
  INFO: 'STR_SD_FIRMWARE_SCANNING' missing in DE, using English fallback
  INFO: 'STR_SD_FIRMWARE_SCANNING' missing in CS, using English fallback
  INFO: 'STR_SD_FIRMWARE_SCANNING' missing in PT, using English fallback
  INFO: 'STR_SD_FIRMWARE_SCANNING' missing in RU, using English fallback
  INFO: 'STR_SD_FIRMWARE_SCANNING' missing in SV, using English fallback
  INFO: 'STR_SD_FIRMWARE_SCANNING' missing in RO, using English fallback
  INFO: 'STR_SD_FIRMWARE_SCANNING' missing in CA, using English fallback
  INFO: 'STR_SD_FIRMWARE_SCANNING' missing in UK, using English fallback
  INFO: 'STR_SD_FIRMWARE_SCANNING' missing in BE, using English fallback
  INFO: 'STR_SD_FIRMWARE_SCANNING' missing in IT, using English fallback
  INFO: 'STR_SD_FIRMWARE_SCANNING' missing in PL, using English fallback
  INFO: 'STR_SD_FIRMWARE_SCANNING' missing in FI, using English fallback
  INFO: 'STR_SD_FIRMWARE_SCANNING' missing in DA, using English fallback
  INFO: 'STR_SD_FIRMWARE_SCANNING' missing in NL, using English fallback
  INFO: 'STR_SD_FIRMWARE_SCANNING' missing in TR, using English fallback
  INFO: 'STR_SD_FIRMWARE_SCANNING' missing in KK, using English fallback
  INFO: 'STR_SD_FIRMWARE_SCANNING' missing in HU, using English fallback
  INFO: 'STR_SD_FIRMWARE_SCANNING' missing in LT, using English fallback
  INFO: 'STR_SD_FIRMWARE_SCANNING' missing in SI, using English fallback
  INFO: 'STR_SD_FIRMWARE_SCANNING' missing in CAV, using English fallback
  INFO: 'STR_SD_FIRMWARE_SCANNING' missing in HE, using English fallback
  INFO: 'STR_SD_FIRMWARE_SCANNING' missing in SK, using English fallback
  INFO: 'STR_SD_FIRMWARE_SCANNING' missing in VI, using English fallback
  INFO: 'STR_SD_FIRMWARE_SCANNING' missing in NB, using English fallback
  INFO: 'STR_SD_FIRMWARE_SCANNING' missing in P2, using English fallback
  INFO: 'STR_SD_FIRMWARE_SCANNING' missing in AR, using English fallback
  INFO: 'STR_SD_FIRMWARE_SCANNING' missing in BS, using English fallback
  INFO: 'STR_SD_FIRMWARE_SCANNING' missing in ID, using English fallback
  INFO: 'STR_SD_FIRMWARE_NOT_FOUND' missing in ES, using English fallback
  INFO: 'STR_SD_FIRMWARE_NOT_FOUND' missing in FR, using English fallback
  INFO: 'STR_SD_FIRMWARE_NOT_FOUND' missing in DE, using English fallback
  INFO: 'STR_SD_FIRMWARE_NOT_FOUND' missing in CS, using English fallback
  INFO: 'STR_SD_FIRMWARE_NOT_FOUND' missing in PT, using English fallback
  INFO: 'STR_SD_FIRMWARE_NOT_FOUND' missing in RU, using English fallback
  INFO: 'STR_SD_FIRMWARE_NOT_FOUND' missing in SV, using English fallback
  INFO: 'STR_SD_FIRMWARE_NOT_FOUND' missing in RO, using English fallback
  INFO: 'STR_SD_FIRMWARE_NOT_FOUND' missing in CA, using English fallback
  INFO: 'STR_SD_FIRMWARE_NOT_FOUND' missing in UK, using English fallback
  INFO: 'STR_SD_FIRMWARE_NOT_FOUND' missing in BE, using English fallback
  INFO: 'STR_SD_FIRMWARE_NOT_FOUND' missing in IT, using English fallback
  INFO: 'STR_SD_FIRMWARE_NOT_FOUND' missing in PL, using English fallback
  INFO: 'STR_SD_FIRMWARE_NOT_FOUND' missing in FI, using English fallback
  INFO: 'STR_SD_FIRMWARE_NOT_FOUND' missing in DA, using English fallback
  INFO: 'STR_SD_FIRMWARE_NOT_FOUND' missing in NL, using English fallback
  INFO: 'STR_SD_FIRMWARE_NOT_FOUND' missing in TR, using English fallback
  INFO: 'STR_SD_FIRMWARE_NOT_FOUND' missing in KK, using English fallback
  INFO: 'STR_SD_FIRMWARE_NOT_FOUND' missing in HU, using English fallback
  INFO: 'STR_SD_FIRMWARE_NOT_FOUND' missing in LT, using English fallback
  INFO: 'STR_SD_FIRMWARE_NOT_FOUND' missing in SI, using English fallback
  INFO: 'STR_SD_FIRMWARE_NOT_FOUND' missing in CAV, using English fallback
  INFO: 'STR_SD_FIRMWARE_NOT_FOUND' missing in HE, using English fallback
  INFO: 'STR_SD_FIRMWARE_NOT_FOUND' missing in SK, using English fallback
  INFO: 'STR_SD_FIRMWARE_NOT_FOUND' missing in VI, using English fallback
  INFO: 'STR_SD_FIRMWARE_NOT_FOUND' missing in NB, using English fallback
  INFO: 'STR_SD_FIRMWARE_NOT_FOUND' missing in P2, using English fallback
  INFO: 'STR_SD_FIRMWARE_NOT_FOUND' missing in AR, using English fallback
  INFO: 'STR_SD_FIRMWARE_NOT_FOUND' missing in BS, using English fallback
  INFO: 'STR_SD_FIRMWARE_NOT_FOUND' missing in ID, using English fallback
  INFO: 'STR_SD_FIRMWARE_CONFIRM_TITLE' missing in ES, using English fallback
  INFO: 'STR_SD_FIRMWARE_CONFIRM_TITLE' missing in FR, using English fallback
  INFO: 'STR_SD_FIRMWARE_CONFIRM_TITLE' missing in DE, using English fallback
  INFO: 'STR_SD_FIRMWARE_CONFIRM_TITLE' missing in CS, using English fallback
  INFO: 'STR_SD_FIRMWARE_CONFIRM_TITLE' missing in PT, using English fallback
  INFO: 'STR_SD_FIRMWARE_CONFIRM_TITLE' missing in RU, using English fallback
  INFO: 'STR_SD_FIRMWARE_CONFIRM_TITLE' missing in SV, using English fallback
  INFO: 'STR_SD_FIRMWARE_CONFIRM_TITLE' missing in RO, using English fallback
  INFO: 'STR_SD_FIRMWARE_CONFIRM_TITLE' missing in CA, using English fallback
  INFO: 'STR_SD_FIRMWARE_CONFIRM_TITLE' missing in UK, using English fallback
  INFO: 'STR_SD_FIRMWARE_CONFIRM_TITLE' missing in BE, using English fallback
  INFO: 'STR_SD_FIRMWARE_CONFIRM_TITLE' missing in IT, using English fallback
  INFO: 'STR_SD_FIRMWARE_CONFIRM_TITLE' missing in PL, using English fallback
  INFO: 'STR_SD_FIRMWARE_CONFIRM_TITLE' missing in FI, using English fallback
  INFO: 'STR_SD_FIRMWARE_CONFIRM_TITLE' missing in DA, using English fallback
  INFO: 'STR_SD_FIRMWARE_CONFIRM_TITLE' missing in NL, using English fallback
  INFO: 'STR_SD_FIRMWARE_CONFIRM_TITLE' missing in TR, using English fallback
  INFO: 'STR_SD_FIRMWARE_CONFIRM_TITLE' missing in KK, using English fallback
  INFO: 'STR_SD_FIRMWARE_CONFIRM_TITLE' missing in HU, using English fallback
  INFO: 'STR_SD_FIRMWARE_CONFIRM_TITLE' missing in LT, using English fallback
  INFO: 'STR_SD_FIRMWARE_CONFIRM_TITLE' missing in SI, using English fallback
  INFO: 'STR_SD_FIRMWARE_CONFIRM_TITLE' missing in CAV, using English fallback
  INFO: 'STR_SD_FIRMWARE_CONFIRM_TITLE' missing in HE, using English fallback
  INFO: 'STR_SD_FIRMWARE_CONFIRM_TITLE' missing in SK, using English fallback
  INFO: 'STR_SD_FIRMWARE_CONFIRM_TITLE' missing in VI, using English fallback
  INFO: 'STR_SD_FIRMWARE_CONFIRM_TITLE' missing in NB, using English fallback
  INFO: 'STR_SD_FIRMWARE_CONFIRM_TITLE' missing in P2, using English fallback
  INFO: 'STR_SD_FIRMWARE_CONFIRM_TITLE' missing in AR, using English fallback
  INFO: 'STR_SD_FIRMWARE_CONFIRM_TITLE' missing in BS, using English fallback
  INFO: 'STR_SD_FIRMWARE_CONFIRM_TITLE' missing in ID, using English fallback
  INFO: 'STR_SD_FIRMWARE_WARNING_1' missing in ES, using English fallback
  INFO: 'STR_SD_FIRMWARE_WARNING_1' missing in FR, using English fallback
  INFO: 'STR_SD_FIRMWARE_WARNING_1' missing in DE, using English fallback
  INFO: 'STR_SD_FIRMWARE_WARNING_1' missing in CS, using English fallback
  INFO: 'STR_SD_FIRMWARE_WARNING_1' missing in PT, using English fallback
  INFO: 'STR_SD_FIRMWARE_WARNING_1' missing in RU, using English fallback
  INFO: 'STR_SD_FIRMWARE_WARNING_1' missing in SV, using English fallback
  INFO: 'STR_SD_FIRMWARE_WARNING_1' missing in RO, using English fallback
  INFO: 'STR_SD_FIRMWARE_WARNING_1' missing in CA, using English fallback
  INFO: 'STR_SD_FIRMWARE_WARNING_1' missing in UK, using English fallback
  INFO: 'STR_SD_FIRMWARE_WARNING_1' missing in BE, using English fallback
  INFO: 'STR_SD_FIRMWARE_WARNING_1' missing in IT, using English fallback
  INFO: 'STR_SD_FIRMWARE_WARNING_1' missing in PL, using English fallback
  INFO: 'STR_SD_FIRMWARE_WARNING_1' missing in FI, using English fallback
  INFO: 'STR_SD_FIRMWARE_WARNING_1' missing in DA, using English fallback
  INFO: 'STR_SD_FIRMWARE_WARNING_1' missing in NL, using English fallback
  INFO: 'STR_SD_FIRMWARE_WARNING_1' missing in TR, using English fallback
  INFO: 'STR_SD_FIRMWARE_WARNING_1' missing in KK, using English fallback
  INFO: 'STR_SD_FIRMWARE_WARNING_1' missing in HU, using English fallback
  INFO: 'STR_SD_FIRMWARE_WARNING_1' missing in LT, using English fallback
  INFO: 'STR_SD_FIRMWARE_WARNING_1' missing in SI, using English fallback
  INFO: 'STR_SD_FIRMWARE_WARNING_1' missing in CAV, using English fallback
  INFO: 'STR_SD_FIRMWARE_WARNING_1' missing in HE, using English fallback
  INFO: 'STR_SD_FIRMWARE_WARNING_1' missing in SK, using English fallback
  INFO: 'STR_SD_FIRMWARE_WARNING_1' missing in VI, using English fallback
  INFO: 'STR_SD_FIRMWARE_WARNING_1' missing in NB, using English fallback
  INFO: 'STR_SD_FIRMWARE_WARNING_1' missing in P2, using English fallback
  INFO: 'STR_SD_FIRMWARE_WARNING_1' missing in AR, using English fallback
  INFO: 'STR_SD_FIRMWARE_WARNING_1' missing in BS, using English fallback
  INFO: 'STR_SD_FIRMWARE_WARNING_1' missing in ID, using English fallback
  INFO: 'STR_SD_FIRMWARE_WARNING_2' missing in ES, using English fallback
  INFO: 'STR_SD_FIRMWARE_WARNING_2' missing in FR, using English fallback
  INFO: 'STR_SD_FIRMWARE_WARNING_2' missing in DE, using English fallback
  INFO: 'STR_SD_FIRMWARE_WARNING_2' missing in CS, using English fallback
  INFO: 'STR_SD_FIRMWARE_WARNING_2' missing in PT, using English fallback
  INFO: 'STR_SD_FIRMWARE_WARNING_2' missing in RU, using English fallback
  INFO: 'STR_SD_FIRMWARE_WARNING_2' missing in SV, using English fallback
  INFO: 'STR_SD_FIRMWARE_WARNING_2' missing in RO, using English fallback
  INFO: 'STR_SD_FIRMWARE_WARNING_2' missing in CA, using English fallback
  INFO: 'STR_SD_FIRMWARE_WARNING_2' missing in UK, using English fallback
  INFO: 'STR_SD_FIRMWARE_WARNING_2' missing in BE, using English fallback
  INFO: 'STR_SD_FIRMWARE_WARNING_2' missing in IT, using English fallback
  INFO: 'STR_SD_FIRMWARE_WARNING_2' missing in PL, using English fallback
  INFO: 'STR_SD_FIRMWARE_WARNING_2' missing in FI, using English fallback
  INFO: 'STR_SD_FIRMWARE_WARNING_2' missing in DA, using English fallback
  INFO: 'STR_SD_FIRMWARE_WARNING_2' missing in NL, using English fallback
  INFO: 'STR_SD_FIRMWARE_WARNING_2' missing in TR, using English fallback
  INFO: 'STR_SD_FIRMWARE_WARNING_2' missing in KK, using English fallback
  INFO: 'STR_SD_FIRMWARE_WARNING_2' missing in HU, using English fallback
  INFO: 'STR_SD_FIRMWARE_WARNING_2' missing in LT, using English fallback
  INFO: 'STR_SD_FIRMWARE_WARNING_2' missing in SI, using English fallback
  INFO: 'STR_SD_FIRMWARE_WARNING_2' missing in CAV, using English fallback
  INFO: 'STR_SD_FIRMWARE_WARNING_2' missing in HE, using English fallback
  INFO: 'STR_SD_FIRMWARE_WARNING_2' missing in SK, using English fallback
  INFO: 'STR_SD_FIRMWARE_WARNING_2' missing in VI, using English fallback
  INFO: 'STR_SD_FIRMWARE_WARNING_2' missing in NB, using English fallback
  INFO: 'STR_SD_FIRMWARE_WARNING_2' missing in P2, using English fallback
  INFO: 'STR_SD_FIRMWARE_WARNING_2' missing in AR, using English fallback
  INFO: 'STR_SD_FIRMWARE_WARNING_2' missing in BS, using English fallback
  INFO: 'STR_SD_FIRMWARE_WARNING_2' missing in ID, using English fallback
  INFO: 'STR_SD_FIRMWARE_WARNING_3' missing in ES, using English fallback
  INFO: 'STR_SD_FIRMWARE_WARNING_3' missing in FR, using English fallback
  INFO: 'STR_SD_FIRMWARE_WARNING_3' missing in DE, using English fallback
  INFO: 'STR_SD_FIRMWARE_WARNING_3' missing in CS, using English fallback
  INFO: 'STR_SD_FIRMWARE_WARNING_3' missing in PT, using English fallback
  INFO: 'STR_SD_FIRMWARE_WARNING_3' missing in RU, using English fallback
  INFO: 'STR_SD_FIRMWARE_WARNING_3' missing in SV, using English fallback
  INFO: 'STR_SD_FIRMWARE_WARNING_3' missing in RO, using English fallback
  INFO: 'STR_SD_FIRMWARE_WARNING_3' missing in CA, using English fallback
  INFO: 'STR_SD_FIRMWARE_WARNING_3' missing in UK, using English fallback
  INFO: 'STR_SD_FIRMWARE_WARNING_3' missing in BE, using English fallback
  INFO: 'STR_SD_FIRMWARE_WARNING_3' missing in IT, using English fallback
  INFO: 'STR_SD_FIRMWARE_WARNING_3' missing in PL, using English fallback
  INFO: 'STR_SD_FIRMWARE_WARNING_3' missing in FI, using English fallback
  INFO: 'STR_SD_FIRMWARE_WARNING_3' missing in DA, using English fallback
  INFO: 'STR_SD_FIRMWARE_WARNING_3' missing in NL, using English fallback
  INFO: 'STR_SD_FIRMWARE_WARNING_3' missing in TR, using English fallback
  INFO: 'STR_SD_FIRMWARE_WARNING_3' missing in KK, using English fallback
  INFO: 'STR_SD_FIRMWARE_WARNING_3' missing in HU, using English fallback
  INFO: 'STR_SD_FIRMWARE_WARNING_3' missing in LT, using English fallback
  INFO: 'STR_SD_FIRMWARE_WARNING_3' missing in SI, using English fallback
  INFO: 'STR_SD_FIRMWARE_WARNING_3' missing in CAV, using English fallback
  INFO: 'STR_SD_FIRMWARE_WARNING_3' missing in HE, using English fallback
  INFO: 'STR_SD_FIRMWARE_WARNING_3' missing in SK, using English fallback
  INFO: 'STR_SD_FIRMWARE_WARNING_3' missing in VI, using English fallback
  INFO: 'STR_SD_FIRMWARE_WARNING_3' missing in NB, using English fallback
  INFO: 'STR_SD_FIRMWARE_WARNING_3' missing in P2, using English fallback
  INFO: 'STR_SD_FIRMWARE_WARNING_3' missing in AR, using English fallback
  INFO: 'STR_SD_FIRMWARE_WARNING_3' missing in BS, using English fallback
  INFO: 'STR_SD_FIRMWARE_WARNING_3' missing in ID, using English fallback
  INFO: 'STR_SD_FIRMWARE_WARNING_4' missing in ES, using English fallback
  INFO: 'STR_SD_FIRMWARE_WARNING_4' missing in FR, using English fallback
  INFO: 'STR_SD_FIRMWARE_WARNING_4' missing in DE, using English fallback
  INFO: 'STR_SD_FIRMWARE_WARNING_4' missing in CS, using English fallback
  INFO: 'STR_SD_FIRMWARE_WARNING_4' missing in PT, using English fallback
  INFO: 'STR_SD_FIRMWARE_WARNING_4' missing in RU, using English fallback
  INFO: 'STR_SD_FIRMWARE_WARNING_4' missing in SV, using English fallback
  INFO: 'STR_SD_FIRMWARE_WARNING_4' missing in RO, using English fallback
  INFO: 'STR_SD_FIRMWARE_WARNING_4' missing in CA, using English fallback
  INFO: 'STR_SD_FIRMWARE_WARNING_4' missing in UK, using English fallback
  INFO: 'STR_SD_FIRMWARE_WARNING_4' missing in BE, using English fallback
  INFO: 'STR_SD_FIRMWARE_WARNING_4' missing in IT, using English fallback
  INFO: 'STR_SD_FIRMWARE_WARNING_4' missing in PL, using English fallback
  INFO: 'STR_SD_FIRMWARE_WARNING_4' missing in FI, using English fallback
  INFO: 'STR_SD_FIRMWARE_WARNING_4' missing in DA, using English fallback
  INFO: 'STR_SD_FIRMWARE_WARNING_4' missing in NL, using English fallback
  INFO: 'STR_SD_FIRMWARE_WARNING_4' missing in TR, using English fallback
  INFO: 'STR_SD_FIRMWARE_WARNING_4' missing in KK, using English fallback
  INFO: 'STR_SD_FIRMWARE_WARNING_4' missing in HU, using English fallback
  INFO: 'STR_SD_FIRMWARE_WARNING_4' missing in LT, using English fallback
  INFO: 'STR_SD_FIRMWARE_WARNING_4' missing in SI, using English fallback
  INFO: 'STR_SD_FIRMWARE_WARNING_4' missing in CAV, using English fallback
  INFO: 'STR_SD_FIRMWARE_WARNING_4' missing in HE, using English fallback
  INFO: 'STR_SD_FIRMWARE_WARNING_4' missing in SK, using English fallback
  INFO: 'STR_SD_FIRMWARE_WARNING_4' missing in VI, using English fallback
  INFO: 'STR_SD_FIRMWARE_WARNING_4' missing in NB, using English fallback
  INFO: 'STR_SD_FIRMWARE_WARNING_4' missing in P2, using English fallback
  INFO: 'STR_SD_FIRMWARE_WARNING_4' missing in AR, using English fallback
  INFO: 'STR_SD_FIRMWARE_WARNING_4' missing in BS, using English fallback
  INFO: 'STR_SD_FIRMWARE_WARNING_4' missing in ID, using English fallback
  INFO: 'STR_SD_FIRMWARE_FILE' missing in ES, using English fallback
  INFO: 'STR_SD_FIRMWARE_FILE' missing in FR, using English fallback
  INFO: 'STR_SD_FIRMWARE_FILE' missing in DE, using English fallback
  INFO: 'STR_SD_FIRMWARE_FILE' missing in CS, using English fallback
  INFO: 'STR_SD_FIRMWARE_FILE' missing in PT, using English fallback
  INFO: 'STR_SD_FIRMWARE_FILE' missing in RU, using English fallback
  INFO: 'STR_SD_FIRMWARE_FILE' missing in SV, using English fallback
  INFO: 'STR_SD_FIRMWARE_FILE' missing in RO, using English fallback
  INFO: 'STR_SD_FIRMWARE_FILE' missing in CA, using English fallback
  INFO: 'STR_SD_FIRMWARE_FILE' missing in UK, using English fallback
  INFO: 'STR_SD_FIRMWARE_FILE' missing in BE, using English fallback
  INFO: 'STR_SD_FIRMWARE_FILE' missing in IT, using English fallback
  INFO: 'STR_SD_FIRMWARE_FILE' missing in PL, using English fallback
  INFO: 'STR_SD_FIRMWARE_FILE' missing in FI, using English fallback
  INFO: 'STR_SD_FIRMWARE_FILE' missing in DA, using English fallback
  INFO: 'STR_SD_FIRMWARE_FILE' missing in NL, using English fallback
  INFO: 'STR_SD_FIRMWARE_FILE' missing in TR, using English fallback
  INFO: 'STR_SD_FIRMWARE_FILE' missing in KK, using English fallback
  INFO: 'STR_SD_FIRMWARE_FILE' missing in HU, using English fallback
  INFO: 'STR_SD_FIRMWARE_FILE' missing in LT, using English fallback
  INFO: 'STR_SD_FIRMWARE_FILE' missing in SI, using English fallback
  INFO: 'STR_SD_FIRMWARE_FILE' missing in CAV, using English fallback
  INFO: 'STR_SD_FIRMWARE_FILE' missing in HE, using English fallback
  INFO: 'STR_SD_FIRMWARE_FILE' missing in SK, using English fallback
  INFO: 'STR_SD_FIRMWARE_FILE' missing in VI, using English fallback
  INFO: 'STR_SD_FIRMWARE_FILE' missing in NB, using English fallback
  INFO: 'STR_SD_FIRMWARE_FILE' missing in P2, using English fallback
  INFO: 'STR_SD_FIRMWARE_FILE' missing in AR, using English fallback
  INFO: 'STR_SD_FIRMWARE_FILE' missing in BS, using English fallback
  INFO: 'STR_SD_FIRMWARE_FILE' missing in ID, using English fallback
  INFO: 'STR_SD_FIRMWARE_SIZE' missing in ES, using English fallback
  INFO: 'STR_SD_FIRMWARE_SIZE' missing in FR, using English fallback
  INFO: 'STR_SD_FIRMWARE_SIZE' missing in DE, using English fallback
  INFO: 'STR_SD_FIRMWARE_SIZE' missing in CS, using English fallback
  INFO: 'STR_SD_FIRMWARE_SIZE' missing in PT, using English fallback
  INFO: 'STR_SD_FIRMWARE_SIZE' missing in RU, using English fallback
  INFO: 'STR_SD_FIRMWARE_SIZE' missing in SV, using English fallback
  INFO: 'STR_SD_FIRMWARE_SIZE' missing in RO, using English fallback
  INFO: 'STR_SD_FIRMWARE_SIZE' missing in CA, using English fallback
  INFO: 'STR_SD_FIRMWARE_SIZE' missing in UK, using English fallback
  INFO: 'STR_SD_FIRMWARE_SIZE' missing in BE, using English fallback
  INFO: 'STR_SD_FIRMWARE_SIZE' missing in IT, using English fallback
  INFO: 'STR_SD_FIRMWARE_SIZE' missing in PL, using English fallback
  INFO: 'STR_SD_FIRMWARE_SIZE' missing in FI, using English fallback
  INFO: 'STR_SD_FIRMWARE_SIZE' missing in DA, using English fallback
  INFO: 'STR_SD_FIRMWARE_SIZE' missing in NL, using English fallback
  INFO: 'STR_SD_FIRMWARE_SIZE' missing in TR, using English fallback
  INFO: 'STR_SD_FIRMWARE_SIZE' missing in KK, using English fallback
  INFO: 'STR_SD_FIRMWARE_SIZE' missing in HU, using English fallback
  INFO: 'STR_SD_FIRMWARE_SIZE' missing in LT, using English fallback
  INFO: 'STR_SD_FIRMWARE_SIZE' missing in SI, using English fallback
  INFO: 'STR_SD_FIRMWARE_SIZE' missing in CAV, using English fallback
  INFO: 'STR_SD_FIRMWARE_SIZE' missing in HE, using English fallback
  INFO: 'STR_SD_FIRMWARE_SIZE' missing in SK, using English fallback
  INFO: 'STR_SD_FIRMWARE_SIZE' missing in VI, using English fallback
  INFO: 'STR_SD_FIRMWARE_SIZE' missing in NB, using English fallback
  INFO: 'STR_SD_FIRMWARE_SIZE' missing in P2, using English fallback
  INFO: 'STR_SD_FIRMWARE_SIZE' missing in AR, using English fallback
  INFO: 'STR_SD_FIRMWARE_SIZE' missing in BS, using English fallback
  INFO: 'STR_SD_FIRMWARE_SIZE' missing in ID, using English fallback
  INFO: 'STR_SD_FIRMWARE_SELECT' missing in ES, using English fallback
  INFO: 'STR_SD_FIRMWARE_SELECT' missing in FR, using English fallback
  INFO: 'STR_SD_FIRMWARE_SELECT' missing in DE, using English fallback
  INFO: 'STR_SD_FIRMWARE_SELECT' missing in CS, using English fallback
  INFO: 'STR_SD_FIRMWARE_SELECT' missing in PT, using English fallback
  INFO: 'STR_SD_FIRMWARE_SELECT' missing in RU, using English fallback
  INFO: 'STR_SD_FIRMWARE_SELECT' missing in SV, using English fallback
  INFO: 'STR_SD_FIRMWARE_SELECT' missing in RO, using English fallback
  INFO: 'STR_SD_FIRMWARE_SELECT' missing in CA, using English fallback
  INFO: 'STR_SD_FIRMWARE_SELECT' missing in UK, using English fallback
  INFO: 'STR_SD_FIRMWARE_SELECT' missing in BE, using English fallback
  INFO: 'STR_SD_FIRMWARE_SELECT' missing in IT, using English fallback
  INFO: 'STR_SD_FIRMWARE_SELECT' missing in PL, using English fallback
  INFO: 'STR_SD_FIRMWARE_SELECT' missing in FI, using English fallback
  INFO: 'STR_SD_FIRMWARE_SELECT' missing in DA, using English fallback
  INFO: 'STR_SD_FIRMWARE_SELECT' missing in NL, using English fallback
  INFO: 'STR_SD_FIRMWARE_SELECT' missing in TR, using English fallback
  INFO: 'STR_SD_FIRMWARE_SELECT' missing in KK, using English fallback
  INFO: 'STR_SD_FIRMWARE_SELECT' missing in HU, using English fallback
  INFO: 'STR_SD_FIRMWARE_SELECT' missing in LT, using English fallback
  INFO: 'STR_SD_FIRMWARE_SELECT' missing in SI, using English fallback
  INFO: 'STR_SD_FIRMWARE_SELECT' missing in CAV, using English fallback
  INFO: 'STR_SD_FIRMWARE_SELECT' missing in HE, using English fallback
  INFO: 'STR_SD_FIRMWARE_SELECT' missing in SK, using English fallback
  INFO: 'STR_SD_FIRMWARE_SELECT' missing in VI, using English fallback
  INFO: 'STR_SD_FIRMWARE_SELECT' missing in NB, using English fallback
  INFO: 'STR_SD_FIRMWARE_SELECT' missing in P2, using English fallback
  INFO: 'STR_SD_FIRMWARE_SELECT' missing in AR, using English fallback
  INFO: 'STR_SD_FIRMWARE_SELECT' missing in BS, using English fallback
  INFO: 'STR_SD_FIRMWARE_SELECT' missing in ID, using English fallback
  INFO: 'STR_SD_FIRMWARE_ERR_INVALID' missing in ES, using English fallback
  INFO: 'STR_SD_FIRMWARE_ERR_INVALID' missing in FR, using English fallback
  INFO: 'STR_SD_FIRMWARE_ERR_INVALID' missing in DE, using English fallback
  INFO: 'STR_SD_FIRMWARE_ERR_INVALID' missing in CS, using English fallback
  INFO: 'STR_SD_FIRMWARE_ERR_INVALID' missing in PT, using English fallback
  INFO: 'STR_SD_FIRMWARE_ERR_INVALID' missing in RU, using English fallback
  INFO: 'STR_SD_FIRMWARE_ERR_INVALID' missing in SV, using English fallback
  INFO: 'STR_SD_FIRMWARE_ERR_INVALID' missing in RO, using English fallback
  INFO: 'STR_SD_FIRMWARE_ERR_INVALID' missing in CA, using English fallback
  INFO: 'STR_SD_FIRMWARE_ERR_INVALID' missing in UK, using English fallback
  INFO: 'STR_SD_FIRMWARE_ERR_INVALID' missing in BE, using English fallback
  INFO: 'STR_SD_FIRMWARE_ERR_INVALID' missing in IT, using English fallback
  INFO: 'STR_SD_FIRMWARE_ERR_INVALID' missing in PL, using English fallback
  INFO: 'STR_SD_FIRMWARE_ERR_INVALID' missing in FI, using English fallback
  INFO: 'STR_SD_FIRMWARE_ERR_INVALID' missing in DA, using English fallback
  INFO: 'STR_SD_FIRMWARE_ERR_INVALID' missing in NL, using English fallback
  INFO: 'STR_SD_FIRMWARE_ERR_INVALID' missing in TR, using English fallback
  INFO: 'STR_SD_FIRMWARE_ERR_INVALID' missing in KK, using English fallback
  INFO: 'STR_SD_FIRMWARE_ERR_INVALID' missing in HU, using English fallback
  INFO: 'STR_SD_FIRMWARE_ERR_INVALID' missing in LT, using English fallback
  INFO: 'STR_SD_FIRMWARE_ERR_INVALID' missing in SI, using English fallback
  INFO: 'STR_SD_FIRMWARE_ERR_INVALID' missing in CAV, using English fallback
  INFO: 'STR_SD_FIRMWARE_ERR_INVALID' missing in HE, using English fallback
  INFO: 'STR_SD_FIRMWARE_ERR_INVALID' missing in SK, using English fallback
  INFO: 'STR_SD_FIRMWARE_ERR_INVALID' missing in VI, using English fallback
  INFO: 'STR_SD_FIRMWARE_ERR_INVALID' missing in NB, using English fallback
  INFO: 'STR_SD_FIRMWARE_ERR_INVALID' missing in P2, using English fallback
  INFO: 'STR_SD_FIRMWARE_ERR_INVALID' missing in AR, using English fallback
  INFO: 'STR_SD_FIRMWARE_ERR_INVALID' missing in BS, using English fallback
  INFO: 'STR_SD_FIRMWARE_ERR_INVALID' missing in ID, using English fallback
  INFO: 'STR_SD_FIRMWARE_ERR_READ' missing in ES, using English fallback
  INFO: 'STR_SD_FIRMWARE_ERR_READ' missing in FR, using English fallback
  INFO: 'STR_SD_FIRMWARE_ERR_READ' missing in DE, using English fallback
  INFO: 'STR_SD_FIRMWARE_ERR_READ' missing in CS, using English fallback
  INFO: 'STR_SD_FIRMWARE_ERR_READ' missing in PT, using English fallback
  INFO: 'STR_SD_FIRMWARE_ERR_READ' missing in RU, using English fallback
  INFO: 'STR_SD_FIRMWARE_ERR_READ' missing in SV, using English fallback
  INFO: 'STR_SD_FIRMWARE_ERR_READ' missing in RO, using English fallback
  INFO: 'STR_SD_FIRMWARE_ERR_READ' missing in CA, using English fallback
  INFO: 'STR_SD_FIRMWARE_ERR_READ' missing in UK, using English fallback
  INFO: 'STR_SD_FIRMWARE_ERR_READ' missing in BE, using English fallback
  INFO: 'STR_SD_FIRMWARE_ERR_READ' missing in IT, using English fallback
  INFO: 'STR_SD_FIRMWARE_ERR_READ' missing in PL, using English fallback
  INFO: 'STR_SD_FIRMWARE_ERR_READ' missing in FI, using English fallback
  INFO: 'STR_SD_FIRMWARE_ERR_READ' missing in DA, using English fallback
  INFO: 'STR_SD_FIRMWARE_ERR_READ' missing in NL, using English fallback
  INFO: 'STR_SD_FIRMWARE_ERR_READ' missing in TR, using English fallback
  INFO: 'STR_SD_FIRMWARE_ERR_READ' missing in KK, using English fallback
  INFO: 'STR_SD_FIRMWARE_ERR_READ' missing in HU, using English fallback
  INFO: 'STR_SD_FIRMWARE_ERR_READ' missing in LT, using English fallback
  INFO: 'STR_SD_FIRMWARE_ERR_READ' missing in SI, using English fallback
  INFO: 'STR_SD_FIRMWARE_ERR_READ' missing in CAV, using English fallback
  INFO: 'STR_SD_FIRMWARE_ERR_READ' missing in HE, using English fallback
  INFO: 'STR_SD_FIRMWARE_ERR_READ' missing in SK, using English fallback
  INFO: 'STR_SD_FIRMWARE_ERR_READ' missing in VI, using English fallback
  INFO: 'STR_SD_FIRMWARE_ERR_READ' missing in NB, using English fallback
  INFO: 'STR_SD_FIRMWARE_ERR_READ' missing in P2, using English fallback
  INFO: 'STR_SD_FIRMWARE_ERR_READ' missing in AR, using English fallback
  INFO: 'STR_SD_FIRMWARE_ERR_READ' missing in BS, using English fallback
  INFO: 'STR_SD_FIRMWARE_ERR_READ' missing in ID, using English fallback
  INFO: 'STR_SD_FIRMWARE_ERR_TOO_LARGE' missing in ES, using English fallback
  INFO: 'STR_SD_FIRMWARE_ERR_TOO_LARGE' missing in FR, using English fallback
  INFO: 'STR_SD_FIRMWARE_ERR_TOO_LARGE' missing in DE, using English fallback
  INFO: 'STR_SD_FIRMWARE_ERR_TOO_LARGE' missing in CS, using English fallback
  INFO: 'STR_SD_FIRMWARE_ERR_TOO_LARGE' missing in PT, using English fallback
  INFO: 'STR_SD_FIRMWARE_ERR_TOO_LARGE' missing in RU, using English fallback
  INFO: 'STR_SD_FIRMWARE_ERR_TOO_LARGE' missing in SV, using English fallback
  INFO: 'STR_SD_FIRMWARE_ERR_TOO_LARGE' missing in RO, using English fallback
  INFO: 'STR_SD_FIRMWARE_ERR_TOO_LARGE' missing in CA, using English fallback
  INFO: 'STR_SD_FIRMWARE_ERR_TOO_LARGE' missing in UK, using English fallback
  INFO: 'STR_SD_FIRMWARE_ERR_TOO_LARGE' missing in BE, using English fallback
  INFO: 'STR_SD_FIRMWARE_ERR_TOO_LARGE' missing in IT, using English fallback
  INFO: 'STR_SD_FIRMWARE_ERR_TOO_LARGE' missing in PL, using English fallback
  INFO: 'STR_SD_FIRMWARE_ERR_TOO_LARGE' missing in FI, using English fallback
  INFO: 'STR_SD_FIRMWARE_ERR_TOO_LARGE' missing in DA, using English fallback
  INFO: 'STR_SD_FIRMWARE_ERR_TOO_LARGE' missing in NL, using English fallback
  INFO: 'STR_SD_FIRMWARE_ERR_TOO_LARGE' missing in TR, using English fallback
  INFO: 'STR_SD_FIRMWARE_ERR_TOO_LARGE' missing in KK, using English fallback
  INFO: 'STR_SD_FIRMWARE_ERR_TOO_LARGE' missing in HU, using English fallback
  INFO: 'STR_SD_FIRMWARE_ERR_TOO_LARGE' missing in LT, using English fallback
  INFO: 'STR_SD_FIRMWARE_ERR_TOO_LARGE' missing in SI, using English fallback
  INFO: 'STR_SD_FIRMWARE_ERR_TOO_LARGE' missing in CAV, using English fallback
  INFO: 'STR_SD_FIRMWARE_ERR_TOO_LARGE' missing in HE, using English fallback
  INFO: 'STR_SD_FIRMWARE_ERR_TOO_LARGE' missing in SK, using English fallback
  INFO: 'STR_SD_FIRMWARE_ERR_TOO_LARGE' missing in VI, using English fallback
  INFO: 'STR_SD_FIRMWARE_ERR_TOO_LARGE' missing in NB, using English fallback
  INFO: 'STR_SD_FIRMWARE_ERR_TOO_LARGE' missing in P2, using English fallback
  INFO: 'STR_SD_FIRMWARE_ERR_TOO_LARGE' missing in AR, using English fallback
  INFO: 'STR_SD_FIRMWARE_ERR_TOO_LARGE' missing in BS, using English fallback
  INFO: 'STR_SD_FIRMWARE_ERR_TOO_LARGE' missing in ID, using English fallback
  INFO: 'STR_SD_FIRMWARE_ERR_FLASH' missing in ES, using English fallback
  INFO: 'STR_SD_FIRMWARE_ERR_FLASH' missing in FR, using English fallback
  INFO: 'STR_SD_FIRMWARE_ERR_FLASH' missing in DE, using English fallback
  INFO: 'STR_SD_FIRMWARE_ERR_FLASH' missing in CS, using English fallback
  INFO: 'STR_SD_FIRMWARE_ERR_FLASH' missing in PT, using English fallback
  INFO: 'STR_SD_FIRMWARE_ERR_FLASH' missing in RU, using English fallback
  INFO: 'STR_SD_FIRMWARE_ERR_FLASH' missing in SV, using English fallback
  INFO: 'STR_SD_FIRMWARE_ERR_FLASH' missing in RO, using English fallback
  INFO: 'STR_SD_FIRMWARE_ERR_FLASH' missing in CA, using English fallback
  INFO: 'STR_SD_FIRMWARE_ERR_FLASH' missing in UK, using English fallback
  INFO: 'STR_SD_FIRMWARE_ERR_FLASH' missing in BE, using English fallback
  INFO: 'STR_SD_FIRMWARE_ERR_FLASH' missing in IT, using English fallback
  INFO: 'STR_SD_FIRMWARE_ERR_FLASH' missing in PL, using English fallback
  INFO: 'STR_SD_FIRMWARE_ERR_FLASH' missing in FI, using English fallback
  INFO: 'STR_SD_FIRMWARE_ERR_FLASH' missing in DA, using English fallback
  INFO: 'STR_SD_FIRMWARE_ERR_FLASH' missing in NL, using English fallback
  INFO: 'STR_SD_FIRMWARE_ERR_FLASH' missing in TR, using English fallback
  INFO: 'STR_SD_FIRMWARE_ERR_FLASH' missing in KK, using English fallback
  INFO: 'STR_SD_FIRMWARE_ERR_FLASH' missing in HU, using English fallback
  INFO: 'STR_SD_FIRMWARE_ERR_FLASH' missing in LT, using English fallback
  INFO: 'STR_SD_FIRMWARE_ERR_FLASH' missing in SI, using English fallback
  INFO: 'STR_SD_FIRMWARE_ERR_FLASH' missing in CAV, using English fallback
  INFO: 'STR_SD_FIRMWARE_ERR_FLASH' missing in HE, using English fallback
  INFO: 'STR_SD_FIRMWARE_ERR_FLASH' missing in SK, using English fallback
  INFO: 'STR_SD_FIRMWARE_ERR_FLASH' missing in VI, using English fallback
  INFO: 'STR_SD_FIRMWARE_ERR_FLASH' missing in NB, using English fallback
  INFO: 'STR_SD_FIRMWARE_ERR_FLASH' missing in P2, using English fallback
  INFO: 'STR_SD_FIRMWARE_ERR_FLASH' missing in AR, using English fallback
  INFO: 'STR_SD_FIRMWARE_ERR_FLASH' missing in BS, using English fallback
  INFO: 'STR_SD_FIRMWARE_ERR_FLASH' missing in ID, using English fallback
  INFO: 'STR_SD_FIRMWARE_ERR_PARTITION' missing in ES, using English fallback
  INFO: 'STR_SD_FIRMWARE_ERR_PARTITION' missing in FR, using English fallback
  INFO: 'STR_SD_FIRMWARE_ERR_PARTITION' missing in DE, using English fallback
  INFO: 'STR_SD_FIRMWARE_ERR_PARTITION' missing in CS, using English fallback
  INFO: 'STR_SD_FIRMWARE_ERR_PARTITION' missing in PT, using English fallback
  INFO: 'STR_SD_FIRMWARE_ERR_PARTITION' missing in RU, using English fallback
  INFO: 'STR_SD_FIRMWARE_ERR_PARTITION' missing in SV, using English fallback
  INFO: 'STR_SD_FIRMWARE_ERR_PARTITION' missing in RO, using English fallback
  INFO: 'STR_SD_FIRMWARE_ERR_PARTITION' missing in CA, using English fallback
  INFO: 'STR_SD_FIRMWARE_ERR_PARTITION' missing in UK, using English fallback
  INFO: 'STR_SD_FIRMWARE_ERR_PARTITION' missing in BE, using English fallback
  INFO: 'STR_SD_FIRMWARE_ERR_PARTITION' missing in IT, using English fallback
  INFO: 'STR_SD_FIRMWARE_ERR_PARTITION' missing in PL, using English fallback
  INFO: 'STR_SD_FIRMWARE_ERR_PARTITION' missing in FI, using English fallback
  INFO: 'STR_SD_FIRMWARE_ERR_PARTITION' missing in DA, using English fallback
  INFO: 'STR_SD_FIRMWARE_ERR_PARTITION' missing in NL, using English fallback
  INFO: 'STR_SD_FIRMWARE_ERR_PARTITION' missing in TR, using English fallback
  INFO: 'STR_SD_FIRMWARE_ERR_PARTITION' missing in KK, using English fallback
  INFO: 'STR_SD_FIRMWARE_ERR_PARTITION' missing in HU, using English fallback
  INFO: 'STR_SD_FIRMWARE_ERR_PARTITION' missing in LT, using English fallback
  INFO: 'STR_SD_FIRMWARE_ERR_PARTITION' missing in SI, using English fallback
  INFO: 'STR_SD_FIRMWARE_ERR_PARTITION' missing in CAV, using English fallback
  INFO: 'STR_SD_FIRMWARE_ERR_PARTITION' missing in HE, using English fallback
  INFO: 'STR_SD_FIRMWARE_ERR_PARTITION' missing in SK, using English fallback
  INFO: 'STR_SD_FIRMWARE_ERR_PARTITION' missing in VI, using English fallback
  INFO: 'STR_SD_FIRMWARE_ERR_PARTITION' missing in NB, using English fallback
  INFO: 'STR_SD_FIRMWARE_ERR_PARTITION' missing in P2, using English fallback
  INFO: 'STR_SD_FIRMWARE_ERR_PARTITION' missing in AR, using English fallback
  INFO: 'STR_SD_FIRMWARE_ERR_PARTITION' missing in BS, using English fallback
  INFO: 'STR_SD_FIRMWARE_ERR_PARTITION' missing in ID, using English fallback
  INFO: 'STR_SD_FIRMWARE_DO_NOT_POWER_OFF' missing in ES, using English fallback
  INFO: 'STR_SD_FIRMWARE_DO_NOT_POWER_OFF' missing in FR, using English fallback
  INFO: 'STR_SD_FIRMWARE_DO_NOT_POWER_OFF' missing in DE, using English fallback
  INFO: 'STR_SD_FIRMWARE_DO_NOT_POWER_OFF' missing in CS, using English fallback
  INFO: 'STR_SD_FIRMWARE_DO_NOT_POWER_OFF' missing in PT, using English fallback
  INFO: 'STR_SD_FIRMWARE_DO_NOT_POWER_OFF' missing in RU, using English fallback
  INFO: 'STR_SD_FIRMWARE_DO_NOT_POWER_OFF' missing in SV, using English fallback
  INFO: 'STR_SD_FIRMWARE_DO_NOT_POWER_OFF' missing in RO, using English fallback
  INFO: 'STR_SD_FIRMWARE_DO_NOT_POWER_OFF' missing in CA, using English fallback
  INFO: 'STR_SD_FIRMWARE_DO_NOT_POWER_OFF' missing in UK, using English fallback
  INFO: 'STR_SD_FIRMWARE_DO_NOT_POWER_OFF' missing in BE, using English fallback
  INFO: 'STR_SD_FIRMWARE_DO_NOT_POWER_OFF' missing in IT, using English fallback
  INFO: 'STR_SD_FIRMWARE_DO_NOT_POWER_OFF' missing in PL, using English fallback
  INFO: 'STR_SD_FIRMWARE_DO_NOT_POWER_OFF' missing in FI, using English fallback
  INFO: 'STR_SD_FIRMWARE_DO_NOT_POWER_OFF' missing in DA, using English fallback
  INFO: 'STR_SD_FIRMWARE_DO_NOT_POWER_OFF' missing in NL, using English fallback
  INFO: 'STR_SD_FIRMWARE_DO_NOT_POWER_OFF' missing in TR, using English fallback
  INFO: 'STR_SD_FIRMWARE_DO_NOT_POWER_OFF' missing in KK, using English fallback
  INFO: 'STR_SD_FIRMWARE_DO_NOT_POWER_OFF' missing in HU, using English fallback
  INFO: 'STR_SD_FIRMWARE_DO_NOT_POWER_OFF' missing in LT, using English fallback
  INFO: 'STR_SD_FIRMWARE_DO_NOT_POWER_OFF' missing in SI, using English fallback
  INFO: 'STR_SD_FIRMWARE_DO_NOT_POWER_OFF' missing in CAV, using English fallback
  INFO: 'STR_SD_FIRMWARE_DO_NOT_POWER_OFF' missing in HE, using English fallback
  INFO: 'STR_SD_FIRMWARE_DO_NOT_POWER_OFF' missing in SK, using English fallback
  INFO: 'STR_SD_FIRMWARE_DO_NOT_POWER_OFF' missing in VI, using English fallback
  INFO: 'STR_SD_FIRMWARE_DO_NOT_POWER_OFF' missing in NB, using English fallback
  INFO: 'STR_SD_FIRMWARE_DO_NOT_POWER_OFF' missing in P2, using English fallback
  INFO: 'STR_SD_FIRMWARE_DO_NOT_POWER_OFF' missing in AR, using English fallback
  INFO: 'STR_SD_FIRMWARE_DO_NOT_POWER_OFF' missing in BS, using English fallback
  INFO: 'STR_SD_FIRMWARE_DO_NOT_POWER_OFF' missing in ID, using English fallback
  INFO: 'STR_SD_FIRMWARE_PRESS_CONFIRM_RESTART' missing in ES, using English fallback
  INFO: 'STR_SD_FIRMWARE_PRESS_CONFIRM_RESTART' missing in FR, using English fallback
  INFO: 'STR_SD_FIRMWARE_PRESS_CONFIRM_RESTART' missing in DE, using English fallback
  INFO: 'STR_SD_FIRMWARE_PRESS_CONFIRM_RESTART' missing in CS, using English fallback
  INFO: 'STR_SD_FIRMWARE_PRESS_CONFIRM_RESTART' missing in PT, using English fallback
  INFO: 'STR_SD_FIRMWARE_PRESS_CONFIRM_RESTART' missing in RU, using English fallback
  INFO: 'STR_SD_FIRMWARE_PRESS_CONFIRM_RESTART' missing in SV, using English fallback
  INFO: 'STR_SD_FIRMWARE_PRESS_CONFIRM_RESTART' missing in RO, using English fallback
  INFO: 'STR_SD_FIRMWARE_PRESS_CONFIRM_RESTART' missing in CA, using English fallback
  INFO: 'STR_SD_FIRMWARE_PRESS_CONFIRM_RESTART' missing in UK, using English fallback
  INFO: 'STR_SD_FIRMWARE_PRESS_CONFIRM_RESTART' missing in BE, using English fallback
  INFO: 'STR_SD_FIRMWARE_PRESS_CONFIRM_RESTART' missing in IT, using English fallback
  INFO: 'STR_SD_FIRMWARE_PRESS_CONFIRM_RESTART' missing in PL, using English fallback
  INFO: 'STR_SD_FIRMWARE_PRESS_CONFIRM_RESTART' missing in FI, using English fallback
  INFO: 'STR_SD_FIRMWARE_PRESS_CONFIRM_RESTART' missing in DA, using English fallback
  INFO: 'STR_SD_FIRMWARE_PRESS_CONFIRM_RESTART' missing in NL, using English fallback
  INFO: 'STR_SD_FIRMWARE_PRESS_CONFIRM_RESTART' missing in TR, using English fallback
  INFO: 'STR_SD_FIRMWARE_PRESS_CONFIRM_RESTART' missing in KK, using English fallback
  INFO: 'STR_SD_FIRMWARE_PRESS_CONFIRM_RESTART' missing in HU, using English fallback
  INFO: 'STR_SD_FIRMWARE_PRESS_CONFIRM_RESTART' missing in LT, using English fallback
  INFO: 'STR_SD_FIRMWARE_PRESS_CONFIRM_RESTART' missing in SI, using English fallback
  INFO: 'STR_SD_FIRMWARE_PRESS_CONFIRM_RESTART' missing in CAV, using English fallback
  INFO: 'STR_SD_FIRMWARE_PRESS_CONFIRM_RESTART' missing in HE, using English fallback
  INFO: 'STR_SD_FIRMWARE_PRESS_CONFIRM_RESTART' missing in SK, using English fallback
  INFO: 'STR_SD_FIRMWARE_PRESS_CONFIRM_RESTART' missing in VI, using English fallback
  INFO: 'STR_SD_FIRMWARE_PRESS_CONFIRM_RESTART' missing in NB, using English fallback
  INFO: 'STR_SD_FIRMWARE_PRESS_CONFIRM_RESTART' missing in P2, using English fallback
  INFO: 'STR_SD_FIRMWARE_PRESS_CONFIRM_RESTART' missing in AR, using English fallback
  INFO: 'STR_SD_FIRMWARE_PRESS_CONFIRM_RESTART' missing in BS, using English fallback
  INFO: 'STR_SD_FIRMWARE_PRESS_CONFIRM_RESTART' missing in ID, using English fallback
  INFO: 'STR_SD_FIRMWARE_INVALID_FOUND' missing in ES, using English fallback
  INFO: 'STR_SD_FIRMWARE_INVALID_FOUND' missing in FR, using English fallback
  INFO: 'STR_SD_FIRMWARE_INVALID_FOUND' missing in DE, using English fallback
  INFO: 'STR_SD_FIRMWARE_INVALID_FOUND' missing in CS, using English fallback
  INFO: 'STR_SD_FIRMWARE_INVALID_FOUND' missing in PT, using English fallback
  INFO: 'STR_SD_FIRMWARE_INVALID_FOUND' missing in RU, using English fallback
  INFO: 'STR_SD_FIRMWARE_INVALID_FOUND' missing in SV, using English fallback
  INFO: 'STR_SD_FIRMWARE_INVALID_FOUND' missing in RO, using English fallback
  INFO: 'STR_SD_FIRMWARE_INVALID_FOUND' missing in CA, using English fallback
  INFO: 'STR_SD_FIRMWARE_INVALID_FOUND' missing in UK, using English fallback
  INFO: 'STR_SD_FIRMWARE_INVALID_FOUND' missing in BE, using English fallback
  INFO: 'STR_SD_FIRMWARE_INVALID_FOUND' missing in IT, using English fallback
  INFO: 'STR_SD_FIRMWARE_INVALID_FOUND' missing in PL, using English fallback
  INFO: 'STR_SD_FIRMWARE_INVALID_FOUND' missing in FI, using English fallback
  INFO: 'STR_SD_FIRMWARE_INVALID_FOUND' missing in DA, using English fallback
  INFO: 'STR_SD_FIRMWARE_INVALID_FOUND' missing in NL, using English fallback
  INFO: 'STR_SD_FIRMWARE_INVALID_FOUND' missing in TR, using English fallback
  INFO: 'STR_SD_FIRMWARE_INVALID_FOUND' missing in KK, using English fallback
  INFO: 'STR_SD_FIRMWARE_INVALID_FOUND' missing in HU, using English fallback
  INFO: 'STR_SD_FIRMWARE_INVALID_FOUND' missing in LT, using English fallback
  INFO: 'STR_SD_FIRMWARE_INVALID_FOUND' missing in SI, using English fallback
  INFO: 'STR_SD_FIRMWARE_INVALID_FOUND' missing in CAV, using English fallback
  INFO: 'STR_SD_FIRMWARE_INVALID_FOUND' missing in HE, using English fallback
  INFO: 'STR_SD_FIRMWARE_INVALID_FOUND' missing in SK, using English fallback
  INFO: 'STR_SD_FIRMWARE_INVALID_FOUND' missing in VI, using English fallback
  INFO: 'STR_SD_FIRMWARE_INVALID_FOUND' missing in NB, using English fallback
  INFO: 'STR_SD_FIRMWARE_INVALID_FOUND' missing in P2, using English fallback
  INFO: 'STR_SD_FIRMWARE_INVALID_FOUND' missing in AR, using English fallback
  INFO: 'STR_SD_FIRMWARE_INVALID_FOUND' missing in BS, using English fallback
  INFO: 'STR_SD_FIRMWARE_INVALID_FOUND' missing in ID, using English fallback
  INFO: 'STR_SET' missing in ES, using English fallback
  INFO: 'STR_SET' missing in FR, using English fallback
  INFO: 'STR_SET' missing in DE, using English fallback
  INFO: 'STR_SET' missing in CS, using English fallback
  INFO: 'STR_SET' missing in PT, using English fallback
  INFO: 'STR_SET' missing in RU, using English fallback
  INFO: 'STR_SET' missing in SV, using English fallback
  INFO: 'STR_SET' missing in RO, using English fallback
  INFO: 'STR_SET' missing in CA, using English fallback
  INFO: 'STR_SET' missing in UK, using English fallback
  INFO: 'STR_SET' missing in BE, using English fallback
  INFO: 'STR_SET' missing in IT, using English fallback
  INFO: 'STR_SET' missing in PL, using English fallback
  INFO: 'STR_SET' missing in FI, using English fallback
  INFO: 'STR_SET' missing in DA, using English fallback
  INFO: 'STR_SET' missing in NL, using English fallback
  INFO: 'STR_SET' missing in TR, using English fallback
  INFO: 'STR_SET' missing in KK, using English fallback
  INFO: 'STR_SET' missing in HU, using English fallback
  INFO: 'STR_SET' missing in LT, using English fallback
  INFO: 'STR_SET' missing in SI, using English fallback
  INFO: 'STR_SET' missing in CAV, using English fallback
  INFO: 'STR_SET' missing in HE, using English fallback
  INFO: 'STR_SET' missing in SK, using English fallback
  INFO: 'STR_SET' missing in VI, using English fallback
  INFO: 'STR_SET' missing in NB, using English fallback
  INFO: 'STR_SET' missing in P2, using English fallback
  INFO: 'STR_SET' missing in AR, using English fallback
  INFO: 'STR_SET' missing in BS, using English fallback
  INFO: 'STR_SET' missing in ID, using English fallback
  INFO: 'STR_COLOR_MODE' missing in ES, using English fallback
  INFO: 'STR_COLOR_MODE' missing in FR, using English fallback
  INFO: 'STR_COLOR_MODE' missing in DE, using English fallback
  INFO: 'STR_COLOR_MODE' missing in CS, using English fallback
  INFO: 'STR_COLOR_MODE' missing in PT, using English fallback
  INFO: 'STR_COLOR_MODE' missing in RU, using English fallback
  INFO: 'STR_COLOR_MODE' missing in SV, using English fallback
  INFO: 'STR_COLOR_MODE' missing in RO, using English fallback
  INFO: 'STR_COLOR_MODE' missing in CA, using English fallback
  INFO: 'STR_COLOR_MODE' missing in UK, using English fallback
  INFO: 'STR_COLOR_MODE' missing in BE, using English fallback
  INFO: 'STR_COLOR_MODE' missing in IT, using English fallback
  INFO: 'STR_COLOR_MODE' missing in PL, using English fallback
  INFO: 'STR_COLOR_MODE' missing in FI, using English fallback
  INFO: 'STR_COLOR_MODE' missing in DA, using English fallback
  INFO: 'STR_COLOR_MODE' missing in NL, using English fallback
  INFO: 'STR_COLOR_MODE' missing in TR, using English fallback
  INFO: 'STR_COLOR_MODE' missing in KK, using English fallback
  INFO: 'STR_COLOR_MODE' missing in HU, using English fallback
  INFO: 'STR_COLOR_MODE' missing in LT, using English fallback
  INFO: 'STR_COLOR_MODE' missing in SI, using English fallback
  INFO: 'STR_COLOR_MODE' missing in CAV, using English fallback
  INFO: 'STR_COLOR_MODE' missing in HE, using English fallback
  INFO: 'STR_COLOR_MODE' missing in SK, using English fallback
  INFO: 'STR_COLOR_MODE' missing in VI, using English fallback
  INFO: 'STR_COLOR_MODE' missing in NB, using English fallback
  INFO: 'STR_COLOR_MODE' missing in P2, using English fallback
  INFO: 'STR_COLOR_MODE' missing in AR, using English fallback
  INFO: 'STR_COLOR_MODE' missing in BS, using English fallback
  INFO: 'STR_COLOR_MODE' missing in ID, using English fallback
  INFO: 'STR_EXTERNAL_FONT' missing in ES, using English fallback
  INFO: 'STR_EXTERNAL_FONT' missing in FR, using English fallback
  INFO: 'STR_EXTERNAL_FONT' missing in DE, using English fallback
  INFO: 'STR_EXTERNAL_FONT' missing in CS, using English fallback
  INFO: 'STR_EXTERNAL_FONT' missing in PT, using English fallback
  INFO: 'STR_EXTERNAL_FONT' missing in RU, using English fallback
  INFO: 'STR_EXTERNAL_FONT' missing in SV, using English fallback
  INFO: 'STR_EXTERNAL_FONT' missing in RO, using English fallback
  INFO: 'STR_EXTERNAL_FONT' missing in CA, using English fallback
  INFO: 'STR_EXTERNAL_FONT' missing in UK, using English fallback
  INFO: 'STR_EXTERNAL_FONT' missing in BE, using English fallback
  INFO: 'STR_EXTERNAL_FONT' missing in IT, using English fallback
  INFO: 'STR_EXTERNAL_FONT' missing in PL, using English fallback
  INFO: 'STR_EXTERNAL_FONT' missing in FI, using English fallback
  INFO: 'STR_EXTERNAL_FONT' missing in DA, using English fallback
  INFO: 'STR_EXTERNAL_FONT' missing in NL, using English fallback
  INFO: 'STR_EXTERNAL_FONT' missing in TR, using English fallback
  INFO: 'STR_EXTERNAL_FONT' missing in KK, using English fallback
  INFO: 'STR_EXTERNAL_FONT' missing in HU, using English fallback
  INFO: 'STR_EXTERNAL_FONT' missing in LT, using English fallback
  INFO: 'STR_EXTERNAL_FONT' missing in SI, using English fallback
  INFO: 'STR_EXTERNAL_FONT' missing in CAV, using English fallback
  INFO: 'STR_EXTERNAL_FONT' missing in HE, using English fallback
  INFO: 'STR_EXTERNAL_FONT' missing in SK, using English fallback
  INFO: 'STR_EXTERNAL_FONT' missing in VI, using English fallback
  INFO: 'STR_EXTERNAL_FONT' missing in NB, using English fallback
  INFO: 'STR_EXTERNAL_FONT' missing in P2, using English fallback
  INFO: 'STR_EXTERNAL_FONT' missing in AR, using English fallback
  INFO: 'STR_EXTERNAL_FONT' missing in BS, using English fallback
  INFO: 'STR_EXTERNAL_FONT' missing in ID, using English fallback
  INFO: 'STR_EXT_READER_FONT' missing in ES, using English fallback
  INFO: 'STR_EXT_READER_FONT' missing in FR, using English fallback
  INFO: 'STR_EXT_READER_FONT' missing in DE, using English fallback
  INFO: 'STR_EXT_READER_FONT' missing in CS, using English fallback
  INFO: 'STR_EXT_READER_FONT' missing in PT, using English fallback
  INFO: 'STR_EXT_READER_FONT' missing in RU, using English fallback
  INFO: 'STR_EXT_READER_FONT' missing in SV, using English fallback
  INFO: 'STR_EXT_READER_FONT' missing in RO, using English fallback
  INFO: 'STR_EXT_READER_FONT' missing in CA, using English fallback
  INFO: 'STR_EXT_READER_FONT' missing in UK, using English fallback
  INFO: 'STR_EXT_READER_FONT' missing in BE, using English fallback
  INFO: 'STR_EXT_READER_FONT' missing in IT, using English fallback
  INFO: 'STR_EXT_READER_FONT' missing in PL, using English fallback
  INFO: 'STR_EXT_READER_FONT' missing in FI, using English fallback
  INFO: 'STR_EXT_READER_FONT' missing in DA, using English fallback
  INFO: 'STR_EXT_READER_FONT' missing in NL, using English fallback
  INFO: 'STR_EXT_READER_FONT' missing in TR, using English fallback
  INFO: 'STR_EXT_READER_FONT' missing in KK, using English fallback
  INFO: 'STR_EXT_READER_FONT' missing in HU, using English fallback
  INFO: 'STR_EXT_READER_FONT' missing in LT, using English fallback
  INFO: 'STR_EXT_READER_FONT' missing in SI, using English fallback
  INFO: 'STR_EXT_READER_FONT' missing in CAV, using English fallback
  INFO: 'STR_EXT_READER_FONT' missing in HE, using English fallback
  INFO: 'STR_EXT_READER_FONT' missing in SK, using English fallback
  INFO: 'STR_EXT_READER_FONT' missing in VI, using English fallback
  INFO: 'STR_EXT_READER_FONT' missing in NB, using English fallback
  INFO: 'STR_EXT_READER_FONT' missing in P2, using English fallback
  INFO: 'STR_EXT_READER_FONT' missing in AR, using English fallback
  INFO: 'STR_EXT_READER_FONT' missing in BS, using English fallback
  INFO: 'STR_EXT_READER_FONT' missing in ID, using English fallback
  INFO: 'STR_EXT_CHINESE_FONT' missing in ES, using English fallback
  INFO: 'STR_EXT_CHINESE_FONT' missing in FR, using English fallback
  INFO: 'STR_EXT_CHINESE_FONT' missing in DE, using English fallback
  INFO: 'STR_EXT_CHINESE_FONT' missing in CS, using English fallback
  INFO: 'STR_EXT_CHINESE_FONT' missing in PT, using English fallback
  INFO: 'STR_EXT_CHINESE_FONT' missing in RU, using English fallback
  INFO: 'STR_EXT_CHINESE_FONT' missing in SV, using English fallback
  INFO: 'STR_EXT_CHINESE_FONT' missing in RO, using English fallback
  INFO: 'STR_EXT_CHINESE_FONT' missing in CA, using English fallback
  INFO: 'STR_EXT_CHINESE_FONT' missing in UK, using English fallback
  INFO: 'STR_EXT_CHINESE_FONT' missing in BE, using English fallback
  INFO: 'STR_EXT_CHINESE_FONT' missing in IT, using English fallback
  INFO: 'STR_EXT_CHINESE_FONT' missing in PL, using English fallback
  INFO: 'STR_EXT_CHINESE_FONT' missing in FI, using English fallback
  INFO: 'STR_EXT_CHINESE_FONT' missing in DA, using English fallback
  INFO: 'STR_EXT_CHINESE_FONT' missing in NL, using English fallback
  INFO: 'STR_EXT_CHINESE_FONT' missing in TR, using English fallback
  INFO: 'STR_EXT_CHINESE_FONT' missing in KK, using English fallback
  INFO: 'STR_EXT_CHINESE_FONT' missing in HU, using English fallback
  INFO: 'STR_EXT_CHINESE_FONT' missing in LT, using English fallback
  INFO: 'STR_EXT_CHINESE_FONT' missing in SI, using English fallback
  INFO: 'STR_EXT_CHINESE_FONT' missing in CAV, using English fallback
  INFO: 'STR_EXT_CHINESE_FONT' missing in HE, using English fallback
  INFO: 'STR_EXT_CHINESE_FONT' missing in SK, using English fallback
  INFO: 'STR_EXT_CHINESE_FONT' missing in VI, using English fallback
  INFO: 'STR_EXT_CHINESE_FONT' missing in NB, using English fallback
  INFO: 'STR_EXT_CHINESE_FONT' missing in P2, using English fallback
  INFO: 'STR_EXT_CHINESE_FONT' missing in AR, using English fallback
  INFO: 'STR_EXT_CHINESE_FONT' missing in BS, using English fallback
  INFO: 'STR_EXT_CHINESE_FONT' missing in ID, using English fallback
  INFO: 'STR_EXT_UI_FONT' missing in ES, using English fallback
  INFO: 'STR_EXT_UI_FONT' missing in FR, using English fallback
  INFO: 'STR_EXT_UI_FONT' missing in DE, using English fallback
  INFO: 'STR_EXT_UI_FONT' missing in CS, using English fallback
  INFO: 'STR_EXT_UI_FONT' missing in PT, using English fallback
  INFO: 'STR_EXT_UI_FONT' missing in RU, using English fallback
  INFO: 'STR_EXT_UI_FONT' missing in SV, using English fallback
  INFO: 'STR_EXT_UI_FONT' missing in RO, using English fallback
  INFO: 'STR_EXT_UI_FONT' missing in CA, using English fallback
  INFO: 'STR_EXT_UI_FONT' missing in UK, using English fallback
  INFO: 'STR_EXT_UI_FONT' missing in BE, using English fallback
  INFO: 'STR_EXT_UI_FONT' missing in IT, using English fallback
  INFO: 'STR_EXT_UI_FONT' missing in PL, using English fallback
  INFO: 'STR_EXT_UI_FONT' missing in FI, using English fallback
  INFO: 'STR_EXT_UI_FONT' missing in DA, using English fallback
  INFO: 'STR_EXT_UI_FONT' missing in NL, using English fallback
  INFO: 'STR_EXT_UI_FONT' missing in TR, using English fallback
  INFO: 'STR_EXT_UI_FONT' missing in KK, using English fallback
  INFO: 'STR_EXT_UI_FONT' missing in HU, using English fallback
  INFO: 'STR_EXT_UI_FONT' missing in LT, using English fallback
  INFO: 'STR_EXT_UI_FONT' missing in SI, using English fallback
  INFO: 'STR_EXT_UI_FONT' missing in CAV, using English fallback
  INFO: 'STR_EXT_UI_FONT' missing in HE, using English fallback
  INFO: 'STR_EXT_UI_FONT' missing in SK, using English fallback
  INFO: 'STR_EXT_UI_FONT' missing in VI, using English fallback
  INFO: 'STR_EXT_UI_FONT' missing in NB, using English fallback
  INFO: 'STR_EXT_UI_FONT' missing in P2, using English fallback
  INFO: 'STR_EXT_UI_FONT' missing in AR, using English fallback
  INFO: 'STR_EXT_UI_FONT' missing in BS, using English fallback
  INFO: 'STR_EXT_UI_FONT' missing in ID, using English fallback
  INFO: 'STR_READER_AND_UI' missing in ES, using English fallback
  INFO: 'STR_READER_AND_UI' missing in FR, using English fallback
  INFO: 'STR_READER_AND_UI' missing in DE, using English fallback
  INFO: 'STR_READER_AND_UI' missing in CS, using English fallback
  INFO: 'STR_READER_AND_UI' missing in PT, using English fallback
  INFO: 'STR_READER_AND_UI' missing in RU, using English fallback
  INFO: 'STR_READER_AND_UI' missing in SV, using English fallback
  INFO: 'STR_READER_AND_UI' missing in RO, using English fallback
  INFO: 'STR_READER_AND_UI' missing in CA, using English fallback
  INFO: 'STR_READER_AND_UI' missing in UK, using English fallback
  INFO: 'STR_READER_AND_UI' missing in BE, using English fallback
  INFO: 'STR_READER_AND_UI' missing in IT, using English fallback
  INFO: 'STR_READER_AND_UI' missing in PL, using English fallback
  INFO: 'STR_READER_AND_UI' missing in FI, using English fallback
  INFO: 'STR_READER_AND_UI' missing in DA, using English fallback
  INFO: 'STR_READER_AND_UI' missing in NL, using English fallback
  INFO: 'STR_READER_AND_UI' missing in TR, using English fallback
  INFO: 'STR_READER_AND_UI' missing in KK, using English fallback
  INFO: 'STR_READER_AND_UI' missing in HU, using English fallback
  INFO: 'STR_READER_AND_UI' missing in LT, using English fallback
  INFO: 'STR_READER_AND_UI' missing in SI, using English fallback
  INFO: 'STR_READER_AND_UI' missing in CAV, using English fallback
  INFO: 'STR_READER_AND_UI' missing in HE, using English fallback
  INFO: 'STR_READER_AND_UI' missing in SK, using English fallback
  INFO: 'STR_READER_AND_UI' missing in VI, using English fallback
  INFO: 'STR_READER_AND_UI' missing in NB, using English fallback
  INFO: 'STR_READER_AND_UI' missing in P2, using English fallback
  INFO: 'STR_READER_AND_UI' missing in AR, using English fallback
  INFO: 'STR_READER_AND_UI' missing in BS, using English fallback
  INFO: 'STR_READER_AND_UI' missing in ID, using English fallback
  INFO: 'STR_BUILTIN_DISABLED' missing in ES, using English fallback
  INFO: 'STR_BUILTIN_DISABLED' missing in FR, using English fallback
  INFO: 'STR_BUILTIN_DISABLED' missing in DE, using English fallback
  INFO: 'STR_BUILTIN_DISABLED' missing in CS, using English fallback
  INFO: 'STR_BUILTIN_DISABLED' missing in PT, using English fallback
  INFO: 'STR_BUILTIN_DISABLED' missing in RU, using English fallback
  INFO: 'STR_BUILTIN_DISABLED' missing in SV, using English fallback
  INFO: 'STR_BUILTIN_DISABLED' missing in RO, using English fallback
  INFO: 'STR_BUILTIN_DISABLED' missing in CA, using English fallback
  INFO: 'STR_BUILTIN_DISABLED' missing in UK, using English fallback
  INFO: 'STR_BUILTIN_DISABLED' missing in BE, using English fallback
  INFO: 'STR_BUILTIN_DISABLED' missing in IT, using English fallback
  INFO: 'STR_BUILTIN_DISABLED' missing in PL, using English fallback
  INFO: 'STR_BUILTIN_DISABLED' missing in FI, using English fallback
  INFO: 'STR_BUILTIN_DISABLED' missing in DA, using English fallback
  INFO: 'STR_BUILTIN_DISABLED' missing in NL, using English fallback
  INFO: 'STR_BUILTIN_DISABLED' missing in TR, using English fallback
  INFO: 'STR_BUILTIN_DISABLED' missing in KK, using English fallback
  INFO: 'STR_BUILTIN_DISABLED' missing in HU, using English fallback
  INFO: 'STR_BUILTIN_DISABLED' missing in LT, using English fallback
  INFO: 'STR_BUILTIN_DISABLED' missing in SI, using English fallback
  INFO: 'STR_BUILTIN_DISABLED' missing in CAV, using English fallback
  INFO: 'STR_BUILTIN_DISABLED' missing in HE, using English fallback
  INFO: 'STR_BUILTIN_DISABLED' missing in SK, using English fallback
  INFO: 'STR_BUILTIN_DISABLED' missing in VI, using English fallback
  INFO: 'STR_BUILTIN_DISABLED' missing in NB, using English fallback
  INFO: 'STR_BUILTIN_DISABLED' missing in P2, using English fallback
  INFO: 'STR_BUILTIN_DISABLED' missing in AR, using English fallback
  INFO: 'STR_BUILTIN_DISABLED' missing in BS, using English fallback
  INFO: 'STR_BUILTIN_DISABLED' missing in ID, using English fallback
  INFO: 'STR_ON_MARKER' missing in ES, using English fallback
  INFO: 'STR_ON_MARKER' missing in FR, using English fallback
  INFO: 'STR_ON_MARKER' missing in DE, using English fallback
  INFO: 'STR_ON_MARKER' missing in CS, using English fallback
  INFO: 'STR_ON_MARKER' missing in PT, using English fallback
  INFO: 'STR_ON_MARKER' missing in RU, using English fallback
  INFO: 'STR_ON_MARKER' missing in SV, using English fallback
  INFO: 'STR_ON_MARKER' missing in RO, using English fallback
  INFO: 'STR_ON_MARKER' missing in CA, using English fallback
  INFO: 'STR_ON_MARKER' missing in UK, using English fallback
  INFO: 'STR_ON_MARKER' missing in BE, using English fallback
  INFO: 'STR_ON_MARKER' missing in IT, using English fallback
  INFO: 'STR_ON_MARKER' missing in PL, using English fallback
  INFO: 'STR_ON_MARKER' missing in FI, using English fallback
  INFO: 'STR_ON_MARKER' missing in DA, using English fallback
  INFO: 'STR_ON_MARKER' missing in NL, using English fallback
  INFO: 'STR_ON_MARKER' missing in TR, using English fallback
  INFO: 'STR_ON_MARKER' missing in KK, using English fallback
  INFO: 'STR_ON_MARKER' missing in HU, using English fallback
  INFO: 'STR_ON_MARKER' missing in LT, using English fallback
  INFO: 'STR_ON_MARKER' missing in SI, using English fallback
  INFO: 'STR_ON_MARKER' missing in CAV, using English fallback
  INFO: 'STR_ON_MARKER' missing in HE, using English fallback
  INFO: 'STR_ON_MARKER' missing in SK, using English fallback
  INFO: 'STR_ON_MARKER' missing in VI, using English fallback
  INFO: 'STR_ON_MARKER' missing in NB, using English fallback
  INFO: 'STR_ON_MARKER' missing in P2, using English fallback
  INFO: 'STR_ON_MARKER' missing in AR, using English fallback
  INFO: 'STR_ON_MARKER' missing in BS, using English fallback
  INFO: 'STR_ON_MARKER' missing in ID, using English fallback
  INFO: 'STR_OPEN_DYSLEXIC' missing in CAV, using English fallback
  INFO: 'STR_OPEN_DYSLEXIC' missing in HE, using English fallback
  INFO: 'STR_OPEN_DYSLEXIC' missing in SK, using English fallback
  INFO: 'STR_OPEN_DYSLEXIC' missing in VI, using English fallback
  INFO: 'STR_OPEN_DYSLEXIC' missing in NB, using English fallback
  INFO: 'STR_OPEN_DYSLEXIC' missing in P2, using English fallback
  INFO: 'STR_OPEN_DYSLEXIC' missing in AR, using English fallback
  INFO: 'STR_OPEN_DYSLEXIC' missing in BS, using English fallback
  INFO: 'STR_OPEN_DYSLEXIC' missing in ID, using English fallback
  INFO: 'STR_MIN_1' missing in CAV, using English fallback
  INFO: 'STR_MIN_1' missing in HE, using English fallback
  INFO: 'STR_MIN_1' missing in SK, using English fallback
  INFO: 'STR_MIN_1' missing in VI, using English fallback
  INFO: 'STR_MIN_1' missing in NB, using English fallback
  INFO: 'STR_MIN_1' missing in P2, using English fallback
  INFO: 'STR_MIN_1' missing in AR, using English fallback
  INFO: 'STR_MIN_1' missing in BS, using English fallback
  INFO: 'STR_MIN_1' missing in ID, using English fallback
  INFO: 'STR_MIN_5' missing in CAV, using English fallback
  INFO: 'STR_MIN_5' missing in HE, using English fallback
  INFO: 'STR_MIN_5' missing in SK, using English fallback
  INFO: 'STR_MIN_5' missing in VI, using English fallback
  INFO: 'STR_MIN_5' missing in NB, using English fallback
  INFO: 'STR_MIN_5' missing in P2, using English fallback
  INFO: 'STR_MIN_5' missing in AR, using English fallback
  INFO: 'STR_MIN_5' missing in BS, using English fallback
  INFO: 'STR_MIN_5' missing in ID, using English fallback
  INFO: 'STR_MIN_10' missing in CAV, using English fallback
  INFO: 'STR_MIN_10' missing in HE, using English fallback
  INFO: 'STR_MIN_10' missing in SK, using English fallback
  INFO: 'STR_MIN_10' missing in VI, using English fallback
  INFO: 'STR_MIN_10' missing in NB, using English fallback
  INFO: 'STR_MIN_10' missing in P2, using English fallback
  INFO: 'STR_MIN_10' missing in AR, using English fallback
  INFO: 'STR_MIN_10' missing in BS, using English fallback
  INFO: 'STR_MIN_10' missing in ID, using English fallback
  INFO: 'STR_MIN_15' missing in CAV, using English fallback
  INFO: 'STR_MIN_15' missing in HE, using English fallback
  INFO: 'STR_MIN_15' missing in SK, using English fallback
  INFO: 'STR_MIN_15' missing in VI, using English fallback
  INFO: 'STR_MIN_15' missing in NB, using English fallback
  INFO: 'STR_MIN_15' missing in P2, using English fallback
  INFO: 'STR_MIN_15' missing in AR, using English fallback
  INFO: 'STR_MIN_15' missing in BS, using English fallback
  INFO: 'STR_MIN_15' missing in ID, using English fallback
  INFO: 'STR_MIN_30' missing in CAV, using English fallback
  INFO: 'STR_MIN_30' missing in HE, using English fallback
  INFO: 'STR_MIN_30' missing in SK, using English fallback
  INFO: 'STR_MIN_30' missing in VI, using English fallback
  INFO: 'STR_MIN_30' missing in NB, using English fallback
  INFO: 'STR_MIN_30' missing in P2, using English fallback
  INFO: 'STR_MIN_30' missing in AR, using English fallback
  INFO: 'STR_MIN_30' missing in BS, using English fallback
  INFO: 'STR_MIN_30' missing in ID, using English fallback
  INFO: 'STR_PERCENT_STEP_HINT' missing in CAV, using English fallback
  INFO: 'STR_PERCENT_STEP_HINT' missing in HE, using English fallback
  INFO: 'STR_PERCENT_STEP_HINT' missing in SK, using English fallback
  INFO: 'STR_PERCENT_STEP_HINT' missing in VI, using English fallback
  INFO: 'STR_PERCENT_STEP_HINT' missing in P2, using English fallback
  INFO: 'STR_PERCENT_STEP_HINT' missing in AR, using English fallback
  INFO: 'STR_PERCENT_STEP_HINT' missing in BS, using English fallback
  INFO: 'STR_PERCENT_STEP_HINT' missing in ID, using English fallback
  INFO: 'STR_UI_ORIENTATION' missing in ES, using English fallback
  INFO: 'STR_UI_ORIENTATION' missing in FR, using English fallback
  INFO: 'STR_UI_ORIENTATION' missing in DE, using English fallback
  INFO: 'STR_UI_ORIENTATION' missing in CS, using English fallback
  INFO: 'STR_UI_ORIENTATION' missing in PT, using English fallback
  INFO: 'STR_UI_ORIENTATION' missing in RU, using English fallback
  INFO: 'STR_UI_ORIENTATION' missing in SV, using English fallback
  INFO: 'STR_UI_ORIENTATION' missing in RO, using English fallback
  INFO: 'STR_UI_ORIENTATION' missing in CA, using English fallback
  INFO: 'STR_UI_ORIENTATION' missing in UK, using English fallback
  INFO: 'STR_UI_ORIENTATION' missing in BE, using English fallback
  INFO: 'STR_UI_ORIENTATION' missing in IT, using English fallback
  INFO: 'STR_UI_ORIENTATION' missing in PL, using English fallback
  INFO: 'STR_UI_ORIENTATION' missing in FI, using English fallback
  INFO: 'STR_UI_ORIENTATION' missing in DA, using English fallback
  INFO: 'STR_UI_ORIENTATION' missing in NL, using English fallback
  INFO: 'STR_UI_ORIENTATION' missing in TR, using English fallback
  INFO: 'STR_UI_ORIENTATION' missing in KK, using English fallback
  INFO: 'STR_UI_ORIENTATION' missing in HU, using English fallback
  INFO: 'STR_UI_ORIENTATION' missing in LT, using English fallback
  INFO: 'STR_UI_ORIENTATION' missing in SI, using English fallback
  INFO: 'STR_UI_ORIENTATION' missing in CAV, using English fallback
  INFO: 'STR_UI_ORIENTATION' missing in HE, using English fallback
  INFO: 'STR_UI_ORIENTATION' missing in SK, using English fallback
  INFO: 'STR_UI_ORIENTATION' missing in VI, using English fallback
  INFO: 'STR_UI_ORIENTATION' missing in NB, using English fallback
  INFO: 'STR_UI_ORIENTATION' missing in P2, using English fallback
  INFO: 'STR_UI_ORIENTATION' missing in AR, using English fallback
  INFO: 'STR_UI_ORIENTATION' missing in BS, using English fallback
  INFO: 'STR_UI_ORIENTATION' missing in ID, using English fallback
  INFO: 'STR_FIRST_LINE_INDENT' missing in ES, using English fallback
  INFO: 'STR_FIRST_LINE_INDENT' missing in FR, using English fallback
  INFO: 'STR_FIRST_LINE_INDENT' missing in DE, using English fallback
  INFO: 'STR_FIRST_LINE_INDENT' missing in CS, using English fallback
  INFO: 'STR_FIRST_LINE_INDENT' missing in PT, using English fallback
  INFO: 'STR_FIRST_LINE_INDENT' missing in RU, using English fallback
  INFO: 'STR_FIRST_LINE_INDENT' missing in SV, using English fallback
  INFO: 'STR_FIRST_LINE_INDENT' missing in RO, using English fallback
  INFO: 'STR_FIRST_LINE_INDENT' missing in CA, using English fallback
  INFO: 'STR_FIRST_LINE_INDENT' missing in UK, using English fallback
  INFO: 'STR_FIRST_LINE_INDENT' missing in BE, using English fallback
  INFO: 'STR_FIRST_LINE_INDENT' missing in IT, using English fallback
  INFO: 'STR_FIRST_LINE_INDENT' missing in PL, using English fallback
  INFO: 'STR_FIRST_LINE_INDENT' missing in FI, using English fallback
  INFO: 'STR_FIRST_LINE_INDENT' missing in DA, using English fallback
  INFO: 'STR_FIRST_LINE_INDENT' missing in NL, using English fallback
  INFO: 'STR_FIRST_LINE_INDENT' missing in TR, using English fallback
  INFO: 'STR_FIRST_LINE_INDENT' missing in KK, using English fallback
  INFO: 'STR_FIRST_LINE_INDENT' missing in HU, using English fallback
  INFO: 'STR_FIRST_LINE_INDENT' missing in LT, using English fallback
  INFO: 'STR_FIRST_LINE_INDENT' missing in SI, using English fallback
  INFO: 'STR_FIRST_LINE_INDENT' missing in CAV, using English fallback
  INFO: 'STR_FIRST_LINE_INDENT' missing in HE, using English fallback
  INFO: 'STR_FIRST_LINE_INDENT' missing in SK, using English fallback
  INFO: 'STR_FIRST_LINE_INDENT' missing in VI, using English fallback
  INFO: 'STR_FIRST_LINE_INDENT' missing in NB, using English fallback
  INFO: 'STR_FIRST_LINE_INDENT' missing in P2, using English fallback
  INFO: 'STR_FIRST_LINE_INDENT' missing in AR, using English fallback
  INFO: 'STR_FIRST_LINE_INDENT' missing in BS, using English fallback
  INFO: 'STR_FIRST_LINE_INDENT' missing in ID, using English fallback
  INFO: 'STR_INVERT_IMAGES' missing in ES, using English fallback
  INFO: 'STR_INVERT_IMAGES' missing in FR, using English fallback
  INFO: 'STR_INVERT_IMAGES' missing in DE, using English fallback
  INFO: 'STR_INVERT_IMAGES' missing in CS, using English fallback
  INFO: 'STR_INVERT_IMAGES' missing in PT, using English fallback
  INFO: 'STR_INVERT_IMAGES' missing in RU, using English fallback
  INFO: 'STR_INVERT_IMAGES' missing in SV, using English fallback
  INFO: 'STR_INVERT_IMAGES' missing in RO, using English fallback
  INFO: 'STR_INVERT_IMAGES' missing in CA, using English fallback
  INFO: 'STR_INVERT_IMAGES' missing in UK, using English fallback
  INFO: 'STR_INVERT_IMAGES' missing in BE, using English fallback
  INFO: 'STR_INVERT_IMAGES' missing in IT, using English fallback
  INFO: 'STR_INVERT_IMAGES' missing in PL, using English fallback
  INFO: 'STR_INVERT_IMAGES' missing in FI, using English fallback
  INFO: 'STR_INVERT_IMAGES' missing in DA, using English fallback
  INFO: 'STR_INVERT_IMAGES' missing in NL, using English fallback
  INFO: 'STR_INVERT_IMAGES' missing in TR, using English fallback
  INFO: 'STR_INVERT_IMAGES' missing in KK, using English fallback
  INFO: 'STR_INVERT_IMAGES' missing in HU, using English fallback
  INFO: 'STR_INVERT_IMAGES' missing in LT, using English fallback
  INFO: 'STR_INVERT_IMAGES' missing in SI, using English fallback
  INFO: 'STR_INVERT_IMAGES' missing in CAV, using English fallback
  INFO: 'STR_INVERT_IMAGES' missing in HE, using English fallback
  INFO: 'STR_INVERT_IMAGES' missing in SK, using English fallback
  INFO: 'STR_INVERT_IMAGES' missing in VI, using English fallback
  INFO: 'STR_INVERT_IMAGES' missing in NB, using English fallback
  INFO: 'STR_INVERT_IMAGES' missing in P2, using English fallback
  INFO: 'STR_INVERT_IMAGES' missing in AR, using English fallback
  INFO: 'STR_INVERT_IMAGES' missing in BS, using English fallback
  INFO: 'STR_INVERT_IMAGES' missing in ID, using English fallback
  INFO: 'STR_DELETE_CONFIRM' missing in ES, using English fallback
  INFO: 'STR_DELETE_CONFIRM' missing in FR, using English fallback
  INFO: 'STR_DELETE_CONFIRM' missing in DE, using English fallback
  INFO: 'STR_DELETE_CONFIRM' missing in CS, using English fallback
  INFO: 'STR_DELETE_CONFIRM' missing in PT, using English fallback
  INFO: 'STR_DELETE_CONFIRM' missing in SV, using English fallback
  INFO: 'STR_DELETE_CONFIRM' missing in RO, using English fallback
  INFO: 'STR_DELETE_CONFIRM' missing in CA, using English fallback
  INFO: 'STR_DELETE_CONFIRM' missing in UK, using English fallback
  INFO: 'STR_DELETE_CONFIRM' missing in BE, using English fallback
  INFO: 'STR_DELETE_CONFIRM' missing in IT, using English fallback
  INFO: 'STR_DELETE_CONFIRM' missing in PL, using English fallback
  INFO: 'STR_DELETE_CONFIRM' missing in FI, using English fallback
  INFO: 'STR_DELETE_CONFIRM' missing in DA, using English fallback
  INFO: 'STR_DELETE_CONFIRM' missing in NL, using English fallback
  INFO: 'STR_DELETE_CONFIRM' missing in TR, using English fallback
  INFO: 'STR_DELETE_CONFIRM' missing in KK, using English fallback
  INFO: 'STR_DELETE_CONFIRM' missing in HU, using English fallback
  INFO: 'STR_DELETE_CONFIRM' missing in LT, using English fallback
  INFO: 'STR_DELETE_CONFIRM' missing in SI, using English fallback
  INFO: 'STR_DELETE_CONFIRM' missing in CAV, using English fallback
  INFO: 'STR_DELETE_CONFIRM' missing in SK, using English fallback
  INFO: 'STR_DELETE_CONFIRM' missing in VI, using English fallback
  INFO: 'STR_DELETE_CONFIRM' missing in NB, using English fallback
  INFO: 'STR_DELETE_CONFIRM' missing in P2, using English fallback
  INFO: 'STR_DELETE_CONFIRM' missing in AR, using English fallback
  INFO: 'STR_DELETE_CONFIRM' missing in BS, using English fallback
  INFO: 'STR_DELETE_CONFIRM' missing in ID, using English fallback
Loaded 34 languages, 508 string keys
Generated: lib/I18n/I18nKeys.h
Generated: lib/I18n/I18nStrings.h
Generated: lib/I18n/I18nStrings.cpp

Code generation complete.
  Languages: 34
  String keys: 508
CONFIGURATION: https://docs.platformio.org/page/boards/espressif32/esp32-s3-devkitc1-n16r8.html
PLATFORM: Espressif 32 (55.3.37) > Espressif ESP32-S3-DevKitC-1-N16R8V (16 MB Flash Quad, 8 MB PSRAM Octal)
HARDWARE: ESP32S3 240MHz, 320KB RAM, 16MB Flash
DEBUG: Current (esp-builtin) On-board (esp-builtin) External (cmsis-dap, esp-bridge, esp-prog, iot-bus-jtag, jlink, minimodule, olimex-arm-usb-ocd, olimex-arm-usb-ocd-h, olimex-arm-usb-tiny-h, olimex-jtag-tiny, tumpa)
PACKAGES: 
 - contrib-piohome @ 3.4.4 
 - framework-arduinoespressif32 @ 3.3.7 
 - framework-arduinoespressif32-libs @ 5.5.0+sha.87912cd291 
 - framework-espidf @ 3.50502.0 (5.5.2) 
 - tool-cmake @ 4.0.3 
 - tool-cppcheck @ 2.11.0+230717 
 - tool-esp-rom-elfs @ 2024.10.11 
 - tool-esptoolpy @ 5.1.2 
 - tool-ninja @ 1.13.1 
 - tool-scons @ 4.40801.0 (4.8.1) 
 - toolchain-xtensa-esp-elf @ 14.2.0+20251107
[ComponentManager] Processed 1 ignored libraries
[ComponentManager] Session completed with 1 changes
LDF: Library Dependency Finder -> https://bit.ly/configure-pio-ldf
LDF Modes: Finder ~ chain, Compatibility ~ soft
Found 85 compatible libraries
Scanning dependencies...
Dependency Graph
|-- BatteryMonitor @ 2.0.0
|-- InputManager @ 2.0.0
|-- EInkDisplay @ 2.0.0
|-- SDCardManager @ 2.0.0
|-- BoardConfig @ 2.0.0
|-- PowerManager @ 1.0.0
|-- Rtc @ 1.0.0
|-- Imu @ 1.0.0
|-- SecureNet @ 1.0.0
|-- FreeInkUI @ 0.1.0
|-- Icons @ 1.0.0
|-- ArduinoJson @ 7.4.2
|-- QRCode @ 0.0.1
|-- PNGdec @ 1.1.6
|-- JPEGDEC @ 1.2.7+sha.8628297
|-- WebSockets @ 2.7.3
|-- Arduino-wolfSSL @ 5.7.2
|-- I18n
|-- ExternalFont
|-- Logging
|-- Serialization
|-- hal
|-- GfxRenderer
|-- Epub
|-- FsHelpers
|-- Xtc
|-- Txt
|-- OpdsParser
|-- WiFi @ 3.3.7
|-- Memory
|-- Utf8
|-- ESPmDNS @ 3.3.7
|-- DNSServer @ 3.3.7
|-- KOReaderSync
|-- ReaderRuntime
|-- EpdFont
|-- MiniBidi
|-- SPI @ 3.3.7
|-- InflateReader
|-- Networking @ 3.3.7
|-- WebServer @ 3.3.7
Building in release mode
Compiling .pio/build/sticky/liba33/Wire/Wire.cpp.o
Compiling .pio/build/sticky/libe18/BatteryMonitor/BatteryMonitor.cpp.o
Compiling .pio/build/sticky/lib1c5/InputManager/InputManager.cpp.o
Compiling .pio/build/sticky/lib30b/SPI/SPI.cpp.o
Compiling .pio/build/sticky/libf27/FreeInkDisplay/FreeInkDisplay.cpp.o
Compiling .pio/build/sticky/libf27/FreeInkDisplay/bus/EpdBus.cpp.o
Compiling .pio/build/sticky/libf27/FreeInkDisplay/driver/Ed2208M5Driver.cpp.o
Compiling .pio/build/sticky/libf27/FreeInkDisplay/driver/It8951Driver.cpp.o
Compiling .pio/build/sticky/libf27/FreeInkDisplay/driver/LgfxEpdDriver.cpp.o
Compiling .pio/build/sticky/libf27/FreeInkDisplay/driver/M5OfficialDriver.cpp.o
Compiling .pio/build/sticky/libf27/FreeInkDisplay/driver/Ssd1677Driver.cpp.o
Compiling .pio/build/sticky/libf27/FreeInkDisplay/driver/Uc8253MurphyDriver.cpp.o
Compiling .pio/build/sticky/libf27/FreeInkDisplay/driver/Uc8253X3Driver.cpp.o
Compiling .pio/build/sticky/libf27/FreeInkDisplay/driver/Uc8279Driver.cpp.o
Compiling .pio/build/sticky/libb44/SdFat/ExFatLib/ExFatDbg.cpp.o
Compiling .pio/build/sticky/libb44/SdFat/ExFatLib/ExFatFile.cpp.o
Compiling .pio/build/sticky/libb44/SdFat/ExFatLib/ExFatFilePrint.cpp.o
Compiling .pio/build/sticky/libb44/SdFat/ExFatLib/ExFatFileWrite.cpp.o
Compiling .pio/build/sticky/libb44/SdFat/ExFatLib/ExFatFormatter.cpp.o
Compiling .pio/build/sticky/libb44/SdFat/ExFatLib/ExFatName.cpp.o
Compiling .pio/build/sticky/libb44/SdFat/ExFatLib/ExFatPartition.cpp.o
Compiling .pio/build/sticky/libb44/SdFat/ExFatLib/ExFatVolume.cpp.o
Compiling .pio/build/sticky/libb44/SdFat/FatLib/FatDbg.cpp.o
Compiling .pio/build/sticky/libb44/SdFat/FatLib/FatFile.cpp.o
Compiling .pio/build/sticky/libb44/SdFat/FatLib/FatFileLFN.cpp.o
Compiling .pio/build/sticky/libb44/SdFat/FatLib/FatFilePrint.cpp.o
Compiling .pio/build/sticky/libb44/SdFat/FatLib/FatFileSFN.cpp.o
Compiling .pio/build/sticky/libb44/SdFat/FatLib/FatFormatter.cpp.o
Compiling .pio/build/sticky/libb44/SdFat/FatLib/FatName.cpp.o
Compiling .pio/build/sticky/libb44/SdFat/FatLib/FatPartition.cpp.o
Compiling .pio/build/sticky/libb44/SdFat/FatLib/FatVolume.cpp.o
Compiling .pio/build/sticky/libb44/SdFat/FreeStack.cpp.o
Compiling .pio/build/sticky/libb44/SdFat/FsLib/FsFile.cpp.o
Compiling .pio/build/sticky/libb44/SdFat/FsLib/FsNew.cpp.o
Compiling .pio/build/sticky/libb44/SdFat/FsLib/FsVolume.cpp.o
Compiling .pio/build/sticky/libb44/SdFat/MinimumSerial.cpp.o
Compiling .pio/build/sticky/libb44/SdFat/SdCard/PioSdio/PioSdioCard.cpp.o
Compiling .pio/build/sticky/libb44/SdFat/SdCard/SdCardInfo.cpp.o
Compiling .pio/build/sticky/libb44/SdFat/SdCard/SdSpiCard/SdSpiCard.cpp.o
Compiling .pio/build/sticky/libb44/SdFat/SdCard/SdSpiCard/SpiDriver/SdSpiChipSelect.cpp.o
Compiling .pio/build/sticky/libb44/SdFat/SdCard/SdSpiCard/SpiDriver/SdSpiDue.cpp.o
Compiling .pio/build/sticky/libb44/SdFat/SdCard/SdSpiCard/SpiDriver/SdSpiSTM32Core.cpp.o
Compiling .pio/build/sticky/libb44/SdFat/SdCard/SdSpiCard/SpiDriver/SdSpiTeensy3.cpp.o
Compiling .pio/build/sticky/libb44/SdFat/SdCard/TeensySdio/TeensySdio.cpp.o
Compiling .pio/build/sticky/libb44/SdFat/common/FmtNumber.cpp.o
Compiling .pio/build/sticky/libb44/SdFat/common/FsCache.cpp.o
Compiling .pio/build/sticky/libb44/SdFat/common/FsDateTime.cpp.o
Compiling .pio/build/sticky/libb44/SdFat/common/FsName.cpp.o
Compiling .pio/build/sticky/libb44/SdFat/common/FsStructs.cpp.o
Compiling .pio/build/sticky/libb44/SdFat/common/FsUtf.cpp.o
Compiling .pio/build/sticky/libb44/SdFat/common/PrintBasic.cpp.o
Compiling .pio/build/sticky/libb44/SdFat/common/upcase.cpp.o
Compiling .pio/build/sticky/libb44/SdFat/iostream/StdioStream.cpp.o
Compiling .pio/build/sticky/libb44/SdFat/iostream/StreamBaseClass.cpp.o
Compiling .pio/build/sticky/libb44/SdFat/iostream/istream.cpp.o
Compiling .pio/build/sticky/libb44/SdFat/iostream/ostream.cpp.o
Compiling .pio/build/sticky/lib0a7/SDCardManager/SDCardManager.cpp.o
Compiling .pio/build/sticky/lib0a7/SDCardManager/SdmmcBlockDevice.cpp.o
Compiling .pio/build/sticky/libdf5/PowerManager/PowerManager.cpp.o
Compiling .pio/build/sticky/lib3eb/Rtc/Rtc.cpp.o
Compiling .pio/build/sticky/lib3ce/Imu/Imu.cpp.o
Compiling .pio/build/sticky/lib487/Network/NetworkClient.cpp.o
Compiling .pio/build/sticky/lib487/Network/NetworkEvents.cpp.o
Compiling .pio/build/sticky/lib487/Network/NetworkInterface.cpp.o
Compiling .pio/build/sticky/lib487/Network/NetworkManager.cpp.o
Compiling .pio/build/sticky/lib487/Network/NetworkServer.cpp.o
Compiling .pio/build/sticky/lib487/Network/NetworkUdp.cpp.o
Compiling .pio/build/sticky/lib989/WiFi/AP.cpp.o
Compiling .pio/build/sticky/lib989/WiFi/STA.cpp.o
Compiling .pio/build/sticky/lib989/WiFi/WiFi.cpp.o
Compiling .pio/build/sticky/lib989/WiFi/WiFiAP.cpp.o
Compiling .pio/build/sticky/lib989/WiFi/WiFiGeneric.cpp.o
Compiling .pio/build/sticky/lib989/WiFi/WiFiMulti.cpp.o
Compiling .pio/build/sticky/lib989/WiFi/WiFiSTA.cpp.o
Compiling .pio/build/sticky/lib989/WiFi/WiFiScan.cpp.o
Compiling .pio/build/sticky/libbfb/PNGdec/PNGdec.cpp.o
Compiling .pio/build/sticky/libbfb/PNGdec/adler32.c.o
Compiling .pio/build/sticky/libbfb/PNGdec/crc32.c.o
Compiling .pio/build/sticky/libbfb/PNGdec/infback.c.o
Compiling .pio/build/sticky/libbfb/PNGdec/inffast.c.o
Compiling .pio/build/sticky/libbfb/PNGdec/inflate.c.o
Compiling .pio/build/sticky/libbfb/PNGdec/inftrees.c.o
Compiling .pio/build/sticky/libbfb/PNGdec/s3_simd_rgb565.S.o
Compiling .pio/build/sticky/libbfb/PNGdec/zutil.c.o
Compiling .pio/build/sticky/lib88b/Arduino-wolfSSL/src/bio.c.o
Compiling .pio/build/sticky/lib88b/Arduino-wolfSSL/src/conf.c.o
Compiling .pio/build/sticky/lib88b/Arduino-wolfSSL/src/crl.c.o
Compiling .pio/build/sticky/lib88b/Arduino-wolfSSL/src/dtls.c.o
Compiling .pio/build/sticky/lib88b/Arduino-wolfSSL/src/dtls13.c.o
Compiling .pio/build/sticky/lib88b/Arduino-wolfSSL/src/internal.c.o
Compiling .pio/build/sticky/lib88b/Arduino-wolfSSL/src/keys.c.o
Compiling .pio/build/sticky/lib88b/Arduino-wolfSSL/src/ocsp.c.o
Compiling .pio/build/sticky/lib88b/Arduino-wolfSSL/src/pk.c.o
Compiling .pio/build/sticky/lib88b/Arduino-wolfSSL/src/quic.c.o
Compiling .pio/build/sticky/lib88b/Arduino-wolfSSL/src/sniffer.c.o
Compiling .pio/build/sticky/lib88b/Arduino-wolfSSL/src/ssl.c.o
Compiling .pio/build/sticky/lib88b/Arduino-wolfSSL/src/ssl_asn1.c.o
Compiling .pio/build/sticky/lib88b/Arduino-wolfSSL/src/ssl_bn.c.o
Compiling .pio/build/sticky/lib88b/Arduino-wolfSSL/src/ssl_certman.c.o
Compiling .pio/build/sticky/lib88b/Arduino-wolfSSL/src/ssl_crypto.c.o
Compiling .pio/build/sticky/lib88b/Arduino-wolfSSL/src/ssl_load.c.o
Compiling .pio/build/sticky/lib88b/Arduino-wolfSSL/src/ssl_misc.c.o
Compiling .pio/build/sticky/lib88b/Arduino-wolfSSL/src/ssl_p7p12.c.o
Compiling .pio/build/sticky/lib88b/Arduino-wolfSSL/src/ssl_sess.c.o
Compiling .pio/build/sticky/lib88b/Arduino-wolfSSL/src/tls.c.o
Compiling .pio/build/sticky/lib88b/Arduino-wolfSSL/src/tls13.c.o
Compiling .pio/build/sticky/lib88b/Arduino-wolfSSL/src/wolfio.c.o
Compiling .pio/build/sticky/lib88b/Arduino-wolfSSL/src/x509.c.o
Compiling .pio/build/sticky/lib88b/Arduino-wolfSSL/src/x509_str.c.o
Compiling .pio/build/sticky/lib88b/Arduino-wolfSSL/wolfcrypt/src/aes.c.o
Compiling .pio/build/sticky/lib88b/Arduino-wolfSSL/wolfcrypt/src/arc4.c.o
Compiling .pio/build/sticky/lib88b/Arduino-wolfSSL/wolfcrypt/src/asm.c.o
Compiling .pio/build/sticky/lib88b/Arduino-wolfSSL/wolfcrypt/src/asn.c.o
Compiling .pio/build/sticky/lib88b/Arduino-wolfSSL/wolfcrypt/src/async.c.o
Compiling .pio/build/sticky/lib88b/Arduino-wolfSSL/wolfcrypt/src/bio.c.o
Compiling .pio/build/sticky/lib88b/Arduino-wolfSSL/wolfcrypt/src/blake2b.c.o
Compiling .pio/build/sticky/lib88b/Arduino-wolfSSL/wolfcrypt/src/blake2s.c.o
Compiling .pio/build/sticky/lib88b/Arduino-wolfSSL/wolfcrypt/src/camellia.c.o
Compiling .pio/build/sticky/lib88b/Arduino-wolfSSL/wolfcrypt/src/chacha.c.o
Compiling .pio/build/sticky/lib88b/Arduino-wolfSSL/wolfcrypt/src/chacha20_poly1305.c.o
Compiling .pio/build/sticky/lib88b/Arduino-wolfSSL/wolfcrypt/src/cmac.c.o
Compiling .pio/build/sticky/lib88b/Arduino-wolfSSL/wolfcrypt/src/coding.c.o
Compiling .pio/build/sticky/lib88b/Arduino-wolfSSL/wolfcrypt/src/compress.c.o
Compiling .pio/build/sticky/lib88b/Arduino-wolfSSL/wolfcrypt/src/cpuid.c.o
Compiling .pio/build/sticky/lib88b/Arduino-wolfSSL/wolfcrypt/src/cryptocb.c.o
Compiling .pio/build/sticky/lib88b/Arduino-wolfSSL/wolfcrypt/src/curve25519.c.o
Compiling .pio/build/sticky/lib88b/Arduino-wolfSSL/wolfcrypt/src/curve448.c.o
Compiling .pio/build/sticky/lib88b/Arduino-wolfSSL/wolfcrypt/src/des3.c.o
Compiling .pio/build/sticky/lib88b/Arduino-wolfSSL/wolfcrypt/src/dh.c.o
Compiling .pio/build/sticky/lib88b/Arduino-wolfSSL/wolfcrypt/src/dilithium.c.o
Compiling .pio/build/sticky/lib88b/Arduino-wolfSSL/wolfcrypt/src/dsa.c.o
Compiling .pio/build/sticky/lib88b/Arduino-wolfSSL/wolfcrypt/src/ecc.c.o
Compiling .pio/build/sticky/lib88b/Arduino-wolfSSL/wolfcrypt/src/ecc_fp.c.o
Compiling .pio/build/sticky/lib88b/Arduino-wolfSSL/wolfcrypt/src/eccsi.c.o
Compiling .pio/build/sticky/lib88b/Arduino-wolfSSL/wolfcrypt/src/ed25519.c.o
Compiling .pio/build/sticky/lib88b/Arduino-wolfSSL/wolfcrypt/src/ed448.c.o
Compiling .pio/build/sticky/lib88b/Arduino-wolfSSL/wolfcrypt/src/error.c.o
Compiling .pio/build/sticky/lib88b/Arduino-wolfSSL/wolfcrypt/src/evp.c.o
Compiling .pio/build/sticky/lib88b/Arduino-wolfSSL/wolfcrypt/src/ext_kyber.c.o
Compiling .pio/build/sticky/lib88b/Arduino-wolfSSL/wolfcrypt/src/ext_lms.c.o
Compiling .pio/build/sticky/lib88b/Arduino-wolfSSL/wolfcrypt/src/ext_xmss.c.o
Compiling .pio/build/sticky/lib88b/Arduino-wolfSSL/wolfcrypt/src/falcon.c.o
Compiling .pio/build/sticky/lib88b/Arduino-wolfSSL/wolfcrypt/src/fe_448.c.o
Compiling .pio/build/sticky/lib88b/Arduino-wolfSSL/wolfcrypt/src/fe_low_mem.c.o
Compiling .pio/build/sticky/lib88b/Arduino-wolfSSL/wolfcrypt/src/fe_operations.c.o
Compiling .pio/build/sticky/lib88b/Arduino-wolfSSL/wolfcrypt/src/fips.c.o
Compiling .pio/build/sticky/lib88b/Arduino-wolfSSL/wolfcrypt/src/fips_test.c.o
Compiling .pio/build/sticky/lib88b/Arduino-wolfSSL/wolfcrypt/src/ge_448.c.o
Compiling .pio/build/sticky/lib88b/Arduino-wolfSSL/wolfcrypt/src/ge_low_mem.c.o
Compiling .pio/build/sticky/lib88b/Arduino-wolfSSL/wolfcrypt/src/ge_operations.c.o
Compiling .pio/build/sticky/lib88b/Arduino-wolfSSL/wolfcrypt/src/hash.c.o
Compiling .pio/build/sticky/lib88b/Arduino-wolfSSL/wolfcrypt/src/hmac.c.o
Compiling .pio/build/sticky/lib88b/Arduino-wolfSSL/wolfcrypt/src/hpke.c.o
Compiling .pio/build/sticky/lib88b/Arduino-wolfSSL/wolfcrypt/src/integer.c.o
Compiling .pio/build/sticky/lib88b/Arduino-wolfSSL/wolfcrypt/src/kdf.c.o
Compiling .pio/build/sticky/lib88b/Arduino-wolfSSL/wolfcrypt/src/logging.c.o
Compiling .pio/build/sticky/lib88b/Arduino-wolfSSL/wolfcrypt/src/md2.c.o
Compiling .pio/build/sticky/lib88b/Arduino-wolfSSL/wolfcrypt/src/md4.c.o
Compiling .pio/build/sticky/lib88b/Arduino-wolfSSL/wolfcrypt/src/md5.c.o
Compiling .pio/build/sticky/lib88b/Arduino-wolfSSL/wolfcrypt/src/memory.c.o
Compiling .pio/build/sticky/lib88b/Arduino-wolfSSL/wolfcrypt/src/misc.c.o
Compiling .pio/build/sticky/lib88b/Arduino-wolfSSL/wolfcrypt/src/pkcs12.c.o
Compiling .pio/build/sticky/lib88b/Arduino-wolfSSL/wolfcrypt/src/pkcs7.c.o
Compiling .pio/build/sticky/lib88b/Arduino-wolfSSL/wolfcrypt/src/poly1305.c.o
Compiling .pio/build/sticky/lib88b/Arduino-wolfSSL/wolfcrypt/src/port/Espressif/esp32_aes.c.o
Compiling .pio/build/sticky/lib88b/Arduino-wolfSSL/wolfcrypt/src/port/Espressif/esp32_mp.c.o
Compiling .pio/build/sticky/lib88b/Arduino-wolfSSL/wolfcrypt/src/port/Espressif/esp32_sha.c.o
Compiling .pio/build/sticky/lib88b/Arduino-wolfSSL/wolfcrypt/src/port/Espressif/esp32_util.c.o
Compiling .pio/build/sticky/lib88b/Arduino-wolfSSL/wolfcrypt/src/port/Espressif/esp_sdk_mem_lib.c.o
Compiling .pio/build/sticky/lib88b/Arduino-wolfSSL/wolfcrypt/src/port/Espressif/esp_sdk_time_lib.c.o
Compiling .pio/build/sticky/lib88b/Arduino-wolfSSL/wolfcrypt/src/port/Espressif/esp_sdk_wifi_lib.c.o
Compiling .pio/build/sticky/lib88b/Arduino-wolfSSL/wolfcrypt/src/port/atmel/atmel.c.o
Compiling .pio/build/sticky/lib88b/Arduino-wolfSSL/wolfcrypt/src/pwdbased.c.o
Compiling .pio/build/sticky/lib88b/Arduino-wolfSSL/wolfcrypt/src/random.c.o
Compiling .pio/build/sticky/lib88b/Arduino-wolfSSL/wolfcrypt/src/rc2.c.o
Compiling .pio/build/sticky/lib88b/Arduino-wolfSSL/wolfcrypt/src/ripemd.c.o
Compiling .pio/build/sticky/lib88b/Arduino-wolfSSL/wolfcrypt/src/rsa.c.o
Compiling .pio/build/sticky/lib88b/Arduino-wolfSSL/wolfcrypt/src/sakke.c.o
Compiling .pio/build/sticky/lib88b/Arduino-wolfSSL/wolfcrypt/src/selftest.c.o
Compiling .pio/build/sticky/lib88b/Arduino-wolfSSL/wolfcrypt/src/sha.c.o
Compiling .pio/build/sticky/lib88b/Arduino-wolfSSL/wolfcrypt/src/sha256.c.o
Compiling .pio/build/sticky/lib88b/Arduino-wolfSSL/wolfcrypt/src/sha3.c.o
Compiling .pio/build/sticky/lib88b/Arduino-wolfSSL/wolfcrypt/src/sha512.c.o
Compiling .pio/build/sticky/lib88b/Arduino-wolfSSL/wolfcrypt/src/signature.c.o
Compiling .pio/build/sticky/lib88b/Arduino-wolfSSL/wolfcrypt/src/siphash.c.o
Compiling .pio/build/sticky/lib88b/Arduino-wolfSSL/wolfcrypt/src/sm2.c.o
Compiling .pio/build/sticky/lib88b/Arduino-wolfSSL/wolfcrypt/src/sm3.c.o
Compiling .pio/build/sticky/lib88b/Arduino-wolfSSL/wolfcrypt/src/sm4.c.o
Compiling .pio/build/sticky/lib88b/Arduino-wolfSSL/wolfcrypt/src/sp_arm32.c.o
Compiling .pio/build/sticky/lib88b/Arduino-wolfSSL/wolfcrypt/src/sp_arm64.c.o
Compiling .pio/build/sticky/lib88b/Arduino-wolfSSL/wolfcrypt/src/sp_armthumb.c.o
Compiling .pio/build/sticky/lib88b/Arduino-wolfSSL/wolfcrypt/src/sp_c32.c.o
Compiling .pio/build/sticky/lib88b/Arduino-wolfSSL/wolfcrypt/src/sp_c64.c.o
Compiling .pio/build/sticky/lib88b/Arduino-wolfSSL/wolfcrypt/src/sp_cortexm.c.o
Compiling .pio/build/sticky/lib88b/Arduino-wolfSSL/wolfcrypt/src/sp_dsp32.c.o
Compiling .pio/build/sticky/lib88b/Arduino-wolfSSL/wolfcrypt/src/sp_int.c.o
Compiling .pio/build/sticky/lib88b/Arduino-wolfSSL/wolfcrypt/src/sp_sm2_arm32.c.o
Compiling .pio/build/sticky/lib88b/Arduino-wolfSSL/wolfcrypt/src/sp_sm2_arm64.c.o
Compiling .pio/build/sticky/lib88b/Arduino-wolfSSL/wolfcrypt/src/sp_sm2_armthumb.c.o
Compiling .pio/build/sticky/lib88b/Arduino-wolfSSL/wolfcrypt/src/sp_sm2_c32.c.o
Compiling .pio/build/sticky/lib88b/Arduino-wolfSSL/wolfcrypt/src/sp_sm2_c64.c.o
Compiling .pio/build/sticky/lib88b/Arduino-wolfSSL/wolfcrypt/src/sp_sm2_cortexm.c.o
Compiling .pio/build/sticky/lib88b/Arduino-wolfSSL/wolfcrypt/src/sp_sm2_x86_64.c.o
Compiling .pio/build/sticky/lib88b/Arduino-wolfSSL/wolfcrypt/src/sp_x86_64.c.o
Compiling .pio/build/sticky/lib88b/Arduino-wolfSSL/wolfcrypt/src/sphincs.c.o
Compiling .pio/build/sticky/lib88b/Arduino-wolfSSL/wolfcrypt/src/srp.c.o
Compiling .pio/build/sticky/lib88b/Arduino-wolfSSL/wolfcrypt/src/tfm.c.o
Compiling .pio/build/sticky/lib88b/Arduino-wolfSSL/wolfcrypt/src/wc_dsp.c.o
Compiling .pio/build/sticky/lib88b/Arduino-wolfSSL/wolfcrypt/src/wc_encrypt.c.o
Compiling .pio/build/sticky/lib88b/Arduino-wolfSSL/wolfcrypt/src/wc_kyber.c.o
Compiling .pio/build/sticky/lib88b/Arduino-wolfSSL/wolfcrypt/src/wc_kyber_poly.c.o
Compiling .pio/build/sticky/lib88b/Arduino-wolfSSL/wolfcrypt/src/wc_lms.c.o
Compiling .pio/build/sticky/lib88b/Arduino-wolfSSL/wolfcrypt/src/wc_lms_impl.c.o
Compiling .pio/build/sticky/lib88b/Arduino-wolfSSL/wolfcrypt/src/wc_pkcs11.c.o
Compiling .pio/build/sticky/lib88b/Arduino-wolfSSL/wolfcrypt/src/wc_port.c.o
Compiling .pio/build/sticky/lib88b/Arduino-wolfSSL/wolfcrypt/src/wc_xmss.c.o
Compiling .pio/build/sticky/lib88b/Arduino-wolfSSL/wolfcrypt/src/wc_xmss_impl.c.o
Compiling .pio/build/sticky/lib88b/Arduino-wolfSSL/wolfcrypt/src/wolfcrypt_first.c.o
Compiling .pio/build/sticky/lib88b/Arduino-wolfSSL/wolfcrypt/src/wolfcrypt_last.c.o
Compiling .pio/build/sticky/lib88b/Arduino-wolfSSL/wolfcrypt/src/wolfevent.c.o
Compiling .pio/build/sticky/lib88b/Arduino-wolfSSL/wolfcrypt/src/wolfmath.c.o
Compiling .pio/build/sticky/lib88b/Arduino-wolfSSL/wolfssl/bio.c.o
Compiling .pio/build/sticky/lib88b/Arduino-wolfSSL/wolfssl/evp.c.o
Compiling .pio/build/sticky/lib641/SecureNet/SecureClient.cpp.o
Compiling .pio/build/sticky/libd10/Utf8/Utf8.cpp.o
Compiling .pio/build/sticky/lib4b9/uzlib/tinflate.c.o
Compiling .pio/build/sticky/libc58/InflateReader/InflateReader.cpp.o
Compiling .pio/build/sticky/lib9a6/Logging/Logging.cpp.o
Compiling .pio/build/sticky/lib7aa/FS/FS.cpp.o
Compiling .pio/build/sticky/lib7aa/FS/vfs_api.cpp.o
Compiling .pio/build/sticky/libe70/Preferences/Preferences.cpp.o
Compiling .pio/build/sticky/lib599/ReaderRuntime/ReaderOperationTrace.cpp.o
Compiling .pio/build/sticky/lib599/ReaderRuntime/ReaderRuntimePolicy.cpp.o
Compiling .pio/build/sticky/lib934/hal/HalClock.cpp.o
Compiling .pio/build/sticky/lib934/hal/HalDisplay.cpp.o
Compiling .pio/build/sticky/lib934/hal/HalGPIO.cpp.o
Compiling .pio/build/sticky/lib934/hal/HalPowerManager.cpp.o
Compiling .pio/build/sticky/lib934/hal/HalStorage.cpp.o
Compiling .pio/build/sticky/lib934/hal/HalSystem.cpp.o
Compiling .pio/build/sticky/lib934/hal/HalTiltSensor.cpp.o
Compiling .pio/build/sticky/libe3e/EpdFont/EpdFont.cpp.o
Compiling .pio/build/sticky/libe3e/EpdFont/EpdFontFamily.cpp.o
Compiling .pio/build/sticky/libe3e/EpdFont/FontDecompressor.cpp.o
Compiling .pio/build/sticky/libe3e/EpdFont/SdCardFont.cpp.o
Compiling .pio/build/sticky/libe3e/EpdFont/SdCardFontManager.cpp.o
Compiling .pio/build/sticky/libe3e/EpdFont/SdCardFontRegistry.cpp.o
Compiling .pio/build/sticky/libb22/MiniBidi/BidiUtils.cpp.o
Compiling .pio/build/sticky/libb22/MiniBidi/minibidi.c.o
Compiling .pio/build/sticky/lib825/Memory/BuildScratch.cpp.o
Compiling .pio/build/sticky/lib3eb/Serialization/ObfuscationUtils.cpp.o
Compiling .pio/build/sticky/lib3eb/Serialization/PersistableStore.cpp.o
Compiling .pio/build/sticky/libc6a/ExternalFont/ExternalFont.cpp.o
Compiling .pio/build/sticky/libc6a/ExternalFont/FontFilenameParser.cpp.o
Compiling .pio/build/sticky/libc6a/ExternalFont/FontManager.cpp.o
Compiling .pio/build/sticky/lib6d6/GfxRenderer/Bitmap.cpp.o
Compiling .pio/build/sticky/lib6d6/GfxRenderer/BitmapHelpers.cpp.o
Compiling .pio/build/sticky/lib6d6/GfxRenderer/ExternalFontHelpers.cpp.o
Compiling .pio/build/sticky/lib6d6/GfxRenderer/FontCacheManager.cpp.o
Compiling .pio/build/sticky/lib6d6/GfxRenderer/GfxRenderer.cpp.o
Compiling .pio/build/sticky/lib03a/FreeInkUI/FreeInkUI.cpp.o
Compiling .pio/build/sticky/libbb9/QRCode/qrcode.c.o
Compiling .pio/build/sticky/lib06e/JPEGDEC/JPEGDEC.cpp.o
Compiling .pio/build/sticky/lib06e/JPEGDEC/s3_simd_420.S.o
Compiling .pio/build/sticky/lib06e/JPEGDEC/s3_simd_444.S.o
Compiling .pio/build/sticky/lib06e/JPEGDEC/s3_simd_dequant.S.o
Compiling .pio/build/sticky/lib720/Ethernet/ETH.cpp.o
Compiling .pio/build/sticky/libf0e/NetworkClientSecure/NetworkClientSecure.cpp.o
Compiling .pio/build/sticky/libf0e/NetworkClientSecure/ssl_client.cpp.o
Compiling .pio/build/sticky/lib8b6/WebSockets/SocketIOclient.cpp.o
Compiling .pio/build/sticky/lib8b6/WebSockets/WebSockets.cpp.o
Compiling .pio/build/sticky/lib8b6/WebSockets/WebSocketsClient.cpp.o
Compiling .pio/build/sticky/lib8b6/WebSockets/WebSocketsServer.cpp.o
Compiling .pio/build/sticky/lib8b6/WebSockets/libb64/cdecode.c.o
Compiling .pio/build/sticky/lib8b6/WebSockets/libb64/cencode.c.o
Compiling .pio/build/sticky/lib8b6/WebSockets/libsha1/libsha1.c.o
Compiling .pio/build/sticky/libbee/I18n/I18n.cpp.o
Compiling .pio/build/sticky/libbee/I18n/I18nStrings.cpp.o
Compiling .pio/build/sticky/lib27d/FsHelpers/FsHelpers.cpp.o
Compiling .pio/build/sticky/lib27e/miniz/InflateStream.cpp.o
Compiling .pio/build/sticky/lib27e/miniz/miniz_impl.c.o
Compiling .pio/build/sticky/libf9c/ZipFile/ZipFile.cpp.o
Compiling .pio/build/sticky/lib1cb/expat/xmlparse.c.o
Compiling .pio/build/sticky/lib1cb/expat/xmlrole.c.o
Compiling .pio/build/sticky/lib1cb/expat/xmltok.c.o
Compiling .pio/build/sticky/lib6dd/JpegToBmpConverter/JpegToBmpConverter.cpp.o
Compiling .pio/build/sticky/lib607/PngToBmpConverter/PngToBmpConverter.cpp.o
Compiling .pio/build/sticky/lib100/Epub/Epub.cpp.o
Compiling .pio/build/sticky/lib100/Epub/Epub/BookMetadataCache.cpp.o
Compiling .pio/build/sticky/lib100/Epub/Epub/Page.cpp.o
Compiling .pio/build/sticky/lib100/Epub/Epub/ParsedText.cpp.o
Compiling .pio/build/sticky/lib100/Epub/Epub/Section.cpp.o
Compiling .pio/build/sticky/lib100/Epub/Epub/blocks/ImageBlock.cpp.o
Compiling .pio/build/sticky/lib100/Epub/Epub/blocks/TextBlock.cpp.o
Compiling .pio/build/sticky/lib100/Epub/Epub/converters/ImageDecoderFactory.cpp.o
Compiling .pio/build/sticky/lib100/Epub/Epub/converters/ImageDimsProbe.cpp.o
Compiling .pio/build/sticky/lib100/Epub/Epub/converters/ImageToFramebufferDecoder.cpp.o
Compiling .pio/build/sticky/lib100/Epub/Epub/converters/JpegToFramebufferConverter.cpp.o
Compiling .pio/build/sticky/lib100/Epub/Epub/converters/PngToFramebufferConverter.cpp.o
Compiling .pio/build/sticky/lib100/Epub/Epub/css/CssParser.cpp.o
Compiling .pio/build/sticky/lib100/Epub/Epub/htmlEntities.cpp.o
Compiling .pio/build/sticky/lib100/Epub/Epub/hyphenation/HyphenationCommon.cpp.o
Compiling .pio/build/sticky/lib100/Epub/Epub/hyphenation/Hyphenator.cpp.o
Compiling .pio/build/sticky/lib100/Epub/Epub/hyphenation/LanguageRegistry.cpp.o
Compiling .pio/build/sticky/lib100/Epub/Epub/hyphenation/LiangHyphenation.cpp.o
Compiling .pio/build/sticky/lib100/Epub/Epub/parsers/ChapterHtmlSlimParser.cpp.o
Compiling .pio/build/sticky/lib100/Epub/Epub/parsers/ContainerParser.cpp.o
Compiling .pio/build/sticky/lib100/Epub/Epub/parsers/ContentOpfParser.cpp.o
Compiling .pio/build/sticky/lib100/Epub/Epub/parsers/TocNavParser.cpp.o
Compiling .pio/build/sticky/lib100/Epub/Epub/parsers/TocNcxParser.cpp.o
Compiling .pio/build/sticky/libfc5/Xtc/Xtc.cpp.o
Compiling .pio/build/sticky/libfc5/Xtc/Xtc/XtcParser.cpp.o
Compiling .pio/build/sticky/libe5f/Txt/Txt.cpp.o
Compiling .pio/build/sticky/libbfd/OpdsParser/OpdsParser.cpp.o
Compiling .pio/build/sticky/libbfd/OpdsParser/OpdsStream.cpp.o
Compiling .pio/build/sticky/lib4b6/ESPmDNS/ESPmDNS.cpp.o
Compiling .pio/build/sticky/lib59e/AsyncUDP/AsyncUDP.cpp.o
Compiling .pio/build/sticky/lib147/DNSServer/DNSServer.cpp.o
Compiling .pio/build/sticky/lib71d/KOReaderSync/ChapterXPathResolver.cpp.o
Compiling .pio/build/sticky/lib71d/KOReaderSync/KOReaderCredentialStore.cpp.o
Compiling .pio/build/sticky/lib71d/KOReaderSync/KOReaderDocumentId.cpp.o
Compiling .pio/build/sticky/lib71d/KOReaderSync/KOReaderSyncClient.cpp.o
Compiling .pio/build/sticky/lib71d/KOReaderSync/ProgressMapper.cpp.o
Compiling .pio/build/sticky/lib92c/Hash/PBKDF2_HMACBuilder.cpp.o
Compiling .pio/build/sticky/lib92c/Hash/SHA1Builder.cpp.o
Compiling .pio/build/sticky/lib92c/Hash/SHA2Builder.cpp.o
Compiling .pio/build/sticky/lib92c/Hash/SHA3Builder.cpp.o
Compiling .pio/build/sticky/lib1ce/WebServer/Parsing.cpp.o
Compiling .pio/build/sticky/lib1ce/WebServer/WebServer.cpp.o
Compiling .pio/build/sticky/lib1ce/WebServer/detail/mimetable.cpp.o
Compiling .pio/build/sticky/lib1ce/WebServer/middleware/AuthenticationMiddleware.cpp.o
Compiling .pio/build/sticky/lib1ce/WebServer/middleware/CorsMiddleware.cpp.o
Compiling .pio/build/sticky/lib1ce/WebServer/middleware/LoggingMiddleware.cpp.o
Compiling .pio/build/sticky/lib1ce/WebServer/middleware/MiddlewareChain.cpp.o
Compiling .pio/build/sticky/src/CpfontValidator.cpp.o
Compiling .pio/build/sticky/src/CrossPointSettings.cpp.o
Compiling .pio/build/sticky/src/CrossPointState.cpp.o
Compiling .pio/build/sticky/src/FontInstaller.cpp.o
Compiling .pio/build/sticky/src/FontRepositoryStore.cpp.o
Compiling .pio/build/sticky/src/MappedInputManager.cpp.o
Compiling .pio/build/sticky/src/OpdsServerStore.cpp.o
Compiling .pio/build/sticky/src/RecentBooksStore.cpp.o
Compiling .pio/build/sticky/src/SdCardFontSystem.cpp.o
Compiling .pio/build/sticky/src/WifiCredentialStore.cpp.o
Compiling .pio/build/sticky/src/activities/Activity.cpp.o
Compiling .pio/build/sticky/src/activities/ActivityManager.cpp.o
Compiling .pio/build/sticky/src/activities/boot_sleep/BootActivity.cpp.o
Compiling .pio/build/sticky/src/activities/boot_sleep/SleepActivity.cpp.o
Compiling .pio/build/sticky/src/activities/browser/OpdsBookBrowserActivity.cpp.o
Compiling .pio/build/sticky/src/activities/home/CrashActivity.cpp.o
Compiling .pio/build/sticky/src/activities/home/FileBrowserActivity.cpp.o
Compiling .pio/build/sticky/src/activities/home/HomeActivity.cpp.o
Compiling .pio/build/sticky/src/activities/home/RecentBooksActivity.cpp.o
Compiling .pio/build/sticky/src/activities/network/CalibreConnectActivity.cpp.o
Compiling .pio/build/sticky/src/activities/network/CrossPointWebServerActivity.cpp.o
Compiling .pio/build/sticky/src/activities/network/NetworkModeSelectionActivity.cpp.o
Compiling .pio/build/sticky/src/activities/network/WifiSelectionActivity.cpp.o
Compiling .pio/build/sticky/src/activities/reader/DictionaryDefinitionActivity.cpp.o
Compiling .pio/build/sticky/src/activities/reader/DictionaryWordSelectActivity.cpp.o
Compiling .pio/build/sticky/src/activities/reader/EndOfBookOptions.cpp.o
Compiling .pio/build/sticky/src/activities/reader/EpubReaderActivity.cpp.o
Compiling .pio/build/sticky/src/activities/reader/EpubReaderBookmarksActivity.cpp.o
Compiling .pio/build/sticky/src/activities/reader/EpubReaderChapterSelectionActivity.cpp.o
Compiling .pio/build/sticky/src/activities/reader/EpubReaderFootnotesActivity.cpp.o
Compiling .pio/build/sticky/src/activities/reader/EpubReaderMenuActivity.cpp.o
Compiling .pio/build/sticky/src/activities/reader/EpubReaderPercentSelectionActivity.cpp.o
Compiling .pio/build/sticky/src/activities/reader/KOReaderSyncActivity.cpp.o
Compiling .pio/build/sticky/src/activities/reader/QrDisplayActivity.cpp.o
Compiling .pio/build/sticky/src/activities/reader/ReaderActivity.cpp.o
Compiling .pio/build/sticky/src/activities/reader/TxtReaderActivity.cpp.o
Compiling .pio/build/sticky/src/activities/reader/XtcReaderActivity.cpp.o
Compiling .pio/build/sticky/src/activities/reader/XtcReaderChapterSelectionActivity.cpp.o
Compiling .pio/build/sticky/src/activities/settings/BluetoothPageTurnSettingsActivity.cpp.o
Compiling .pio/build/sticky/src/activities/settings/ButtonRemapActivity.cpp.o
Compiling .pio/build/sticky/src/activities/settings/ClearCacheActivity.cpp.o
Compiling .pio/build/sticky/src/activities/settings/ClockOffsetActivity.cpp.o
Compiling .pio/build/sticky/src/activities/settings/ClockSyncActivity.cpp.o
Compiling .pio/build/sticky/src/activities/settings/FontDownloadActivity.cpp.o
Compiling .pio/build/sticky/src/activities/settings/FontRepositoryListActivity.cpp.o
Compiling .pio/build/sticky/src/activities/settings/FontSelectActivity.cpp.o
Compiling .pio/build/sticky/src/activities/settings/KOReaderAuthActivity.cpp.o
Compiling .pio/build/sticky/src/activities/settings/KOReaderSettingsActivity.cpp.o
Compiling .pio/build/sticky/src/activities/settings/LanguageSelectActivity.cpp.o
Compiling .pio/build/sticky/src/activities/settings/LineSpacingSelectionActivity.cpp.o
Compiling .pio/build/sticky/src/activities/settings/OpdsServerListActivity.cpp.o
Compiling .pio/build/sticky/src/activities/settings/OpdsSettingsActivity.cpp.o
Compiling .pio/build/sticky/src/activities/settings/OtaUpdateActivity.cpp.o
Compiling .pio/build/sticky/src/activities/settings/SdFirmwareUpdateActivity.cpp.o
Compiling .pio/build/sticky/src/activities/settings/SettingsActivity.cpp.o
Compiling .pio/build/sticky/src/activities/settings/StatusBarSettingsActivity.cpp.o
Compiling .pio/build/sticky/src/activities/settings/TextSettingsActivity.cpp.o
Compiling .pio/build/sticky/src/activities/settings/TextSettingsPreview.cpp.o
Compiling .pio/build/sticky/src/activities/util/BmpViewerActivity.cpp.o
Compiling .pio/build/sticky/src/activities/util/ConfirmationActivity.cpp.o
Compiling .pio/build/sticky/src/activities/util/FontPreviewActivity.cpp.o
Compiling .pio/build/sticky/src/activities/util/FullScreenMessageActivity.cpp.o
Compiling .pio/build/sticky/src/activities/util/IntervalSelectionActivity.cpp.o
Compiling .pio/build/sticky/src/activities/util/KeyboardEntryActivity.cpp.o
Compiling .pio/build/sticky/src/components/UITheme.cpp.o
Compiling .pio/build/sticky/src/components/themes/BaseTheme.cpp.o
Compiling .pio/build/sticky/src/components/themes/lyra/Lyra3CoversTheme.cpp.o
Compiling .pio/build/sticky/src/components/themes/lyra/LyraTheme.cpp.o
Compiling .pio/build/sticky/src/components/themes/roundedraff/RoundedRaffTheme.cpp.o
Compiling .pio/build/sticky/src/input/BluetoothPageTurnManager.cpp.o
Compiling .pio/build/sticky/src/input/BluetoothPageTurnReportParser.cpp.o
Compiling .pio/build/sticky/src/input/BluetoothPageTurnState.cpp.o
Compiling .pio/build/sticky/src/main.cpp.o
Compiling .pio/build/sticky/src/network/CrossPointWebServer.cpp.o
Compiling .pio/build/sticky/src/network/FirmwareInstaller.cpp.o
Compiling .pio/build/sticky/src/network/HttpDownloader.cpp.o
Compiling .pio/build/sticky/src/network/OtaUpdater.cpp.o
Compiling .pio/build/sticky/src/network/SdFirmwareUpdater.cpp.o
Compiling .pio/build/sticky/src/network/StoragePathPolicy.cpp.o
Compiling .pio/build/sticky/src/network/WebDAVHandler.cpp.o
Compiling .pio/build/sticky/src/platform/app_description.cpp.o
Compiling .pio/build/sticky/src/platform/skip_efuse_blk_check.c.o
Compiling .pio/build/sticky/src/util/BookCacheUtils.cpp.o
Compiling .pio/build/sticky/src/util/BookmarkFile.cpp.o
Compiling .pio/build/sticky/src/util/BookmarkUtil.cpp.o
Compiling .pio/build/sticky/src/util/ButtonNavigator.cpp.o
Compiling .pio/build/sticky/src/util/DictZip.cpp.o
Compiling .pio/build/sticky/src/util/Dictionary.cpp.o
Compiling .pio/build/sticky/src/util/DictionaryRegistry.cpp.o
Compiling .pio/build/sticky/src/util/ExternalFontLabel.cpp.o
Compiling .pio/build/sticky/src/util/FileTypeUtils.cpp.o
Compiling .pio/build/sticky/src/util/FontManifest.cpp.o
Compiling .pio/build/sticky/src/util/FontRepositoryUtil.cpp.o
Compiling .pio/build/sticky/src/util/HtmlToPlainText.cpp.o
Compiling .pio/build/sticky/src/util/NextBookFinder.cpp.o
Compiling .pio/build/sticky/src/util/OpdsFilename.cpp.o
Compiling .pio/build/sticky/src/util/QrUtils.cpp.o
Compiling .pio/build/sticky/src/util/ScreenshotUtil.cpp.o
Compiling .pio/build/sticky/src/util/StringUtils.cpp.o
Compiling .pio/build/sticky/src/util/UrlUtils.cpp.o
Building .pio/build/sticky/bootloader.bin
esptool v5.1.2
Creating ESP32S3 image...
Merged 2 ELF sections.
Successfully created ESP32S3 image.
Generating partitions .pio/build/sticky/partitions.bin
Compiling .pio/build/sticky/FrameworkArduino/ColorFormat.c.o
Compiling .pio/build/sticky/FrameworkArduino/Esp.cpp.o
Compiling .pio/build/sticky/FrameworkArduino/FirmwareMSC.cpp.o
Compiling .pio/build/sticky/FrameworkArduino/FunctionalInterrupt.cpp.o
Compiling .pio/build/sticky/FrameworkArduino/HEXBuilder.cpp.o
Compiling .pio/build/sticky/FrameworkArduino/HWCDC.cpp.o
Compiling .pio/build/sticky/FrameworkArduino/HardwareSerial.cpp.o
Compiling .pio/build/sticky/FrameworkArduino/HashBuilder.cpp.o
Compiling .pio/build/sticky/FrameworkArduino/IPAddress.cpp.o
Compiling .pio/build/sticky/FrameworkArduino/MD5Builder.cpp.o
Compiling .pio/build/sticky/FrameworkArduino/MacAddress.cpp.o
Compiling .pio/build/sticky/FrameworkArduino/Print.cpp.o
Compiling .pio/build/sticky/FrameworkArduino/Stream.cpp.o
Compiling .pio/build/sticky/FrameworkArduino/StreamString.cpp.o
Compiling .pio/build/sticky/FrameworkArduino/Tone.cpp.o
Compiling .pio/build/sticky/FrameworkArduino/USB.cpp.o
Compiling .pio/build/sticky/FrameworkArduino/USBCDC.cpp.o
Compiling .pio/build/sticky/FrameworkArduino/USBMSC.cpp.o
Compiling .pio/build/sticky/FrameworkArduino/WMath.cpp.o
Compiling .pio/build/sticky/FrameworkArduino/WString.cpp.o
Compiling .pio/build/sticky/FrameworkArduino/base64.cpp.o
Compiling .pio/build/sticky/FrameworkArduino/cbuf.cpp.o
Compiling .pio/build/sticky/FrameworkArduino/chip-debug-report.cpp.o
Compiling .pio/build/sticky/FrameworkArduino/esp32-hal-adc.c.o
Compiling .pio/build/sticky/FrameworkArduino/esp32-hal-bt.c.o
Compiling .pio/build/sticky/FrameworkArduino/esp32-hal-cpu.c.o
Compiling .pio/build/sticky/FrameworkArduino/esp32-hal-dac.c.o
Compiling .pio/build/sticky/FrameworkArduino/esp32-hal-gpio.c.o
Compiling .pio/build/sticky/FrameworkArduino/esp32-hal-hosted.c.o
Compiling .pio/build/sticky/FrameworkArduino/esp32-hal-i2c-ng.c.o
Compiling .pio/build/sticky/FrameworkArduino/esp32-hal-i2c-slave.c.o
Compiling .pio/build/sticky/FrameworkArduino/esp32-hal-i2c.c.o
Compiling .pio/build/sticky/FrameworkArduino/esp32-hal-ledc.c.o
Compiling .pio/build/sticky/FrameworkArduino/esp32-hal-log-wrapper.c.o
Compiling .pio/build/sticky/FrameworkArduino/esp32-hal-matrix.c.o
Compiling .pio/build/sticky/FrameworkArduino/esp32-hal-misc.c.o
Compiling .pio/build/sticky/FrameworkArduino/esp32-hal-periman.c.o
Compiling .pio/build/sticky/FrameworkArduino/esp32-hal-psram.c.o
Compiling .pio/build/sticky/FrameworkArduino/esp32-hal-rgb-led.c.o
Compiling .pio/build/sticky/FrameworkArduino/esp32-hal-rmt.c.o
Compiling .pio/build/sticky/FrameworkArduino/esp32-hal-sigmadelta.c.o
Compiling .pio/build/sticky/FrameworkArduino/esp32-hal-spi.c.o
Compiling .pio/build/sticky/FrameworkArduino/esp32-hal-time.c.o
Compiling .pio/build/sticky/FrameworkArduino/esp32-hal-timer.c.o
Compiling .pio/build/sticky/FrameworkArduino/esp32-hal-tinyusb.c.o
Compiling .pio/build/sticky/FrameworkArduino/esp32-hal-touch-ng.c.o
Compiling .pio/build/sticky/FrameworkArduino/esp32-hal-touch.c.o
Compiling .pio/build/sticky/FrameworkArduino/esp32-hal-uart.c.o
Compiling .pio/build/sticky/FrameworkArduino/firmware_msc_fat.c.o
Compiling .pio/build/sticky/FrameworkArduino/freertos_stats.cpp.o
Compiling .pio/build/sticky/FrameworkArduino/idf_openthread_mpool_wrapper.c.o
Compiling .pio/build/sticky/FrameworkArduino/libb64/cdecode.c.o
Compiling .pio/build/sticky/FrameworkArduino/libb64/cencode.c.o
Compiling .pio/build/sticky/FrameworkArduino/main.cpp.o
Compiling .pio/build/sticky/FrameworkArduino/stdlib_noniso.c.o
Compiling .pio/build/sticky/FrameworkArduino/wiring_pulse.c.o
Compiling .pio/build/sticky/FrameworkArduino/wiring_shift.c.o
Archiving .pio/build/sticky/libFrameworkArduino.a
Indexing .pio/build/sticky/libFrameworkArduino.a
Linking .pio/build/sticky/firmware.elf
                            Memory Type Usage Summary                             
┏━━━━━━━━━━━━━━━━━━━━━┳━━━━━━━━━━━━━━┳━━━━━━━━━━┳━━━━━━━━━━━━━━━━┳━━━━━━━━━━━━━━━┓
┃ Memory Type/Section ┃ Used [bytes] ┃ Used [%] ┃ Remain [bytes] ┃ Total [bytes] ┃
┡━━━━━━━━━━━━━━━━━━━━━╇━━━━━━━━━━━━━━╇━━━━━━━━━━╇━━━━━━━━━━━━━━━━╇━━━━━━━━━━━━━━━┩
│ Flash Data          │      4448780 │          │                │               │
│    .rodata          │      4448524 │          │                │               │
│    .appdesc         │          256 │          │                │               │
│ Flash Code          │      1908456 │          │                │               │
│    .text            │      1908456 │          │                │               │
│ DIRAM               │       133711 │    39.12 │         208049 │        341760 │
│    .text            │        66387 │    19.43 │                │               │
│    .bss             │        42248 │    12.36 │                │               │
│    .data            │        25076 │     7.34 │                │               │
│ IRAM                │        16384 │    100.0 │              0 │         16384 │
│    .text            │        15356 │    93.73 │                │               │
│    .vectors         │         1028 │     6.27 │                │               │
│ RTC SLOW            │         5560 │     72.4 │           2120 │          7680 │
│    .rtc_noinit      │         5560 │     72.4 │                │               │
│ RTC FAST            │           92 │     1.12 │           8100 │          8192 │
│    .text            │           92 │     1.12 │                │               │
└─────────────────────┴──────────────┴──────────┴────────────────┴───────────────┘
Retrieving maximum program size .pio/build/sticky/firmware.elf
Checking size .pio/build/sticky/firmware.elf
Advanced Memory Usage is available via "PlatformIO Home > Project Inspect"
RAM:   [==        ]  20.5% (used 67324 bytes from 327680 bytes)
Flash: [========= ]  94.9% (used 6464827 bytes from 6815744 bytes)
Building .pio/build/sticky/firmware.bin
esptool v5.1.2
Creating ESP32S3 image...
Merged 3 ELF sections.
Successfully created ESP32S3 image.
======================== [SUCCESS] Took 192.16 seconds ========================

Environment    Status    Duration
-------------  --------  ------------
sticky         SUCCESS   00:03:12.160
========================= 1 succeeded in 00:03:12.160 =========================
*** Original Arduino "idf_component.yml" restored ***
Building .pio/build/sticky/firmware.bin
esptool v5.1.2
Creating ESP32S3 image...
Merged 3 ELF sections.
Successfully created ESP32S3 image.
======================== [SUCCESS] Took 619.96 seconds ========================

Environment    Status    Duration
-------------  --------  ------------
sticky         SUCCESS   00:10:19.957
========================= 1 succeeded in 00:10:19.957 =========================
